Train.Red Export for,100 % Session at 04/02/2026 15:02
-------------------------------------------------------------
Measurement Date,2026-02-04T15:02:03.526534
Type,free
Sport,endurance
Focus,perform
Number of Sensors,2
Samples,14099
Measurement Duration,11:49
Distance,0 m
MSS Avg,1.50
TSI Min,6.60
TSI Max,100.52
TSI Avg,68.23

Muscle states
Rest,07:48
Easy,05:24
Medi,04:02
Hard,02:24
Load,03:58



Sensor 1,Train.Red FYER
-------------------------------------------------------------
Sensor DataType,expertV13
Sensor ID,Train.Red FYER 1104
Mac Address,D3:21:A7:E6:9F:A2
Firmware Version,
Sensor Position,bicepsRight
Initial TSI,82.40
Initial HBDiff,28.16
Initial o2Hb,55.55
Initial HHb,28.75
Tsi Var,12.0
Filter Id,6
MSS Avg,0
TSI Min,6.60
TSI Max,100.52
TSI Avg,71.38


Sensor 2,Train.Red FYER
-------------------------------------------------------------
Sensor DataType,expertV13
Sensor ID,Train.Red FYER 1258
Mac Address,D8:E1:2F:2F:36:F9
Firmware Version,
Sensor Position,bicepsRight
Initial TSI,65.91
Initial HBDiff,32.25
Initial o2Hb,36.73
Initial HHb,4.28
Tsi Var,12.0
Filter Id,6
MSS Avg,3
TSI Min,45.32
TSI Max,71.67
TSI Avg,65.09
,,,Train.Red FYER 1104,,,,,,,,,,Train.Red FYER 1258,,,,,,,,,
Timestamp (seconds passed),Lap/Event,,SmO2,HBDiff,Muscle state,Muscle trend,SmO2 unfiltered,O2HB unfiltered,HHb unfiltered,THb unfiltered,HBDiff unfiltered,,SmO2,HBDiff,Muscle state,Muscle trend,SmO2 unfiltered,O2HB unfiltered,HHb unfiltered,THb unfiltered,HBDiff unfiltered
0.06,0,,82.39,28.19,0,2,82.83,29.86,21.03,135.19,35.63,,65.90,32.24,0,2,65.63,-0.79,-0.06,40.16,31.72
0.24,0,,82.40,28.33,0,2,83.75,23.60,18.69,126.59,31.71,,65.90,32.24,0,2,65.66,-0.85,-0.07,40.09,31.67
0.27,0,,82.40,28.33,0,2,83.75,23.60,18.69,126.59,31.71,,65.90,32.23,0,2,65.15,-0.96,-0.03,40.02,31.52
0.37,0,,82.42,28.42,0,2,82.02,23.68,18.08,126.06,32.40,,65.89,32.22,0,2,64.96,-0.88,-0.02,40.11,31.59
0.48,0,,82.46,28.65,0,2,82.36,24.45,19.30,128.05,31.95,,65.88,32.21,0,2,65.56,-0.75,0.00,40.26,31.70
0.57,0,,82.46,28.65,0,2,82.36,24.45,19.30,128.05,31.95,,65.87,32.20,0,2,65.55,-0.75,0.02,40.28,31.68
0.66,0,,82.48,28.77,0,2,83.90,25.52,19.91,129.73,32.41,,65.86,32.18,0,2,65.55,-0.80,-0.03,40.18,31.68
0.78,0,,82.54,29.04,0,2,82.57,27.73,21.01,133.04,33.52,,65.84,32.16,0,2,65.50,-0.84,-0.06,40.11,31.67
0.87,0,,82.54,29.04,0,2,82.57,27.73,21.01,133.04,33.52,,65.83,32.15,0,2,65.55,-0.92,-0.05,40.04,31.58
0.99,0,,82.58,29.35,0,2,80.29,28.80,21.93,135.03,33.67,,65.82,32.13,0,2,65.96,-0.99,-0.10,39.92,31.56
1.08,0,,82.58,29.52,0,2,82.54,29.60,22.23,136.13,34.17,,65.80,32.11,0,2,66.31,-1.09,-0.15,39.77,31.51
1.17,0,,82.58,29.52,0,2,82.54,29.60,22.23,136.13,34.17,,65.80,32.08,0,2,65.64,-1.11,-0.16,39.74,31.50
1.26,0,,82.57,29.70,0,2,81.35,29.91,22.54,136.75,34.17,,65.79,32.06,0,2,64.96,-0.96,-0.16,39.89,31.65
1.38,0,,82.55,30.07,0,2,81.70,29.78,22.55,136.63,34.03,,65.78,32.04,0,2,66.29,-0.93,-0.17,39.91,31.69
1.47,0,,82.55,30.07,0,2,81.70,29.78,22.55,136.63,34.03,,65.77,32.01,0,2,65.65,-0.94,-0.14,39.93,31.65
1.56,0,,82.54,30.27,0,2,82.85,29.33,22.34,135.97,33.79,,65.76,31.99,0,2,65.65,-0.99,-0.11,39.91,31.57
1.74,0,,82.53,30.65,0,2,82.32,28.50,21.36,134.16,33.94,,65.75,31.97,0,2,65.56,-1.15,-0.14,39.72,31.44
1.77,0,,82.52,30.85,0,2,79.95,28.42,21.16,133.88,34.06,,65.75,31.95,0,2,65.92,-1.19,-0.17,39.65,31.43
1.86,0,,82.52,30.85,0,2,79.95,28.42,21.16,133.88,34.06,,65.74,31.92,0,2,65.87,-1.07,-0.18,39.76,31.56
1.98,0,,82.49,31.22,0,2,83.06,27.50,21.03,132.83,33.27,,65.73,31.90,0,2,65.11,-0.89,-0.13,39.99,31.69
2.07,0,,82.48,31.40,0,2,83.79,27.37,21.14,132.81,33.03,,65.73,31.88,0,2,65.46,-0.89,-0.07,40.05,31.63
2.16,0,,82.48,31.40,0,2,83.79,27.37,21.14,132.81,33.03,,65.72,31.85,0,2,65.89,-0.93,-0.14,39.94,31.66
2.28,0,,82.47,31.73,0,2,83.08,28.21,21.73,134.24,33.28,,65.71,31.83,0,2,65.37,-0.92,-0.20,39.89,31.73
2.37,0,,82.47,31.89,0,2,82.70,28.66,22.10,135.06,33.36,,65.71,31.82,0,2,66.19,-1.03,-0.21,39.77,31.63
2.49,0,,82.47,32.03,0,2,83.42,28.70,22.02,135.02,33.48,,65.70,31.80,0,2,65.78,-1.09,-0.25,39.67,31.61
2.58,0,,82.48,32.17,0,2,82.00,28.14,21.65,134.09,33.29,,65.70,31.78,0,2,65.83,-1.14,-0.24,39.63,31.55
2.67,0,,82.48,32.17,0,2,82.00,28.14,21.65,134.09,33.29,,65.70,31.76,0,2,65.84,-1.11,-0.25,39.65,31.59
2.76,0,,82.49,32.30,0,2,85.88,28.41,21.74,134.45,33.47,,65.69,31.75,0,2,65.88,-0.94,-0.24,39.83,31.75
2.88,0,,82.53,32.54,0,2,82.66,28.79,22.07,135.16,33.52,,65.69,31.73,0,2,65.49,-1.01,-0.21,39.79,31.65
2.97,0,,82.55,32.66,0,2,82.59,28.80,22.05,135.15,33.55,,65.69,31.72,0,2,65.96,-1.14,-0.31,39.56,31.62
3.06,0,,82.55,32.66,0,2,82.59,28.80,22.05,135.15,33.55,,65.70,31.71,0,2,66.48,-1.09,-0.41,39.51,31.77
3.24,0,,82.59,32.86,0,2,83.38,29.42,22.56,136.28,33.66,,65.70,31.70,0,2,65.66,-1.15,-0.43,39.43,31.73
3.27,0,,82.61,32.96,0,2,82.33,29.37,22.48,136.15,33.69,,65.70,31.69,0,2,65.86,-1.33,-0.46,39.22,31.58
3.36,0,,82.61,32.96,0,2,82.33,29.37,22.48,136.15,33.69,,65.71,31.68,0,2,66.07,-1.36,-0.54,39.11,31.63
3.48,0,,82.64,33.13,0,2,84.45,29.68,22.91,136.89,33.57,,65.71,31.67,0,2,65.64,-1.30,-0.55,39.16,31.70
3.57,0,,82.66,33.21,0,2,82.60,30.13,22.94,137.37,33.99,,65.72,31.66,0,2,66.46,-1.30,-0.55,39.16,31.70
3.66,0,,82.66,33.21,0,2,82.60,30.13,22.94,137.37,33.99,,65.73,31.65,0,2,65.72,-1.29,-0.62,39.10,31.78
3.78,0,,82.70,33.36,0,2,82.40,29.94,23.05,137.29,33.69,,65.74,31.65,0,2,65.65,-1.32,-0.60,39.09,31.73
3.87,0,,82.72,33.42,0,2,85.06,29.66,22.85,136.81,33.61,,65.74,31.64,0,2,65.34,-1.45,-0.57,38.99,31.57
3.99,0,,82.75,33.48,0,2,84.34,29.88,22.81,136.99,33.87,,65.75,31.64,0,2,65.74,-1.47,-0.63,38.91,31.61
4.08,0,,82.78,33.54,0,2,82.63,29.54,22.57,136.41,33.77,,65.75,31.64,0,2,65.97,-1.41,-0.63,38.97,31.67
4.17,0,,82.78,33.54,0,2,82.63,29.54,22.57,136.41,33.77,,65.75,31.63,0,2,65.68,-1.39,-0.59,39.03,31.65
4.26,0,,82.81,33.59,0,2,84.13,28.83,22.26,135.39,33.37,,65.76,31.63,0,2,66.71,-1.25,-0.57,39.19,31.77
4.38,0,,82.88,33.67,0,2,82.86,28.66,21.68,134.64,33.78,,65.77,31.63,0,2,66.11,-1.25,-0.57,39.19,31.77
4.47,0,,82.91,33.70,0,2,83.44,27.87,21.43,133.60,33.24,,65.78,31.63,0,2,66.39,-1.33,-0.62,39.06,31.74
4.56,0,,82.91,33.70,0,2,83.44,27.87,21.43,133.60,33.24,,65.79,31.63,0,2,66.01,-1.31,-0.66,39.04,31.80
4.74,0,,82.96,33.76,0,2,81.83,27.82,21.24,133.36,33.38,,65.80,31.63,0,2,66.06,-1.42,-0.64,38.95,31.67
4.77,0,,82.96,33.76,0,2,81.83,27.82,21.24,133.36,33.38,,65.81,31.63,0,2,65.83,-1.50,-0.67,38.84,31.62
4.86,0,,82.98,33.78,0,2,83.16,27.43,20.90,132.63,33.33,,65.82,31.63,0,2,66.35,-1.38,-0.73,38.90,31.80
4.98,0,,83.02,33.80,0,2,83.44,27.12,20.87,132.29,33.05,,65.84,31.63,0,2,66.38,-1.21,-0.74,39.06,31.98
5.07,0,,83.04,33.80,0,2,83.69,27.01,20.86,132.17,32.95,,65.85,31.64,0,2,66.50,-1.13,-0.76,39.12,32.08
5.16,0,,83.04,33.80,0,2,83.69,27.01,20.86,132.17,32.95,,65.87,31.64,0,2,66.30,-1.03,-0.90,39.08,32.32
5.28,0,,83.07,33.79,0,2,84.17,25.96,20.47,130.73,32.29,,65.89,31.65,0,2,66.25,-0.89,-1.03,39.09,32.59
5.37,0,,83.09,33.77,0,2,82.26,25.79,20.45,130.54,32.14,,65.91,31.66,0,2,66.30,-0.93,-1.04,39.04,32.56
5.49,0,,83.10,33.75,0,2,84.81,25.49,20.46,130.25,31.83,,65.92,31.68,0,2,66.66,-0.93,-1.08,39.00,32.60
5.58,0,,83.12,33.71,0,2,83.38,25.33,20.41,130.04,31.72,,65.95,31.70,0,2,66.74,-0.75,-1.12,39.14,32.82
5.67,0,,83.12,33.71,0,2,83.38,25.33,20.41,130.04,31.72,,65.97,31.73,0,2,66.35,-0.71,-1.14,39.16,32.88
5.76,0,,83.14,33.67,0,2,83.56,25.32,20.34,129.96,31.78,,65.99,31.76,0,2,66.79,-0.80,-1.16,39.05,32.81
5.88,0,,83.18,33.57,0,2,82.65,24.42,19.92,128.64,31.30,,66.02,31.79,0,2,66.49,-0.87,-1.19,38.95,32.77
5.97,0,,83.20,33.51,0,2,83.01,24.34,19.84,128.48,31.30,,66.04,31.82,0,2,66.11,-0.93,-1.21,38.87,32.73
6.06,0,,83.20,33.51,0,2,83.01,24.34,19.84,128.48,31.30,,66.07,31.86,0,2,66.81,-0.96,-1.26,38.79,32.75
6.24,0,,83.23,33.36,0,2,84.07,24.21,19.58,128.09,31.43,,66.09,31.90,0,2,67.01,-1.03,-1.33,38.65,32.75
6.27,0,,83.24,33.29,0,2,84.10,24.49,19.57,128.36,31.72,,66.12,31.94,0,2,66.56,-1.06,-1.36,38.59,32.75
6.36,0,,83.24,33.29,0,2,84.10,24.49,19.57,128.36,31.72,,66.15,31.98,0,2,66.92,-0.91,-1.37,38.73,32.91
6.48,0,,83.28,33.13,0,2,85.24,23.78,19.42,127.50,31.16,,66.17,32.02,0,2,66.61,-0.86,-1.34,38.81,32.93
6.57,0,,83.31,33.04,0,2,84.32,24.00,19.20,127.50,31.60,,66.20,32.06,0,2,66.13,-0.98,-1.36,38.67,32.83
6.66,0,,83.31,33.04,0,2,84.32,24.00,19.20,127.50,31.60,,66.23,32.10,0,2,67.02,-0.99,-1.40,38.62,32.86
6.78,0,,83.37,32.88,0,2,82.77,23.34,18.80,126.44,31.34,,66.26,32.14,0,2,67.09,-1.01,-1.43,38.57,32.87
6.87,0,,83.40,32.79,0,2,83.16,23.86,18.84,127.00,31.82,,66.28,32.18,0,2,66.32,-1.13,-1.44,38.44,32.76
6.99,0,,83.42,32.71,0,2,83.29,23.66,18.80,126.76,31.66,,66.31,32.22,0,2,66.70,-1.22,-1.46,38.33,32.69
7.08,0,,83.44,32.63,0,2,84.04,23.42,18.53,126.25,31.69,,66.34,32.26,0,2,66.58,-1.22,-1.53,38.26,32.76
7.17,0,,83.44,32.63,0,2,84.04,23.42,18.53,126.25,31.69,,66.36,32.30,0,2,66.32,-1.14,-1.49,38.38,32.80
7.26,0,,83.46,32.56,0,2,83.75,23.47,18.46,126.23,31.81,,66.38,32.34,0,2,66.80,-1.02,-1.47,38.52,32.90
7.38,0,,83.50,32.41,0,2,84.17,22.85,17.95,125.10,31.70,,66.40,32.37,0,2,67.31,-1.01,-1.52,38.48,32.96
7.47,0,,83.52,32.35,0,2,83.45,23.02,17.93,125.25,31.89,,66.43,32.41,0,2,66.68,-1.07,-1.54,38.40,32.92
7.56,0,,83.52,32.35,0,2,83.45,23.02,17.93,125.25,31.89,,66.45,32.44,0,2,66.53,-1.14,-1.56,38.31,32.87
7.74,0,,83.56,32.23,0,2,83.31,23.01,17.69,125.00,32.12,,66.47,32.48,0,2,66.77,-1.21,-1.57,38.23,32.81
7.78,0,,83.57,32.18,0,2,82.46,22.73,17.38,124.41,32.15,,66.50,32.51,0,2,66.83,-1.27,-1.59,38.15,32.77
7.86,0,,83.57,32.18,0,2,82.46,22.73,17.38,124.41,32.15,,66.52,32.54,0,2,66.78,-1.16,-1.62,38.23,32.91
7.98,0,,83.57,32.09,0,2,82.73,22.74,16.97,124.01,32.57,,66.54,32.57,0,2,66.32,-1.04,-1.61,38.36,33.02
8.07,0,,83.57,32.06,0,2,82.83,22.76,16.90,123.96,32.66,,66.55,32.60,0,2,67.19,-1.11,-1.59,38.31,32.93
8.16,0,,83.57,32.06,0,2,82.83,22.76,16.90,123.96,32.66,,66.57,32.62,0,2,66.71,-1.09,-1.62,38.30,32.98
8.28,0,,83.55,32.01,0,2,82.49,22.29,16.67,123.26,32.42,,66.59,32.65,0,2,67.35,-0.99,-1.64,38.38,33.10
8.37,0,,83.53,31.99,0,2,82.89,22.21,16.38,122.89,32.63,,66.61,32.68,0,2,67.06,-1.03,-1.60,38.38,33.02
8.49,0,,83.51,31.98,0,2,81.34,22.30,16.14,122.74,32.96,,66.63,32.70,0,2,66.84,-1.03,-1.59,38.39,33.01
8.58,0,,83.48,31.98,0,2,83.21,22.03,15.92,122.25,32.91,,66.65,32.73,0,2,67.24,-0.90,-1.57,38.54,33.12
8.67,0,,83.48,31.98,0,2,83.21,22.03,15.92,122.25,32.91,,66.67,32.75,0,2,67.49,-0.72,-1.55,38.74,33.28
8.76,0,,83.45,31.98,0,2,82.29,22.14,15.94,122.38,33.00,,66.69,32.78,0,2,66.57,-0.60,-1.59,38.82,33.44
8.88,0,,83.38,32.00,0,2,81.12,21.91,15.77,121.98,32.94,,66.71,32.80,0,2,66.35,-0.65,-1.49,38.87,33.29
8.97,0,,83.34,32.02,0,2,81.29,21.85,15.58,121.73,33.07,,66.73,32.83,0,2,66.57,-0.71,-1.42,38.88,33.16
9.06,0,,83.34,32.02,0,2,81.29,21.85,15.58,121.73,33.07,,66.75,32.86,0,2,67.01,-0.67,-1.50,38.84,33.28
9.24,0,,83.23,32.07,0,2,82.98,21.55,15.42,121.27,32.93,,66.76,32.88,0,2,67.11,-0.63,-1.49,38.89,33.31
9.27,0,,83.17,32.10,0,2,81.49,21.92,15.50,121.72,33.22,,66.77,32.91,0,2,66.96,-0.45,-1.42,39.14,33.42
9.36,0,,83.17,32.10,0,2,81.49,21.92,15.50,121.72,33.22,,66.79,32.93,0,2,67.33,-0.23,-1.39,39.39,33.61
9.48,0,,83.06,32.16,0,2,82.81,22.11,15.56,121.97,33.35,,66.80,32.96,0,2,66.92,-0.22,-1.37,39.42,33.60
9.57,0,,83.00,32.20,0,2,80.94,22.05,15.26,121.61,33.59,,66.82,32.98,0,2,67.15,-0.24,-1.35,39.42,33.56
9.66,0,,83.00,32.20,0,2,80.94,22.05,15.26,121.61,33.59,,66.83,33.01,0,2,67.11,-0.16,-1.34,39.51,33.63
9.78,0,,82.89,32.29,0,2,80.98,21.65,15.01,120.96,33.44,,66.85,33.04,0,2,66.57,-0.13,-1.35,39.53,33.67
9.87,0,,82.82,32.34,0,2,81.14,21.92,15.02,121.24,33.70,,66.86,33.07,0,2,66.67,-0.18,-1.32,39.51,33.59
9.99,0,,82.76,32.39,0,1,81.43,22.04,15.12,121.46,33.72,,66.87,33.10,0,2,67.12,0.03,-1.33,39.71,33.81
10.08,0,,82.69,32.44,0,1,81.02,21.80,15.03,121.13,33.57,,66.88,33.13,0,2,67.14,0.25,-1.30,39.96,34.00
10.17,0,,82.69,32.44,0,1,81.02,21.80,15.03,121.13,33.57,,66.89,33.16,0,1,67.15,0.24,-1.24,40.01,33.93
10.26,0,,82.62,32.49,0,1,80.22,21.78,14.75,120.83,33.83,,66.90,33.20,0,1,67.07,0.34,-1.27,40.08,34.06
10.38,0,,82.47,32.61,0,1,81.76,21.44,14.70,120.44,33.54,,66.91,33.23,0,1,67.07,0.38,-1.22,40.17,34.05
10.47,0,,82.39,32.66,0,1,79.51,21.41,14.70,120.41,33.51,,66.92,33.27,0,1,66.94,0.31,-1.21,40.11,33.97
10.56,0,,82.39,32.66,0,1,79.51,21.41,14.70,120.41,33.51,,66.93,33.30,0,1,66.97,0.33,-1.25,40.09,34.03
10.74,0,,82.23,32.78,1,0,80.24,21.24,14.55,120.09,33.49,,66.94,33.34,0,1,67.35,0.28,-1.20,40.09,33.93
10.77,0,,82.15,32.83,1,0,80.06,21.33,14.40,120.03,33.73,,66.95,33.37,0,1,67.13,0.27,-1.20,40.08,33.92
10.86,0,,82.15,32.83,1,0,80.06,21.33,14.40,120.03,33.73,,66.96,33.41,0,1,67.26,0.50,-1.22,40.29,34.17
10.98,0,,81.98,32.94,1,0,80.92,22.10,15.10,121.50,33.80,,66.97,33.45,0,1,67.50,0.63,-1.22,40.42,34.30
11.07,0,,81.89,32.99,1,0,80.46,22.98,15.42,122.70,34.36,,66.98,33.48,0,1,66.94,0.63,-1.25,40.39,34.33
11.16,0,,81.89,32.99,1,0,80.46,22.98,15.42,122.70,34.36,,67.00,33.52,0,1,67.31,0.68,-1.24,40.45,34.37
11.28,0,,81.73,33.10,1,0,80.34,24.03,16.36,124.69,34.47,,67.01,33.56,0,1,66.89,0.72,-1.23,40.50,34.40
11.37,0,,81.65,33.16,1,0,81.53,24.24,16.35,124.89,34.69,,67.02,33.60,0,1,67.24,0.66,-1.21,40.46,34.32
11.49,0,,81.58,33.22,1,0,81.24,24.42,16.72,125.44,34.50,,67.03,33.64,0,1,67.09,0.62,-1.19,40.44,34.26
11.58,0,,81.51,33.29,1,0,79.84,24.30,16.53,125.13,34.57,,67.04,33.68,0,1,66.39,0.59,-1.23,40.37,34.27
11.73,0,,81.44,33.35,1,0,80.54,24.95,16.51,125.76,35.24,,67.04,33.72,0,1,66.77,0.51,-1.23,40.29,34.19
11.77,0,,81.44,33.35,1,0,80.54,24.95,16.51,125.76,35.24,,67.04,33.76,0,1,67.38,0.66,-1.26,40.41,34.37
11.88,0,,81.30,33.49,1,0,80.86,24.99,17.04,126.33,34.75,,67.05,33.79,0,1,67.49,0.90,-1.28,40.63,34.63
11.97,0,,81.24,33.56,1,0,80.93,24.86,16.89,126.05,34.77,,67.05,33.83,0,1,66.51,0.86,-1.26,40.61,34.57
12.06,0,,81.24,33.56,1,0,80.93,24.86,16.89,126.05,34.77,,67.06,33.87,0,1,67.31,0.80,-1.26,40.55,34.51
12.24,0,,81.12,33.70,2,-1,80.84,23.99,16.48,124.77,34.31,,67.06,33.91,0,1,67.09,0.80,-1.27,40.54,34.52
12.27,0,,81.06,33.77,2,-1,81.13,23.62,16.03,123.95,34.39,,67.06,33.94,0,1,66.40,0.71,-1.32,40.40,34.48
12.36,0,,81.06,33.77,2,-1,81.13,23.62,16.03,123.95,34.39,,67.06,33.98,0,1,67.19,0.62,-1.34,40.29,34.41
12.48,0,,80.96,33.89,2,-1,80.40,23.47,16.00,123.77,34.27,,67.06,34.02,0,1,67.50,0.56,-1.36,40.21,34.37
12.57,0,,80.92,33.95,2,-1,80.12,22.92,15.71,122.93,34.01,,67.07,34.05,0,1,67.44,0.49,-1.42,40.08,34.36
12.66,0,,80.92,33.95,2,-1,80.12,22.92,15.71,122.93,34.01,,67.07,34.08,0,1,67.40,0.48,-1.44,40.05,34.37
12.78,0,,80.82,34.04,2,-1,79.14,22.49,15.18,121.97,34.11,,67.08,34.11,0,1,67.47,0.64,-1.39,40.26,34.48
12.87,0,,80.77,34.08,2,-1,80.10,22.24,15.12,121.66,33.92,,67.09,34.14,0,1,67.41,0.70,-1.38,40.33,34.53
12.99,0,,80.72,34.12,2,-1,79.81,22.18,15.14,121.62,33.84,,67.09,34.17,0,1,67.19,0.66,-1.43,40.24,34.54
13.08,0,,80.67,34.15,2,-1,79.85,22.28,15.18,121.76,33.90,,67.10,34.20,0,1,67.30,0.71,-1.39,40.33,34.55
13.17,0,,80.67,34.15,2,-1,79.85,22.28,15.18,121.76,33.90,,67.11,34.22,0,1,67.34,0.73,-1.35,40.39,34.53
13.26,0,,80.62,34.17,2,-1,80.88,22.06,15.01,121.37,33.85,,67.12,34.25,0,1,66.96,0.74,-1.39,40.36,34.58
13.38,0,,80.54,34.21,2,-1,79.97,21.27,14.64,120.21,33.43,,67.13,34.27,0,1,66.98,0.75,-1.35,40.41,34.55
13.47,0,,80.51,34.22,2,-1,80.29,20.87,14.48,119.65,33.19,,67.13,34.30,0,1,66.62,0.69,-1.30,40.40,34.44
13.56,0,,80.51,34.22,2,-1,80.29,20.87,14.48,119.65,33.19,,67.13,34.32,0,1,67.13,0.81,-1.32,40.50,34.58
13.74,0,,80.44,34.22,2,-1,81.13,20.34,13.76,118.40,33.38,,67.14,34.34,0,1,67.52,1.03,-1.28,40.76,34.76
13.77,0,,80.42,34.21,2,-1,81.39,20.38,13.85,118.53,33.33,,67.14,34.36,0,1,67.47,1.10,-1.22,40.89,34.77
13.86,0,,80.42,34.21,2,-1,81.39,20.38,13.85,118.53,33.33,,67.15,34.38,0,1,67.44,1.09,-1.22,40.88,34.76
13.98,0,,80.39,34.18,2,-1,80.00,20.16,13.70,118.16,33.26,,67.15,34.40,0,1,67.10,1.10,-1.22,40.89,34.77
14.07,0,,80.38,34.16,2,-1,80.83,20.01,13.56,117.87,33.25,,67.16,34.43,0,1,67.04,1.07,-1.21,40.87,34.73
14.16,0,,80.38,34.16,2,-1,80.83,20.01,13.56,117.87,33.25,,67.16,34.45,0,1,67.23,1.04,-1.21,40.84,34.70
14.28,0,,80.36,34.10,2,-1,80.30,19.51,13.28,117.09,33.03,,67.17,34.47,0,1,67.26,1.01,-1.25,40.77,34.71
14.37,0,,80.35,34.07,2,-1,80.69,19.68,13.33,117.31,33.15,,67.17,34.49,0,1,66.97,1.00,-1.27,40.74,34.72
14.49,0,,80.35,34.04,4,-2,80.06,19.53,13.47,117.30,32.86,,67.17,34.51,0,1,68.04,1.18,-1.26,40.93,34.89
14.58,0,,80.34,34.00,4,-2,80.52,19.33,13.14,116.77,32.99,,67.18,34.52,0,1,67.22,1.25,-1.26,41.00,34.96
14.67,0,,80.34,34.00,4,-2,80.52,19.33,13.14,116.77,32.99,,67.19,34.54,0,1,67.40,1.12,-1.25,40.88,34.82
14.76,0,,80.34,33.96,4,-2,80.08,19.39,12.87,116.56,33.32,,67.19,34.56,0,1,67.57,1.13,-1.28,40.86,34.86
14.88,0,,80.32,33.88,4,-2,79.73,18.63,12.84,115.77,32.59,,67.20,34.58,0,1,67.94,1.14,-1.34,40.81,34.93
14.97,0,,80.31,33.83,4,-2,80.30,18.72,12.67,115.69,32.85,,67.22,34.60,0,1,68.01,1.07,-1.38,40.70,34.90
15.06,0,,80.31,33.83,4,-2,80.30,18.72,12.67,115.69,32.85,,67.23,34.62,0,1,67.08,0.97,-1.43,40.55,34.85
15.24,0,,80.29,33.74,4,-2,79.17,18.67,12.82,115.79,32.65,,67.24,34.64,0,1,67.59,0.86,-1.43,40.44,34.74
15.27,0,,80.28,33.70,4,-2,80.63,18.31,12.46,115.07,32.65,,67.26,34.65,0,1,67.45,0.95,-1.46,40.50,34.86
15.36,0,,80.28,33.70,4,-2,80.63,18.31,12.46,115.07,32.65,,67.27,34.67,0,1,67.45,1.01,-1.55,40.47,35.01
15.48,0,,80.26,33.60,4,-2,80.16,17.32,12.03,113.65,32.09,,67.28,34.69,0,1,67.60,0.82,-1.54,40.29,34.81
15.57,0,,80.25,33.54,4,-2,80.27,16.97,11.60,112.87,32.17,,67.30,34.70,0,1,67.28,0.67,-1.49,40.19,34.61
15.66,0,,80.25,33.54,4,-2,80.27,16.97,11.60,112.87,32.17,,67.31,34.71,0,1,67.38,0.60,-1.58,40.03,34.63
15.78,0,,80.23,33.43,4,-2,80.12,17.15,11.72,113.17,32.23,,67.32,34.72,0,1,67.09,0.44,-1.70,39.75,34.59
15.87,0,,80.23,33.37,4,-2,80.00,16.80,11.60,112.70,32.00,,67.33,34.73,0,1,67.70,0.27,-1.75,39.53,34.47
15.99,0,,80.22,33.31,4,-2,79.51,16.62,11.76,112.68,31.66,,67.34,34.74,0,1,67.61,0.30,-1.85,39.46,34.60
16.08,0,,80.21,33.24,4,-2,80.17,16.86,11.69,112.85,31.97,,67.35,34.75,0,1,67.66,0.36,-1.91,39.46,34.72
16.17,0,,80.21,33.24,4,-2,80.17,16.86,11.69,112.85,31.97,,67.36,34.75,0,1,67.70,0.19,-1.89,39.31,34.53
16.27,0,,80.20,33.18,4,-2,79.57,17.03,11.54,112.87,32.29,,67.37,34.75,0,1,68.14,0.15,-1.92,39.24,34.52
16.38,0,,80.17,33.05,4,-2,80.13,17.38,12.19,113.87,31.99,,67.39,34.75,0,1,67.26,0.15,-1.98,39.18,34.58
16.47,0,,80.16,32.99,4,-2,79.44,17.40,12.11,113.81,32.09,,67.40,34.75,0,1,67.48,-0.04,-2.03,38.94,34.44
16.56,0,,80.16,32.99,4,-2,79.44,17.40,12.11,113.81,32.09,,67.41,34.75,0,1,67.78,-0.05,-2.06,38.90,34.46
16.74,0,,80.12,32.87,4,-2,78.34,17.21,12.20,113.71,31.81,,67.43,34.75,0,1,67.79,-0.03,-2.03,38.95,34.45
16.77,0,,80.09,32.81,4,-2,80.58,17.23,11.93,113.46,32.10,,67.44,34.74,0,1,67.85,-0.02,-2.06,38.93,34.49
16.86,0,,80.09,32.81,4,-2,80.58,17.23,11.93,113.46,32.10,,67.45,34.74,0,1,68.06,0.03,-2.14,38.90,34.62
16.98,0,,80.05,32.69,4,-2,81.02,17.10,12.07,113.47,31.83,,67.47,34.73,0,1,67.62,-0.09,-2.13,38.79,34.49
17.07,0,,80.04,32.64,4,-2,80.10,17.17,11.94,113.41,32.03,,67.48,34.72,0,1,67.03,-0.19,-2.10,38.72,34.36
17.16,0,,80.04,32.64,4,-2,80.10,17.17,11.94,113.41,32.03,,67.50,34.72,0,1,67.38,-0.27,-2.09,38.65,34.27
17.28,0,,80.02,32.52,4,-2,79.15,16.58,11.67,112.55,31.71,,67.51,34.71,0,1,67.72,-0.30,-2.11,38.60,34.26
17.37,0,,80.00,32.47,4,-2,79.26,16.70,11.65,112.65,31.85,,67.52,34.69,0,1,67.70,-0.20,-2.16,38.65,34.41
17.49,0,,79.99,32.42,4,-2,79.43,16.37,11.92,112.59,31.25,,67.53,34.68,0,1,67.38,-0.19,-2.12,38.70,34.38
17.58,0,,79.97,32.36,4,-2,80.23,16.47,11.83,112.60,31.44,,67.53,34.67,0,1,68.32,-0.23,-2.08,38.70,34.30
17.67,0,,79.97,32.36,4,-2,80.23,16.47,11.83,112.60,31.44,,67.54,34.66,0,1,67.23,-0.20,-2.13,38.68,34.38
17.76,0,,79.95,32.31,4,-2,79.96,16.73,11.70,112.73,31.83,,67.55,34.64,0,1,67.43,-0.20,-2.14,38.67,34.39
17.88,0,,79.93,32.21,4,-2,80.40,15.78,11.52,111.60,31.06,,67.56,34.63,0,1,67.01,-0.31,-2.10,38.60,34.24
17.97,0,,79.92,32.16,4,-2,79.30,15.88,11.29,111.47,31.39,,67.56,34.61,0,1,68.13,-0.32,-2.15,38.54,34.28
18.06,0,,79.92,32.16,4,-2,79.30,15.88,11.29,111.47,31.39,,67.57,34.60,0,1,67.89,-0.22,-2.18,38.61,34.41
18.24,0,,79.90,32.05,4,-2,79.93,15.10,11.14,110.54,30.76,,67.58,34.58,0,1,67.21,-0.25,-2.08,38.68,34.28
18.27,0,,79.90,32.05,4,-2,79.93,15.10,11.14,110.54,30.76,,67.58,34.57,0,1,67.14,-0.29,-2.07,38.65,34.23
18.36,0,,79.89,32.00,4,-2,79.37,15.25,10.79,110.34,31.26,,67.58,34.55,0,1,67.05,-0.19,-2.10,38.72,34.36
18.48,0,,79.87,31.89,4,-2,79.74,14.84,10.92,110.06,30.72,,67.58,34.54,0,1,67.85,-0.19,-2.10,38.72,34.36
18.57,0,,79.86,31.84,4,-2,79.47,14.88,10.51,109.69,31.17,,67.58,34.52,0,1,67.26,-0.28,-2.13,38.60,34.30
18.66,0,,79.86,31.84,4,-2,79.47,14.88,10.51,109.69,31.17,,67.58,34.51,0,1,67.31,-0.37,-2.12,38.52,34.20
18.78,0,,79.83,31.74,4,-2,79.39,14.70,10.44,109.44,31.06,,67.57,34.50,0,1,67.22,-0.37,-2.12,38.52,34.20
18.87,0,,79.82,31.69,4,-2,80.62,14.64,10.28,109.22,31.16,,67.57,34.48,0,1,67.66,-0.20,-2.13,38.68,34.38
18.99,0,,79.81,31.64,4,-2,79.43,14.61,10.57,109.48,30.84,,67.57,34.47,0,1,67.68,-0.11,-2.12,38.78,34.46
19.08,0,,79.81,31.59,2,-1,79.06,14.60,10.52,109.42,30.88,,67.56,34.46,0,1,67.77,-0.13,-2.16,38.72,34.48
19.17,0,,79.81,31.59,2,-1,79.06,14.60,10.52,109.42,30.88,,67.56,34.44,0,1,67.40,-0.07,-2.13,38.81,34.51
19.26,0,,79.79,31.55,2,-1,79.13,14.49,10.26,109.05,31.03,,67.56,34.43,0,1,67.46,-0.08,-2.12,38.81,34.49
19.38,0,,79.77,31.46,2,-1,79.48,14.21,10.33,108.84,30.68,,67.56,34.43,0,1,67.44,-0.15,-2.15,38.71,34.45
19.47,0,,79.76,31.41,2,-1,80.03,13.74,9.83,107.87,30.71,,67.55,34.42,0,1,67.78,-0.16,-2.15,38.70,34.44
19.56,0,,79.76,31.41,2,-1,80.03,13.74,9.83,107.87,30.71,,67.55,34.41,0,1,67.51,-0.10,-2.21,38.70,34.56
19.74,0,,79.73,31.32,2,-1,79.43,13.30,9.66,107.26,30.44,,67.55,34.41,0,1,67.30,-0.07,-2.20,38.74,34.58
19.77,0,,79.71,31.28,2,-1,79.35,13.22,9.40,106.92,30.62,,67.55,34.40,0,1,67.49,-0.08,-2.17,38.76,34.54
19.86,0,,79.71,31.28,2,-1,79.35,13.22,9.40,106.92,30.62,,67.55,34.40,0,1,67.76,-0.04,-2.22,38.75,34.63
19.98,0,,79.69,31.19,2,-1,79.88,12.93,9.41,106.64,30.32,,67.54,34.40,0,2,67.58,-0.05,-2.27,38.69,34.67
20.07,0,,79.67,31.14,2,-1,78.54,13.79,9.67,107.76,30.92,,67.54,34.40,0,2,67.96,-0.14,-2.25,38.62,34.56
20.16,0,,79.67,31.14,2,-1,78.54,13.79,9.67,107.76,30.92,,67.55,34.40,0,1,67.62,-0.19,-2.25,38.57,34.51
20.28,0,,79.64,31.06,2,-1,79.57,14.34,9.97,108.61,31.17,,67.55,34.41,0,1,67.62,-0.12,-2.30,38.59,34.63
20.37,0,,79.62,31.02,2,-1,78.87,15.67,10.89,110.86,31.58,,67.55,34.41,0,1,67.95,0.21,-2.30,38.92,34.96
20.49,0,,79.62,31.02,2,-1,78.87,15.67,10.89,110.86,31.58,,67.55,34.42,0,1,67.82,0.63,-2.31,39.33,35.39
20.58,0,,79.57,30.97,2,-1,78.78,15.24,11.02,110.56,31.02,,67.56,34.43,0,1,67.88,0.62,-2.38,39.25,35.45
20.67,0,,79.57,30.97,2,-1,78.78,15.24,11.02,110.56,31.02,,67.57,34.44,0,1,68.20,0.52,-2.40,39.13,35.37
20.76,0,,79.54,30.94,2,-1,78.24,15.80,11.08,111.18,31.52,,67.58,34.46,0,1,68.06,0.60,-2.41,39.20,35.46
20.88,0,,79.47,30.91,2,-1,78.48,16.27,11.92,112.49,31.15,,67.59,34.49,0,1,68.06,0.45,-2.43,39.03,35.33
20.97,0,,79.43,30.90,2,-1,78.63,16.77,12.01,113.08,31.56,,67.60,34.51,0,1,68.23,0.44,-2.47,38.98,35.36
21.06,0,,79.43,30.90,2,-1,78.63,16.77,12.01,113.08,31.56,,67.61,34.54,0,1,67.79,0.47,-2.52,38.96,35.44
21.24,0,,79.36,30.88,2,-1,78.67,15.15,11.29,110.74,30.66,,67.63,34.57,0,1,67.88,0.31,-2.50,38.82,35.26
21.27,0,,79.36,30.88,2,-1,78.67,15.15,11.29,110.74,30.66,,67.64,34.60,0,1,68.19,0.42,-2.50,38.93,35.37
21.36,0,,79.32,30.88,2,-1,79.25,14.95,10.75,110.00,31.00,,67.66,34.63,0,1,67.72,0.62,-2.56,39.07,35.63
21.48,0,,79.24,30.86,2,-1,78.13,13.56,10.09,107.95,30.27,,67.67,34.67,0,1,67.56,0.59,-2.51,39.09,35.55
21.57,0,,79.20,30.85,2,-1,77.50,13.68,9.70,107.68,30.78,,67.69,34.70,0,1,67.73,0.57,-2.47,39.11,35.49
21.66,0,,79.20,30.85,2,-1,77.50,13.68,9.70,107.68,30.78,,67.70,34.74,0,1,67.55,0.57,-2.50,39.08,35.52
21.78,0,,79.11,30.83,2,-1,78.30,13.19,9.63,107.12,30.36,,67.71,34.78,0,1,67.39,0.49,-2.48,39.02,35.42
21.87,0,,79.06,30.82,2,-1,77.86,13.11,9.43,106.84,30.48,,67.72,34.81,0,1,68.43,0.45,-2.51,38.95,35.41
21.99,0,,79.02,30.81,2,-1,79.10,12.87,9.76,106.93,29.91,,67.73,34.85,0,1,68.37,0.45,-2.61,38.85,35.51
22.08,0,,78.98,30.79,2,-1,79.00,12.62,9.53,106.45,29.89,,67.74,34.89,0,1,68.08,0.46,-2.55,38.92,35.46
22.17,0,,78.98,30.79,2,-1,79.00,12.62,9.53,106.45,29.89,,67.75,34.92,0,1,68.07,0.58,-2.52,39.07,35.55
22.26,0,,78.94,30.77,2,-1,78.47,13.00,9.33,106.63,30.47,,67.77,34.96,0,1,68.01,0.69,-2.58,39.12,35.72
22.38,0,,78.86,30.73,2,-1,78.10,14.67,10.87,109.84,30.60,,67.78,35.00,0,1,67.85,0.57,-2.51,39.07,35.53
22.47,0,,78.86,30.73,2,-1,78.10,14.67,10.87,109.84,30.60,,67.79,35.03,0,1,68.00,0.52,-2.50,39.03,35.47
22.56,0,,78.83,30.71,2,-1,78.30,14.99,10.92,110.21,30.87,,67.81,35.07,0,1,68.10,0.56,-2.58,38.99,35.59
22.74,0,,78.75,30.68,2,-1,78.40,14.53,11.13,109.96,30.20,,67.82,35.10,0,1,68.09,0.46,-2.57,38.90,35.48
22.78,0,,78.71,30.67,2,-1,77.57,13.98,10.30,108.58,30.48,,67.83,35.13,0,1,68.25,0.44,-2.56,38.89,35.45
22.86,0,,78.71,30.67,2,-1,77.57,13.98,10.30,108.58,30.48,,67.85,35.17,0,1,68.07,0.54,-2.57,38.98,35.56
22.98,0,,78.64,30.64,2,-1,78.28,13.30,9.94,107.54,30.16,,67.86,35.20,0,1,67.82,0.59,-2.54,39.06,35.58
23.07,0,,78.64,30.64,2,-1,78.28,13.30,9.94,107.54,30.16,,67.87,35.22,0,1,67.88,0.59,-2.52,39.08,35.56
23.16,0,,78.60,30.62,2,-1,78.44,13.55,9.66,107.51,30.69,,67.88,35.25,0,1,67.94,0.60,-2.57,39.04,35.62
23.28,0,,78.54,30.59,2,-1,78.53,12.44,9.31,106.05,29.93,,67.89,35.28,0,1,68.20,0.59,-2.60,39.00,35.64
23.37,0,,78.54,30.59,2,-1,78.53,12.44,9.31,106.05,29.93,,67.91,35.31,0,1,68.09,0.54,-2.60,38.95,35.59
23.49,0,,78.49,30.55,2,-1,78.75,12.00,9.48,105.78,29.32,,67.92,35.33,0,1,67.73,0.53,-2.62,38.92,35.60
23.58,0,,78.47,30.52,2,-1,78.49,12.23,9.34,105.87,29.69,,67.92,35.36,0,1,67.71,0.46,-2.64,38.83,35.55
23.67,0,,78.47,30.52,2,-1,78.49,12.23,9.34,105.87,29.69,,67.93,35.38,0,1,67.93,0.50,-2.61,38.90,35.56
23.76,0,,78.45,30.49,2,-1,78.11,12.61,9.16,106.07,30.25,,67.94,35.40,0,1,68.09,0.69,-2.58,39.12,35.72
23.88,0,,78.41,30.44,2,-1,77.73,11.18,8.71,104.19,29.27,,67.94,35.42,0,1,68.23,0.73,-2.55,39.19,35.73
23.97,0,,78.41,30.44,2,-1,77.73,11.18,8.71,104.19,29.27,,67.95,35.44,0,1,68.20,0.75,-2.52,39.24,35.72
24.06,0,,78.39,30.41,2,-1,77.29,11.13,8.43,103.86,29.50,,67.96,35.46,0,1,68.45,0.82,-2.53,39.30,35.80
24.24,0,,78.34,30.33,2,-1,77.65,9.26,7.65,101.21,28.41,,67.97,35.48,0,1,67.91,0.80,-2.54,39.27,35.79
24.27,0,,78.34,30.33,2,-1,77.65,9.26,7.65,101.21,28.41,,67.98,35.50,0,1,67.90,0.79,-2.51,39.29,35.75
24.36,0,,78.32,30.29,2,-1,77.90,9.17,7.00,100.47,28.97,,67.98,35.52,0,1,68.43,0.80,-2.52,39.29,35.77
24.48,0,,78.27,30.18,2,-1,77.78,8.43,6.98,99.71,28.25,,67.99,35.54,0,1,68.28,0.93,-2.56,39.38,35.94
24.57,0,,78.27,30.18,2,-1,77.78,8.43,6.98,99.71,28.25,,68.00,35.56,0,1,68.28,1.08,-2.52,39.57,36.05
24.66,0,,78.24,30.12,2,-1,77.30,8.62,6.55,99.47,28.87,,68.01,35.58,0,1,68.03,1.06,-2.48,39.59,35.99
24.78,0,,78.17,30.00,2,-1,77.28,8.67,6.93,99.90,28.54,,68.02,35.60,0,1,67.96,1.10,-2.45,39.66,36.00
24.87,0,,78.17,30.00,2,-1,77.28,8.67,6.93,99.90,28.54,,68.03,35.62,0,1,68.03,1.16,-2.44,39.73,36.05
24.99,0,,78.10,29.87,2,-1,77.11,9.21,7.38,100.89,28.63,,68.04,35.64,0,1,67.79,1.12,-2.48,39.65,36.05
25.08,0,,78.07,29.80,2,-1,77.37,9.39,7.49,101.18,28.70,,68.04,35.66,0,1,67.80,1.08,-2.50,39.59,36.03
25.17,0,,78.07,29.80,2,-1,77.37,9.39,7.49,101.18,28.70,,68.05,35.68,0,1,67.86,1.06,-2.45,39.62,35.96
25.26,0,,78.03,29.74,2,-1,77.50,10.14,7.52,101.96,29.42,,68.05,35.70,0,1,67.69,1.16,-2.45,39.72,36.06
25.38,0,,77.95,29.62,2,-1,76.63,10.76,8.63,103.69,28.93,,68.05,35.72,0,1,67.78,1.18,-2.49,39.70,36.12
25.47,0,,77.95,29.62,2,-1,76.63,10.76,8.63,103.69,28.93,,68.04,35.74,0,1,67.55,1.12,-2.46,39.67,36.03
25.56,0,,77.91,29.57,2,-1,77.53,11.41,8.66,104.37,29.55,,68.04,35.76,0,1,67.56,1.14,-2.50,39.65,36.09
25.74,0,,77.82,29.48,2,-1,77.14,12.25,9.63,106.18,29.42,,68.03,35.78,0,1,68.74,1.33,-2.63,39.71,36.41
25.77,0,,77.82,29.48,2,-1,77.14,12.25,9.63,106.18,29.42,,68.03,35.80,0,1,68.52,2.03,-2.71,40.33,37.19
25.86,0,,77.78,29.44,2,-1,76.60,12.91,9.53,106.74,30.18,,68.03,35.83,0,1,67.77,2.02,-2.59,40.44,37.06
25.98,0,,77.70,29.39,2,-1,77.32,12.75,10.08,107.13,29.47,,68.03,35.86,0,1,66.58,-0.08,-2.39,38.54,34.76
26.07,0,,77.70,29.39,2,-1,77.32,12.75,10.08,107.13,29.47,,68.01,35.87,0,1,63.13,-3.45,-1.37,36.19,30.37
26.16,0,,77.66,29.37,2,-1,76.89,13.25,9.81,107.36,30.24,,67.98,35.85,0,1,63.04,-7.48,-0.36,33.17,25.33
26.28,0,,77.58,29.34,2,-1,76.77,15.09,11.28,110.67,30.61,,67.92,35.78,0,1,65.52,-9.98,-2.73,28.30,25.20
26.37,0,,77.58,29.34,2,-1,76.77,15.09,11.28,110.67,30.61,,67.85,35.66,0,1,66.59,-9.86,-5.46,25.69,28.05
26.49,0,,77.51,29.35,2,-1,77.33,15.51,11.98,111.79,30.33,,67.78,35.50,0,1,66.23,-8.54,-5.31,27.16,29.22
26.58,0,,77.47,29.37,2,-1,76.39,15.85,12.07,112.22,30.58,,67.71,35.32,0,1,63.98,-7.69,-3.62,29.70,28.38
26.67,0,,77.47,29.37,2,-1,76.39,15.85,12.07,112.22,30.58,,67.63,35.12,0,1,64.37,-6.27,-1.17,33.57,27.35
26.76,0,,77.44,29.39,2,-1,76.68,16.61,12.15,113.06,31.26,,67.53,34.90,0,1,66.71,-3.43,0.13,37.71,28.89
26.88,0,,77.41,29.41,2,-1,77.13,17.30,12.85,114.45,31.25,,67.45,34.67,0,1,68.07,-2.56,-0.45,38.00,30.34
26.97,0,,77.37,29.45,2,-1,77.76,17.83,13.68,115.81,30.95,,67.37,34.43,0,1,68.51,-3.57,-0.74,36.70,29.62
27.06,0,,77.34,29.49,2,-1,76.85,18.21,13.62,116.13,31.39,,67.31,34.19,0,1,73.31,-7.66,-3.27,30.08,28.06
27.24,0,,77.29,29.59,2,-1,76.59,18.05,13.89,116.24,30.96,,67.29,33.94,0,1,70.65,-9.85,-4.99,26.17,27.59
27.31,0,,77.27,29.65,2,-1,77.57,18.30,13.67,116.27,31.43,,67.29,33.69,0,1,69.70,-2.58,-3.98,34.45,33.85
27.36,0,,77.27,29.65,2,-1,77.57,18.30,13.67,116.27,31.43,,67.30,33.46,0,1,69.66,0.34,-4.63,36.72,37.42
27.48,0,,77.23,29.76,2,-1,76.80,17.60,13.69,115.59,30.71,,67.33,33.27,0,1,68.54,-4.28,-5.34,31.39,33.51
27.57,0,,77.23,29.76,2,-1,76.80,17.60,13.69,115.59,30.71,,67.36,33.10,1,0,68.33,-2.71,-4.82,33.48,34.56
27.66,0,,77.21,29.83,2,-1,78.02,17.92,13.40,115.62,31.32,,67.39,32.97,1,0,68.42,-2.87,-4.88,33.26,34.46
27.78,0,,77.19,29.95,2,-1,76.73,17.69,13.49,115.48,31.00,,67.43,32.85,1,0,68.27,-3.10,-4.92,32.99,34.27
27.88,0,,77.19,29.95,2,-1,76.73,17.69,13.49,115.48,31.00,,67.47,32.76,1,0,68.54,-1.43,-4.82,34.76,35.84
27.99,0,,77.16,30.07,2,-1,76.94,16.94,13.35,114.59,30.39,,67.51,32.69,1,0,68.70,-1.58,-4.89,34.54,35.76
28.08,0,,77.14,30.13,2,-1,77.27,16.81,13.15,114.26,30.46,,67.55,32.65,1,0,68.55,-0.83,-4.76,35.42,36.38
28.17,0,,77.14,30.13,2,-1,77.27,16.81,13.15,114.26,30.46,,67.59,32.63,1,0,68.96,-0.64,-4.68,35.69,36.49
28.26,0,,77.13,30.18,2,-1,76.38,17.15,12.84,114.29,31.11,,67.64,32.64,1,0,68.47,-0.62,-4.71,35.68,36.54
28.38,0,,77.09,30.28,2,-1,76.12,16.02,12.71,113.03,30.11,,67.69,32.67,1,0,68.56,-0.44,-4.48,36.09,36.49
28.50,0,,77.08,30.33,2,-1,76.95,15.29,11.88,111.47,30.21,,67.73,32.72,1,0,68.40,-0.89,-4.24,35.88,35.80
28.56,0,,77.08,30.33,2,-1,76.95,15.29,11.88,111.47,30.21,,67.78,32.78,1,0,68.91,-1.01,-4.26,35.74,35.70
28.74,0,,77.03,30.39,2,-1,76.68,13.35,10.92,108.57,29.23,,67.83,32.85,1,0,68.03,-0.87,-4.24,35.90,35.82
28.77,0,,77.03,30.39,2,-1,76.68,13.35,10.92,108.57,29.23,,67.87,32.94,1,0,69.01,-0.67,-4.16,36.18,35.94
28.86,0,,77.01,30.41,2,-1,76.89,12.80,10.08,107.18,29.52,,67.92,33.03,1,0,68.81,-0.75,-4.02,36.24,35.72
28.98,0,,76.97,30.43,2,-1,76.98,11.37,9.41,105.08,28.76,,67.96,33.13,1,0,68.36,-0.64,-3.89,36.48,35.70
29.07,0,,76.97,30.43,2,-1,76.98,11.37,9.41,105.08,28.76,,68.01,33.23,1,0,67.81,0.23,-3.83,37.41,36.51
29.16,0,,76.95,30.42,2,-1,76.65,11.34,8.93,104.57,29.21,,68.04,33.34,1,0,65.97,-0.13,-3.58,37.30,35.90
29.28,0,,76.91,30.39,2,-1,76.99,9.73,8.11,102.14,28.42,,68.06,33.45,1,0,65.33,-1.88,-3.25,35.88,33.82
29.38,0,,76.91,30.39,2,-1,76.99,9.73,8.11,102.14,28.42,,68.07,33.55,1,0,66.38,-2.12,-3.30,35.59,33.63
29.49,0,,76.88,30.32,2,-1,76.63,8.40,7.33,100.03,27.87,,68.06,33.65,1,0,67.45,-1.43,-3.85,35.73,34.87
29.58,0,,76.87,30.27,2,-1,76.38,8.30,7.17,99.77,27.93,,68.06,33.74,1,0,68.97,-0.74,-4.57,35.70,36.28
29.67,0,,76.87,30.27,2,-1,76.38,8.30,7.17,99.77,27.93,,68.05,33.84,1,0,69.19,0.36,-4.76,36.61,37.57
29.76,0,,76.86,30.21,2,-1,76.02,8.58,6.79,99.67,28.59,,68.06,33.95,1,0,68.64,0.49,-4.49,37.01,37.43
29.89,0,,76.83,30.08,2,-1,77.33,7.24,6.37,97.91,27.67,,68.06,34.06,1,0,68.84,0.24,-4.41,36.84,37.10
29.97,0,,76.83,30.08,2,-1,77.33,7.24,6.37,97.91,27.67,,68.07,34.19,0,1,68.81,0.57,-4.46,37.12,37.48
30.06,0,,76.82,30.01,2,-1,77.03,7.66,6.28,98.24,28.18,,68.09,34.31,0,1,69.32,0.49,-4.60,36.90,37.54
30.24,0,,76.80,29.85,2,-1,77.20,7.17,6.37,97.84,27.60,,68.11,34.45,0,1,69.38,0.61,-4.57,37.05,37.63
30.27,0,,76.80,29.85,2,-1,77.20,7.17,6.37,97.84,27.60,,68.13,34.59,0,1,70.37,1.27,-4.51,37.77,38.23
30.36,0,,76.80,29.77,2,-1,77.01,7.73,6.37,98.40,28.16,,68.17,34.73,0,1,69.62,1.56,-4.95,37.62,38.96
30.48,0,,76.79,29.59,2,-1,76.84,7.01,6.36,97.67,27.45,,68.21,34.89,0,1,68.52,0.64,-4.99,36.66,38.08
30.57,0,,76.79,29.50,2,-1,76.90,7.31,6.30,97.91,27.81,,68.24,35.04,0,1,68.06,-0.40,-4.40,36.21,36.45
30.73,0,,76.79,29.40,2,-1,77.06,6.99,6.49,97.78,27.30,,68.28,35.19,0,1,68.92,0.32,-4.06,37.27,36.83
30.78,0,,76.79,29.31,2,-1,77.58,6.61,5.86,96.77,27.55,,68.31,35.33,0,1,68.31,0.75,-4.03,37.73,37.23
30.87,0,,76.79,29.21,2,-1,76.75,6.96,5.73,96.99,28.03,,68.34,35.47,0,1,68.54,0.27,-4.09,37.19,36.81
30.99,0,,76.80,29.12,2,-1,77.22,7.31,6.52,98.13,27.59,,68.37,35.60,0,1,68.66,0.48,-4.21,37.28,37.14
31.08,0,,76.80,29.03,2,-1,76.80,7.46,6.69,98.45,27.57,,68.39,35.73,0,1,68.78,0.25,-4.28,36.98,36.98
31.17,0,,76.80,29.03,2,-1,76.80,7.46,6.69,98.45,27.57,,68.42,35.85,0,1,68.30,-0.03,-4.43,36.55,36.85
31.26,0,,76.81,28.94,2,-1,76.87,7.96,6.77,99.03,27.99,,68.44,35.97,0,1,68.55,0.06,-4.47,36.60,36.98
31.38,0,,76.81,28.77,2,-1,76.95,7.78,7.20,99.28,27.38,,68.46,36.07,0,1,68.50,-0.00,-4.44,36.57,36.89
31.47,0,,76.81,28.68,2,-1,76.16,8.76,7.45,100.51,28.11,,68.48,36.18,0,1,69.03,0.17,-4.44,36.74,37.06
31.59,0,,76.81,28.60,2,-1,76.57,9.72,8.62,102.64,27.90,,68.50,36.27,0,1,68.17,0.29,-4.42,36.88,37.16
31.77,0,,76.81,28.45,2,-1,77.08,8.38,7.44,100.12,27.74,,68.52,36.36,0,1,68.79,0.29,-4.39,36.91,37.13
31.77,0,,76.81,28.45,2,-1,77.08,8.38,7.44,100.12,27.74,,68.52,36.36,0,1,68.79,0.29,-4.39,36.91,37.13
31.86,0,,76.81,28.45,2,-1,77.08,8.38,7.44,100.12,27.74,,68.55,36.53,0,1,68.57,-0.02,-4.59,36.40,37.02
31.99,0,,76.82,28.32,2,-1,76.95,7.92,7.23,99.45,27.49,,68.56,36.61,0,1,68.73,-0.44,-4.82,35.75,36.83
32.07,0,,76.82,28.25,2,-1,76.65,7.89,6.76,98.95,27.93,,68.57,36.67,0,1,68.97,-0.41,-4.86,35.74,36.90
32.16,0,,76.82,28.25,2,-1,76.65,7.89,6.76,98.95,27.93,,68.58,36.74,0,1,68.60,-0.51,-4.83,35.67,36.77
32.28,0,,76.83,28.14,2,-1,76.60,8.69,7.25,100.24,28.24,,68.59,36.79,0,1,68.72,-0.83,-4.81,35.37,36.43
32.37,0,,76.83,28.09,2,-1,76.47,9.05,7.27,100.62,28.58,,68.60,36.84,0,1,69.06,-0.54,-4.68,35.79,36.59
32.49,0,,76.83,28.04,2,-1,76.34,9.24,7.97,101.51,28.07,,68.61,36.88,0,1,68.67,-0.39,-4.58,36.04,36.64
32.58,0,,76.82,28.01,2,-1,76.57,9.63,8.29,102.22,28.14,,68.63,36.92,0,1,69.56,-0.62,-4.72,35.67,36.55
32.67,0,,76.82,28.01,2,-1,76.57,9.63,8.29,102.22,28.14,,68.64,36.95,0,1,68.95,-0.38,-4.92,35.71,36.99
32.76,0,,76.82,27.98,2,-1,76.62,10.02,8.09,102.41,28.73,,68.66,36.98,0,1,69.93,0.04,-5.12,35.93,37.61
32.88,0,,76.81,27.93,2,-1,76.82,11.75,9.73,105.78,28.82,,68.68,37.01,0,1,70.36,0.33,-5.33,36.01,38.11
32.97,0,,76.81,27.93,2,-1,76.82,11.75,9.73,105.78,28.82,,68.71,37.04,0,1,69.82,0.60,-5.43,36.18,38.48
33.06,0,,76.80,27.92,2,-1,76.71,12.00,9.84,106.14,28.96,,68.74,37.08,0,1,70.36,0.81,-5.58,36.24,38.84
33.24,0,,76.78,27.92,2,-1,76.69,11.91,10.12,106.33,28.59,,68.78,37.12,0,1,69.84,0.40,-5.74,35.67,38.59
33.28,0,,76.78,27.93,2,-1,76.48,11.73,9.84,105.87,28.69,,68.82,37.17,0,1,69.00,-0.73,-5.58,34.70,37.30
33.36,0,,76.78,27.93,2,-1,76.48,11.73,9.84,105.87,28.69,,68.85,37.21,0,1,69.33,-1.22,-5.26,34.53,36.49
33.52,0,,76.75,27.95,2,-1,75.95,10.65,9.04,103.99,28.41,,68.89,37.24,0,1,69.75,-1.16,-5.16,34.69,36.45
33.57,0,,76.74,27.96,2,-1,76.38,10.41,8.67,103.38,28.54,,68.93,37.27,0,1,69.33,-1.24,-5.12,34.65,36.33
33.66,0,,76.74,27.96,2,-1,76.38,10.41,8.67,103.38,28.54,,68.96,37.29,0,1,69.35,-0.98,-5.02,35.01,36.49
33.78,0,,76.70,27.99,2,-1,75.74,9.03,7.72,101.05,28.11,,69.00,37.30,0,1,68.83,-0.79,-4.98,35.24,36.64
33.87,0,,76.68,28.00,2,-1,76.40,8.87,7.55,100.72,28.12,,69.03,37.31,0,1,68.64,-0.73,-4.89,35.39,36.61
33.99,0,,76.65,28.01,2,-1,75.84,8.30,7.39,99.99,27.71,,69.05,37.31,0,1,68.28,-0.50,-4.81,35.70,36.76
34.08,0,,76.63,28.02,2,-1,76.12,8.11,6.94,99.35,27.97,,69.07,37.31,0,1,69.35,-0.61,-4.80,35.60,36.64
34.17,0,,76.63,28.02,2,-1,76.12,8.11,6.94,99.35,27.97,,69.09,37.30,0,1,69.09,-0.61,-4.75,35.65,36.59
34.26,0,,76.61,28.03,2,-1,76.37,8.29,6.83,99.42,28.26,,69.10,37.29,0,1,69.19,-0.42,-4.73,35.86,36.76
34.38,0,,76.56,28.04,2,-1,76.14,7.74,6.70,98.74,27.84,,69.12,37.28,0,1,69.48,-0.44,-4.79,35.78,36.80
34.47,0,,76.53,28.05,2,-1,76.14,7.59,6.58,98.47,27.81,,69.13,37.27,0,1,69.17,-0.39,-4.90,35.72,36.96
34.56,0,,76.53,28.05,2,-1,76.14,7.59,6.58,98.47,27.81,,69.15,37.26,0,1,69.82,-0.22,-5.05,35.74,37.28
34.74,0,,76.49,28.05,2,-1,75.47,7.09,6.45,97.84,27.44,,69.16,37.25,0,1,70.28,-0.03,-5.22,35.76,37.64
34.78,0,,76.46,28.05,2,-1,75.74,7.20,6.26,97.76,27.74,,69.18,37.24,0,1,69.79,-0.14,-5.27,35.60,37.58
34.86,0,,76.46,28.05,2,-1,75.74,7.20,6.26,97.76,27.74,,69.21,37.23,0,1,69.94,-0.80,-5.23,34.98,36.88
34.98,0,,76.41,28.03,2,-1,75.93,7.13,6.35,97.78,27.58,,69.23,37.22,0,1,69.24,-1.66,-5.24,34.11,36.03
35.07,0,,76.39,28.02,2,-1,76.03,7.03,6.08,97.41,27.75,,69.25,37.21,0,1,69.04,-2.25,-5.23,33.53,35.43
35.16,0,,76.39,28.02,2,-1,76.03,7.03,6.08,97.41,27.75,,69.27,37.19,0,1,68.44,-2.60,-4.98,33.43,34.83
35.28,0,,76.34,28.00,2,-1,76.06,6.82,6.08,97.20,27.54,,69.28,37.15,0,1,66.52,-2.85,-4.40,33.76,34.00
35.37,0,,76.32,27.98,2,-1,76.53,6.60,5.68,96.58,27.72,,69.27,37.10,0,1,66.28,-3.28,-3.98,33.75,33.15
35.49,0,,76.30,27.97,2,-1,76.28,6.69,5.89,96.88,27.60,,69.25,37.04,0,1,67.09,-3.73,-4.07,33.21,32.79
35.58,0,,76.29,27.96,2,-1,76.27,6.67,5.86,96.83,27.61,,69.22,36.95,0,1,66.30,-3.74,-4.12,33.15,32.83
35.68,0,,76.29,27.96,2,-1,76.27,6.67,5.86,96.83,27.61,,69.17,36.86,0,1,66.47,-3.50,-3.87,33.64,32.82
35.76,0,,76.27,27.94,2,-1,76.42,6.27,5.45,96.02,27.62,,69.11,36.74,0,1,66.11,-3.40,-3.82,33.79,32.87
35.88,0,,76.25,27.91,2,-1,76.12,5.92,5.64,95.86,27.08,,69.04,36.62,0,1,67.05,-3.97,-3.95,33.09,32.43
35.97,0,,76.24,27.88,2,-1,75.96,5.78,5.21,95.29,27.37,,68.97,36.48,0,1,67.19,-4.80,-4.09,32.12,31.74
36.07,0,,76.24,27.88,2,-1,75.96,5.78,5.21,95.29,27.37,,68.89,36.34,0,1,66.46,-5.12,-4.35,31.54,31.68
36.25,0,,76.21,27.84,2,-1,75.84,6.42,5.74,96.46,27.48,,68.81,36.18,0,1,67.30,-4.89,-4.39,31.73,31.95
36.27,0,,76.20,27.82,2,-1,75.83,6.30,5.70,96.30,27.40,,68.73,36.01,0,1,68.14,-3.78,-4.28,32.95,32.95
36.36,0,,76.20,27.82,2,-1,75.83,6.30,5.70,96.30,27.40,,68.66,35.84,0,1,68.21,-2.71,-4.48,33.82,34.22
36.48,0,,76.17,27.77,2,-1,75.98,6.77,6.19,97.26,27.38,,68.58,35.68,0,1,67.75,-3.14,-4.67,33.20,33.98
36.58,0,,76.15,27.75,2,-1,75.24,6.54,6.04,96.88,27.30,,68.52,35.53,0,1,68.18,-3.57,-4.66,32.78,33.54
36.66,0,,76.15,27.75,2,-1,75.24,6.54,6.04,96.88,27.30,,68.45,35.38,0,1,68.50,-2.94,-4.42,33.65,33.93
36.78,0,,76.12,27.71,2,-1,75.98,7.62,6.66,98.58,27.76,,68.39,35.24,0,1,68.25,-2.61,-4.17,34.23,34.01
36.87,0,,76.11,27.69,2,-1,75.66,8.12,6.97,99.39,27.95,,68.34,35.11,0,1,67.83,-2.90,-4.36,33.75,33.91
36.99,0,,76.09,27.67,2,-1,75.74,7.80,7.00,99.10,27.60,,68.29,34.98,0,1,67.66,-3.13,-4.36,33.52,33.68
37.08,0,,76.07,27.65,2,-1,76.08,7.48,6.80,98.58,27.48,,68.25,34.86,0,1,67.61,-3.26,-4.15,33.60,33.34
37.17,0,,76.07,27.65,2,-1,76.08,7.48,6.80,98.58,27.48,,68.20,34.74,0,1,68.30,-3.27,-4.19,33.55,33.37
37.26,0,,76.06,27.64,2,-1,75.69,7.08,6.37,97.75,27.51,,68.16,34.63,0,1,68.51,-3.16,-4.20,33.65,33.49
37.38,0,,76.03,27.61,2,-1,75.81,7.26,6.44,98.00,27.62,,68.12,34.52,0,1,68.11,-3.24,-4.25,33.52,33.46
37.47,0,,76.01,27.60,2,-1,75.60,7.03,6.08,97.41,27.75,,68.09,34.42,0,1,68.17,-3.22,-4.34,33.45,33.57
37.56,0,,76.01,27.60,2,-1,75.60,7.03,6.08,97.41,27.75,,68.06,34.32,0,1,67.37,-3.10,-4.43,33.48,33.78
37.74,0,,75.98,27.58,2,-1,75.42,5.94,5.40,95.64,27.34,,68.03,34.23,0,1,66.56,-2.98,-4.36,33.67,33.83
37.77,0,,75.97,27.57,2,-1,75.23,5.92,5.33,95.55,27.39,,68.00,34.15,0,1,67.35,-2.85,-4.22,33.94,33.82
37.86,0,,75.97,27.57,2,-1,75.23,5.92,5.33,95.55,27.39,,67.97,34.08,0,1,67.51,-2.80,-4.26,33.95,33.91
37.98,0,,75.93,27.55,2,-1,75.44,6.66,5.73,96.69,27.73,,67.93,34.01,0,1,67.38,-2.49,-4.16,34.36,34.12
38.07,0,,75.91,27.54,2,-1,75.96,7.39,6.19,97.88,28.00,,67.90,33.95,0,1,67.28,-2.16,-4.06,34.79,34.35
38.16,0,,75.91,27.54,2,-1,75.96,7.39,6.19,97.88,28.00,,67.87,33.89,0,1,67.41,-2.09,-4.09,34.83,34.45
38.28,0,,75.88,27.53,2,-1,75.65,7.61,6.60,98.51,27.81,,67.83,33.85,0,1,66.79,-2.07,-4.01,34.93,34.39
38.37,0,,75.87,27.53,2,-1,76.27,8.02,6.90,99.22,27.92,,67.80,33.81,0,1,67.64,-2.05,-3.96,35.00,34.36
38.49,0,,75.86,27.54,2,-1,74.88,8.12,7.27,99.69,27.65,,67.77,33.78,0,1,66.88,-2.14,-4.02,34.85,34.33
38.58,0,,75.84,27.54,2,-1,74.74,8.68,7.68,100.66,27.80,,67.73,33.76,0,1,67.14,-2.16,-4.04,34.81,34.33
38.67,0,,75.84,27.54,2,-1,74.74,8.68,7.68,100.66,27.80,,67.70,33.74,0,1,67.23,-1.99,-4.02,35.00,34.48
38.76,0,,75.82,27.54,2,-1,75.80,10.45,8.91,103.66,28.34,,67.67,33.73,0,1,66.93,-2.07,-4.02,34.92,34.40
38.88,0,,75.78,27.56,2,-1,75.66,10.92,9.66,104.88,28.06,,67.63,33.73,0,1,66.83,-2.35,-4.01,34.65,34.11
38.97,0,,75.76,27.57,2,-1,75.60,11.42,9.72,105.44,28.50,,67.60,33.72,0,1,67.38,-2.41,-4.08,34.52,34.12
39.06,0,,75.76,27.57,2,-1,75.60,11.42,9.72,105.44,28.50,,67.57,33.72,1,0,67.41,-2.52,-4.15,34.34,34.08
39.24,0,,75.72,27.61,2,-1,74.83,12.11,10.30,106.71,28.61,,67.54,33.72,1,0,67.80,-2.54,-4.12,34.35,34.03
39.27,0,,75.70,27.63,2,-1,75.59,13.20,11.07,108.57,28.93,,67.51,33.73,1,0,67.66,-2.29,-4.12,34.60,34.28
39.36,0,,75.70,27.63,2,-1,75.59,13.20,11.07,108.57,28.93,,67.49,33.73,1,0,67.82,-2.21,-4.16,34.64,34.40
39.48,0,,75.66,27.68,2,-1,75.40,13.34,11.24,108.88,28.90,,67.47,33.74,1,0,67.05,-2.17,-4.17,34.67,34.45
39.57,0,,75.63,27.72,2,-1,74.57,12.93,11.01,108.24,28.72,,67.45,33.76,1,0,67.53,-1.99,-4.15,34.87,34.61
39.66,0,,75.63,27.72,2,-1,74.57,12.93,11.01,108.24,28.72,,67.43,33.77,1,0,66.64,-1.97,-4.12,34.92,34.60
39.78,0,,75.59,27.79,2,-1,75.28,11.75,10.14,106.19,28.41,,67.42,33.79,1,0,67.12,-1.99,-4.08,34.94,34.54
39.87,0,,75.56,27.82,2,-1,74.65,12.16,10.35,106.81,28.61,,67.40,33.81,1,0,67.05,-1.82,-4.05,35.14,34.68
39.99,0,,75.54,27.86,2,-1,73.90,12.43,10.78,107.51,28.45,,67.38,33.84,1,0,67.03,-1.69,-4.03,35.29,34.79
40.08,0,,75.51,27.90,2,-1,75.19,13.10,11.41,108.81,28.49,,67.36,33.86,1,0,67.24,-1.78,-4.00,35.23,34.67
40.17,0,,75.51,27.90,2,-1,75.19,13.10,11.41,108.81,28.49,,67.34,33.89,1,0,66.77,-1.81,-3.99,35.21,34.63
40.26,0,,75.48,27.93,2,-1,74.58,13.46,11.80,109.56,28.46,,67.32,33.92,1,0,66.72,-1.83,-3.95,35.23,34.57
40.38,0,,75.41,28.00,2,-1,74.08,11.69,10.60,106.59,27.89,,67.30,33.95,1,0,67.21,-1.87,-3.97,35.17,34.55
40.47,0,,75.37,28.03,2,-1,75.00,10.15,9.20,103.65,27.75,,67.29,33.99,1,0,67.69,-1.70,-3.99,35.32,34.74
40.56,0,,75.37,28.03,2,-1,75.00,10.15,9.20,103.65,27.75,,67.27,34.02,1,0,67.10,-1.55,-3.95,35.51,34.85
40.74,0,,75.29,28.06,2,-1,74.45,6.46,6.58,97.34,26.68,,67.26,34.05,1,0,67.39,-1.55,-3.93,35.53,34.83
40.77,0,,75.25,28.07,2,-1,74.01,5.35,5.26,94.91,26.89,,67.24,34.09,1,0,66.82,-1.58,-3.93,35.50,34.80
40.86,0,,75.25,28.07,2,-1,74.01,5.35,5.26,94.91,26.89,,67.23,34.12,1,0,67.06,-1.61,-3.93,35.47,34.77
40.98,0,,75.17,28.06,2,-1,74.44,5.44,5.22,94.96,27.02,,67.22,34.16,1,0,66.79,-1.66,-3.96,35.39,34.75
41.07,0,,75.12,28.05,2,-1,74.83,5.85,5.20,95.35,27.45,,67.21,34.19,1,0,67.05,-1.71,-3.97,35.33,34.71
41.17,0,,75.12,28.05,2,-1,74.83,5.85,5.20,95.35,27.45,,67.19,34.22,1,0,64.96,-2.60,-4.15,34.26,34.00
41.28,0,,75.05,28.02,2,-1,74.62,6.45,6.09,96.84,27.16,,67.17,34.25,1,0,65.55,-4.39,-5.09,31.53,33.15
41.37,0,,75.01,28.00,2,-1,74.23,6.99,6.52,97.81,27.27,,67.13,34.27,1,0,65.85,-4.89,-6.12,30.00,33.68
41.49,0,,74.97,27.97,2,-1,74.53,6.28,6.11,96.69,26.97,,67.10,34.29,1,0,66.03,-4.34,-5.88,30.79,33.99
41.58,0,,74.93,27.95,2,-1,74.75,5.98,5.62,95.90,27.16,,67.06,34.30,1,0,66.26,-3.85,-4.90,32.26,33.50
41.67,0,,74.93,27.95,2,-1,74.75,5.98,5.62,95.90,27.16,,67.02,34.30,1,0,66.19,-2.68,-4.45,33.88,34.22
41.76,0,,74.90,27.92,2,-1,74.37,6.95,5.91,97.16,27.84,,66.98,34.31,1,0,66.07,-2.29,-4.34,34.38,34.50
41.88,0,,74.83,27.87,2,-1,74.69,8.53,7.40,100.23,27.93,,66.94,34.31,1,0,66.23,-2.49,-4.30,34.22,34.26
41.97,0,,74.80,27.85,2,-1,74.91,9.05,7.74,101.09,28.11,,66.90,34.32,1,0,66.07,-2.11,-4.28,34.62,34.62
42.06,0,,74.80,27.85,2,-1,74.91,9.05,7.74,101.09,28.11,,66.86,34.32,1,0,66.02,-2.06,-4.21,34.74,34.60
42.24,0,,74.76,27.82,2,-1,75.12,6.76,6.98,98.04,26.58,,66.82,34.33,1,0,66.14,-1.99,-4.19,34.83,34.65
42.27,0,,74.76,27.82,2,-1,75.12,6.76,6.98,98.04,26.58,,66.78,34.34,1,0,65.49,-1.98,-4.21,34.82,34.68
42.36,0,,74.74,27.79,2,-1,75.36,5.47,5.90,95.67,26.37,,66.73,34.35,1,0,65.45,-2.31,-4.26,34.44,34.40
42.49,0,,74.72,27.73,2,-1,75.06,5.10,5.95,95.35,25.95,,66.68,34.35,1,0,65.46,-2.36,-4.31,34.34,34.40
42.57,0,,74.70,27.69,2,-1,73.77,5.82,6.58,96.70,26.04,,66.63,34.36,1,0,65.80,-2.01,-4.25,34.75,34.69
42.66,0,,74.70,27.69,2,-1,73.77,5.82,6.58,96.70,26.04,,66.59,34.37,1,0,65.72,-1.62,-4.12,35.27,34.95
42.78,0,,74.67,27.60,2,-1,74.21,8.18,8.67,101.15,26.31,,66.54,34.38,2,-1,65.96,-1.51,-4.07,35.43,35.01
42.87,0,,74.65,27.55,2,-1,73.61,9.67,9.40,103.37,27.07,,66.49,34.40,2,-1,66.23,-1.48,-4.03,35.50,35.00
42.99,0,,74.62,27.50,2,-1,72.85,9.56,9.00,102.86,27.36,,66.45,34.41,2,-1,65.87,-1.48,-4.02,35.51,34.99
43.08,0,,74.59,27.46,2,-1,75.60,7.37,6.83,98.50,27.34,,66.40,34.43,2,-1,65.67,-1.55,-4.04,35.42,34.94
43.17,0,,74.59,27.46,2,-1,75.60,7.37,6.83,98.50,27.34,,66.36,34.45,2,-1,65.79,-1.50,-3.98,35.53,34.93
43.26,0,,74.57,27.42,2,-1,75.95,7.94,6.68,98.92,28.06,,66.32,34.47,2,-1,65.82,-1.24,-3.89,35.88,35.10
43.38,0,,74.56,27.36,2,-1,75.48,7.66,6.02,97.98,28.44,,66.28,34.49,2,-1,65.86,-1.15,-3.87,35.99,35.17
43.47,0,,74.56,27.34,2,-1,77.20,6.20,5.16,95.66,27.84,,66.24,34.51,2,-1,65.86,-1.21,-3.89,35.91,35.13
43.56,0,,74.56,27.34,2,-1,77.20,6.20,5.16,95.66,27.84,,66.21,34.53,2,-1,65.93,-1.11,-3.89,36.01,35.23
43.74,0,,74.60,27.31,2,-1,75.51,3.65,3.93,91.88,26.52,,66.17,34.56,2,-1,66.39,-1.10,-3.89,36.02,35.24
43.78,0,,74.62,27.30,2,-1,74.81,4.64,4.57,93.51,26.87,,66.14,34.59,2,-1,66.20,-1.13,-3.90,35.98,35.22
43.86,0,,74.62,27.30,2,-1,74.81,4.64,4.57,93.51,26.87,,66.12,34.61,4,-2,65.99,-1.00,-3.88,36.13,35.33
43.98,0,,74.67,27.26,2,-1,74.65,6.02,4.63,94.95,28.19,,66.09,34.64,4,-2,66.50,-0.89,-3.78,36.34,35.34
44.07,0,,74.69,27.25,2,-1,74.74,7.60,6.02,97.92,28.38,,66.07,34.67,4,-2,65.98,-0.89,-3.77,36.35,35.33
44.17,0,,74.69,27.25,2,-1,74.74,7.60,6.02,97.92,28.38,,66.06,34.70,4,-2,66.48,-0.87,-3.81,36.33,35.39
44.28,0,,74.73,27.25,2,-1,75.54,7.17,6.12,97.59,27.85,,66.04,34.73,4,-2,65.48,-0.87,-3.78,36.36,35.36
44.37,0,,74.75,27.26,2,-1,72.52,7.15,5.96,97.41,27.99,,66.03,34.77,4,-2,66.06,-0.96,-3.76,36.29,35.25
44.52,0,,74.77,27.27,2,-1,74.57,8.78,6.44,99.52,29.14,,66.01,34.80,4,-2,65.65,-0.91,-3.77,36.33,35.31
44.58,0,,74.77,27.29,2,-1,73.99,8.02,6.49,98.81,28.33,,66.00,34.83,4,-2,66.41,-0.72,-3.76,36.53,35.49
44.67,0,,74.77,27.29,2,-1,73.99,8.02,6.49,98.81,28.33,,65.99,34.86,4,-2,66.25,-0.68,-3.69,36.64,35.46
44.76,0,,74.77,27.31,2,-1,74.63,8.86,6.91,100.07,28.75,,65.98,34.89,4,-2,65.98,-0.70,-3.68,36.63,35.43
44.88,0,,74.77,27.38,2,-1,74.74,13.71,11.67,109.68,28.84,,65.98,34.92,4,-2,66.20,-0.69,-3.71,36.61,35.47
44.97,0,,74.77,27.43,2,-1,72.89,14.80,12.58,111.68,29.02,,65.97,34.95,4,-2,65.95,-0.71,-3.70,36.60,35.44
45.06,0,,74.77,27.43,2,-1,72.89,14.80,12.58,111.68,29.02,,65.97,34.98,4,-2,65.72,-0.78,-3.70,36.53,35.37
45.24,0,,74.74,27.53,2,-1,74.21,16.35,14.20,114.85,28.95,,65.96,35.01,2,-1,66.44,-0.76,-3.66,36.59,35.35
45.27,0,,74.72,27.59,2,-1,74.33,17.26,14.57,116.13,29.49,,65.96,35.04,2,-1,66.46,-0.55,-3.63,36.83,35.53
45.36,0,,74.72,27.59,2,-1,74.33,17.26,14.57,116.13,29.49,,65.96,35.07,2,-1,66.28,-0.50,-3.63,36.88,35.58
45.48,0,,74.69,27.71,2,-1,75.17,17.40,14.27,115.97,29.93,,65.96,35.10,2,-1,66.36,-0.58,-3.61,36.82,35.48
45.60,0,,74.69,27.71,2,-1,75.17,17.40,14.27,115.97,29.93,,65.97,35.13,2,-1,66.07,-0.62,-3.62,36.77,35.45
45.66,0,,74.67,27.79,2,-1,74.02,16.94,14.06,115.30,29.68,,65.97,35.15,2,-1,66.04,-0.66,-3.63,36.72,35.42
45.78,0,,74.64,27.94,2,-1,75.67,16.26,13.54,114.10,29.52,,65.98,35.18,2,-1,66.28,-0.67,-3.62,36.72,35.40
45.87,0,,74.63,28.02,2,-1,75.95,16.25,13.08,113.63,29.97,,65.98,35.20,2,-1,66.74,-0.62,-3.62,36.77,35.45
45.99,0,,74.63,28.10,2,-1,76.56,15.04,12.02,111.36,29.82,,65.99,35.23,2,-1,66.12,-0.43,-3.64,36.94,35.66
46.08,0,,74.64,28.18,2,-1,75.52,13.75,11.16,109.21,29.39,,66.00,35.25,2,-1,66.76,-0.38,-3.59,37.04,35.66
46.17,0,,74.64,28.18,2,-1,75.52,13.75,11.16,109.21,29.39,,66.02,35.27,2,-1,66.38,-0.53,-3.56,36.92,35.48
46.26,0,,74.65,28.26,2,-1,75.66,13.24,10.69,108.23,29.35,,66.03,35.29,2,-1,66.19,-0.51,-3.62,36.88,35.56
46.38,0,,74.69,28.42,2,-1,74.50,12.00,9.50,105.80,29.30,,66.04,35.31,2,-1,66.15,-0.58,-3.60,36.83,35.47
46.47,0,,74.70,28.49,2,-1,75.25,12.17,9.06,105.53,29.91,,66.06,35.33,2,-1,65.89,-0.73,-3.57,36.71,35.29
46.56,0,,74.70,28.49,2,-1,75.25,12.17,9.06,105.53,29.91,,66.07,35.35,2,-1,66.22,-0.71,-3.65,36.65,35.39
46.74,0,,74.73,28.63,2,-1,74.93,11.48,8.65,104.43,29.63,,66.08,35.37,2,-1,66.36,-0.68,-3.61,36.72,35.38
46.78,0,,74.73,28.63,2,-1,74.93,11.48,8.65,104.43,29.63,,66.09,35.38,2,-1,66.53,-0.59,-3.55,36.87,35.41
46.86,0,,74.75,28.70,2,-1,75.94,11.40,8.70,104.40,29.50,,66.10,35.39,2,-1,66.39,-0.55,-3.61,36.85,35.51
46.98,0,,74.79,28.84,2,-1,76.07,12.60,9.29,106.19,30.11,,66.11,35.40,2,-1,66.60,-0.66,-3.59,36.76,35.38
47.07,0,,74.82,28.90,2,-1,75.74,12.72,9.34,106.36,30.18,,66.12,35.41,2,-1,65.81,-0.75,-3.55,36.71,35.25
47.16,0,,74.82,28.90,2,-1,75.74,12.72,9.34,106.36,30.18,,66.14,35.42,2,-1,66.07,-0.79,-3.57,36.65,35.23
47.28,0,,74.88,29.03,2,-1,76.48,10.63,8.13,103.06,29.30,,66.15,35.43,2,-1,66.19,-0.86,-3.57,36.58,35.16
47.37,0,,74.93,29.09,2,-1,75.52,10.16,7.10,101.56,29.86,,66.15,35.43,2,-1,65.96,-0.97,-3.59,36.45,35.07
47.49,0,,74.97,29.15,2,-1,76.28,11.71,7.87,103.88,30.64,,66.16,35.44,2,-1,66.22,-0.97,-3.57,36.47,35.05
47.58,0,,75.01,29.21,2,-1,75.84,12.28,8.94,105.52,30.14,,66.17,35.43,1,0,66.38,-0.89,-3.53,36.59,35.09
47.68,0,,75.01,29.21,2,-1,75.84,12.28,8.94,105.52,30.14,,66.17,35.43,1,0,66.24,-0.85,-3.56,36.60,35.16
47.76,0,,75.06,29.27,2,-1,76.23,12.94,9.50,106.74,30.24,,66.18,35.43,1,0,66.16,-0.85,-3.61,36.55,35.21
47.88,0,,75.16,29.39,2,-1,77.63,15.79,11.75,111.84,30.84,,66.19,35.42,1,0,66.09,-0.94,-3.59,36.48,35.10
47.97,0,,75.22,29.45,2,-1,77.15,15.63,11.46,111.39,30.97,,66.19,35.42,1,0,66.05,-1.07,-3.58,36.36,34.96
48.06,0,,75.22,29.45,2,-1,77.15,15.63,11.46,111.39,30.97,,66.19,35.41,1,0,65.74,-1.13,-3.58,36.30,34.90
48.24,0,,75.36,29.59,2,-1,77.40,16.22,11.56,112.08,31.46,,66.19,35.40,1,0,66.32,-1.21,-3.58,36.22,34.82
48.28,0,,75.44,29.66,2,-1,76.61,16.93,12.14,113.37,31.59,,66.19,35.38,1,0,65.84,-1.31,-3.61,36.09,34.75
48.37,0,,75.44,29.66,2,-1,76.61,16.93,12.14,113.37,31.59,,66.19,35.37,1,0,65.69,-1.28,-3.59,36.14,34.76
48.48,0,,75.59,29.82,2,-1,77.34,17.49,12.04,113.83,32.25,,66.19,35.35,1,0,66.18,-1.14,-3.57,36.30,34.88
48.57,0,,75.67,29.90,2,-1,77.14,16.96,11.71,112.97,32.05,,66.18,35.33,1,0,65.52,-1.11,-3.57,36.33,34.91
48.67,0,,75.67,29.90,2,-1,77.14,16.96,11.71,112.97,32.05,,66.18,35.32,2,-1,66.03,-1.16,-3.54,36.31,34.83
48.78,0,,75.83,30.08,2,-1,78.70,15.06,10.37,109.73,31.49,,66.17,35.30,2,-1,65.40,-1.08,-3.53,36.40,34.90
48.87,0,,75.92,30.17,2,-1,77.89,14.13,9.66,108.09,31.27,,66.16,35.28,2,-1,65.77,-1.12,-3.49,36.40,34.82
48.99,0,,76.01,30.26,2,-1,79.14,13.52,8.84,106.66,31.48,,66.15,35.26,2,-1,66.21,-1.25,-3.49,36.27,34.69
49.08,0,,76.11,30.34,2,-1,78.51,13.16,8.65,106.11,31.31,,66.14,35.23,2,-1,65.95,-1.28,-3.55,36.18,34.72
49.17,0,,76.11,30.34,2,-1,78.51,13.16,8.65,106.11,31.31,,66.13,35.21,2,-1,65.91,-1.35,-3.49,36.17,34.59
49.26,0,,76.21,30.42,2,-1,77.94,12.15,8.33,104.78,30.62,,66.12,35.19,2,-1,65.86,-1.35,-3.48,36.18,34.58
49.38,0,,76.41,30.56,2,-1,78.47,11.60,7.54,103.44,30.86,,66.10,35.16,2,-1,65.59,-1.22,-3.48,36.31,34.71
49.47,0,,76.52,30.63,2,-1,78.37,11.49,7.56,103.35,30.73,,66.09,35.14,2,-1,66.29,-1.12,-3.45,36.44,34.78
49.56,0,,76.52,30.63,2,-1,78.37,11.49,7.56,103.35,30.73,,66.08,35.11,2,-1,66.60,-1.08,-3.51,36.42,34.88
49.68,0,,76.62,30.68,2,-1,78.04,11.03,6.96,102.29,30.87,,66.08,35.09,2,-1,65.52,-1.15,-3.48,36.38,34.78
49.77,0,,76.83,30.78,2,-1,78.11,10.02,6.33,100.65,30.49,,66.07,35.07,2,-1,65.97,-1.25,-3.40,36.36,34.60
49.86,0,,76.83,30.78,2,-1,78.11,10.02,6.33,100.65,30.49,,66.06,35.04,2,-1,65.80,-1.25,-3.44,36.32,34.64
49.98,0,,77.04,30.86,2,-1,80.03,12.20,7.52,104.02,31.48,,66.05,35.02,2,-1,65.61,-1.29,-3.48,36.24,34.64
50.07,0,,77.15,30.89,2,-1,78.99,11.83,7.66,103.79,30.97,,66.04,35.00,2,-1,64.98,-1.44,-3.45,36.12,34.46
50.16,0,,77.15,30.89,2,-1,78.99,11.83,7.66,103.79,30.97,,66.02,34.97,2,-1,65.61,-1.38,-3.45,36.18,34.52
50.28,0,,77.37,30.96,2,-1,80.09,12.74,7.87,104.91,31.67,,66.01,34.95,2,-1,65.64,-1.22,-3.43,36.36,34.66
50.37,0,,77.49,30.99,2,-1,79.94,12.59,7.68,104.57,31.71,,65.99,34.93,2,-1,65.61,-1.21,-3.38,36.42,34.62
50.49,0,,77.61,31.03,1,1,80.51,12.48,7.02,103.80,32.26,,65.97,34.91,2,-1,66.14,-1.16,-3.37,36.48,34.66
50.58,0,,77.74,31.07,1,1,81.58,11.78,6.80,102.88,31.78,,65.96,34.88,2,-1,65.43,-1.11,-3.40,36.50,34.74
50.67,0,,77.74,31.07,1,1,81.58,11.78,6.80,102.88,31.78,,65.94,34.86,2,-1,66.37,-1.16,-3.41,36.44,34.70
50.76,0,,77.87,31.10,1,1,80.78,9.62,6.19,100.11,30.23,,65.93,34.85,2,-1,65.35,-1.20,-3.38,36.43,34.63
50.88,0,,78.13,31.13,1,1,77.73,1.03,2.54,87.87,25.29,,65.92,34.83,2,-1,65.70,-1.29,-3.35,36.37,34.51
50.97,0,,78.24,31.10,1,1,77.88,0.37,2.01,86.68,25.16,,65.90,34.81,2,-1,65.45,-1.43,-3.37,36.21,34.39
51.07,0,,78.24,31.10,1,1,77.88,0.37,2.01,86.68,25.16,,65.89,34.79,2,-1,65.43,-1.36,-3.38,36.27,34.47
51.18,0,,78.33,31.03,1,1,77.67,0.01,1.98,86.29,24.83,,65.87,34.77,2,-1,66.28,-1.16,-3.34,36.51,34.63
51.27,0,,78.49,30.82,1,1,78.48,-1.46,0.91,83.75,24.43,,65.86,34.75,2,-1,65.45,-1.06,-3.30,36.65,34.69
51.36,0,,78.49,30.82,1,1,78.48,-1.46,0.91,83.75,24.43,,65.84,34.74,2,-1,65.39,-1.08,-3.27,36.66,34.64
51.48,0,,78.61,30.51,0,2,78.89,-0.71,0.85,84.44,25.24,,65.83,34.72,2,-1,66.06,-1.10,-3.27,36.64,34.62
51.57,0,,78.66,30.33,0,2,78.80,0.52,1.67,86.49,25.65,,65.82,34.71,2,-1,65.67,-1.10,-3.31,36.60,34.66
51.66,0,,78.66,30.33,0,2,78.80,0.52,1.67,86.49,25.65,,65.81,34.70,2,-1,65.30,-1.13,-3.30,36.58,34.62
51.78,0,,78.76,29.95,0,2,78.38,0.47,1.78,86.55,25.49,,65.79,34.68,2,-1,65.54,-1.21,-3.28,36.52,34.52
51.87,0,,78.79,29.75,0,2,78.63,0.13,1.54,85.97,25.39,,65.78,34.67,2,-1,66.10,-1.28,-3.30,36.43,34.47
51.99,0,,78.83,29.55,0,2,79.06,0.32,1.34,85.96,25.78,,65.77,34.66,2,-1,65.20,-1.28,-3.31,36.42,34.48
52.08,0,,78.86,29.35,0,2,79.63,0.46,1.39,86.15,25.87,,65.76,34.65,2,-1,65.31,-1.22,-3.25,36.54,34.48
52.17,0,,78.86,29.35,0,2,79.63,0.46,1.39,86.15,25.87,,65.75,34.64,2,-1,65.29,-1.10,-3.23,36.68,34.58
52.26,0,,78.89,29.14,0,2,79.95,0.60,1.44,86.34,25.96,,65.73,34.63,2,-1,65.46,-1.04,-3.24,36.73,34.65
52.38,0,,78.96,28.75,0,2,79.74,1.24,1.34,86.88,26.70,,65.72,34.62,2,-1,65.50,-1.03,-3.22,36.76,34.64
52.47,0,,79.00,28.57,0,2,80.72,1.92,2.03,88.25,26.69,,65.70,34.61,2,-1,65.43,-1.02,-3.20,36.79,34.63
52.56,0,,79.00,28.57,0,2,80.72,1.92,2.03,88.25,26.69,,65.69,34.60,2,-1,65.46,-1.07,-3.19,36.75,34.57
52.68,0,,79.04,28.39,0,2,80.06,1.63,2.01,87.94,26.42,,65.67,34.59,2,-1,65.42,-1.14,-3.16,36.71,34.47
52.77,0,,79.14,28.05,0,2,80.94,-3.46,-0.86,79.98,24.20,,65.66,34.59,2,-1,65.32,-1.21,-3.14,36.66,34.38
52.86,0,,79.14,28.05,0,2,80.94,-3.46,-0.86,79.98,24.20,,65.65,34.58,2,-1,66.09,-1.19,-3.19,36.63,34.45
52.98,0,,79.32,27.69,0,2,100.00,-11.20,-6.33,66.77,21.93,,65.63,34.57,2,-1,65.67,-1.01,-3.18,36.82,34.62
53.08,0,,79.52,27.49,0,2,100.00,-13.86,-8.23,62.21,21.17,,65.62,34.57,2,-1,65.90,-0.90,-3.11,37.00,34.66
53.16,0,,79.52,27.49,0,2,100.00,-13.86,-8.23,62.21,21.17,,65.62,34.56,2,-1,65.38,-0.95,-3.11,36.95,34.61
53.28,0,,80.21,27.05,0,2,100.00,-16.70,-10.99,56.61,21.09,,65.61,34.56,2,-1,65.44,-1.01,-3.13,36.87,34.57
53.37,0,,80.68,26.81,0,2,100.00,-18.31,-12.20,53.79,20.69,,65.60,34.55,2,-1,65.64,-1.07,-3.15,36.79,34.53
53.49,0,,81.20,26.56,0,2,100.00,-19.55,-13.39,51.36,20.64,,65.60,34.55,2,-1,65.54,-1.24,-3.21,36.56,34.42
53.58,0,,81.78,26.31,0,2,100.00,-20.25,-14.42,49.63,20.97,,65.59,34.55,2,-1,66.31,-1.39,-3.29,36.33,34.35
53.67,0,,81.78,26.31,0,2,100.00,-20.25,-14.42,49.63,20.97,,65.59,34.54,2,-1,66.36,-1.54,-3.34,36.13,34.25
53.76,0,,82.41,26.04,0,2,100.00,-20.92,-15.41,47.97,21.29,,65.59,34.53,2,-1,65.54,-1.71,-3.43,35.87,34.17
53.88,0,,83.73,25.53,0,2,86.10,-20.24,-15.59,48.47,22.15,,65.59,34.53,2,-1,65.57,-1.76,-3.51,35.74,34.20
53.97,0,,84.35,25.28,0,2,86.35,-18.46,-13.70,52.14,22.04,,65.60,34.52,2,-1,65.78,-1.73,-3.50,35.78,34.22
54.06,0,,84.35,25.28,0,2,86.35,-18.46,-13.70,52.14,22.04,,65.60,34.51,2,-1,66.40,-1.76,-3.54,35.71,34.23
54.19,0,,84.91,25.03,0,2,86.65,-16.96,-12.67,54.67,22.51,,65.61,34.50,2,-1,66.04,-1.86,-3.58,35.57,34.17
54.27,0,,85.90,24.58,0,2,86.78,-14.23,-10.10,59.97,22.67,,65.62,34.49,2,-1,65.86,-1.94,-3.56,35.51,34.07
54.36,0,,85.90,24.58,0,2,86.78,-14.23,-10.10,59.97,22.67,,65.62,34.48,2,-1,65.44,-2.07,-3.58,35.36,33.96
54.48,0,,86.71,24.19,0,2,87.84,-10.64,-7.72,65.94,23.88,,65.63,34.46,2,-1,65.95,-2.22,-3.59,35.20,33.82
54.57,0,,87.07,24.02,0,2,87.38,-8.03,-6.01,70.26,24.78,,65.64,34.44,2,-1,65.73,-2.17,-3.63,35.21,33.91
54.67,0,,87.07,24.02,0,2,87.38,-8.03,-6.01,70.26,24.78,,65.65,34.43,2,-1,66.24,-2.08,-3.62,35.31,33.99
54.78,0,,87.67,23.79,0,2,98.38,34.08,18.75,137.13,42.13,,65.66,34.41,2,-1,65.83,-2.05,-3.56,35.40,33.96
54.87,0,,87.96,23.81,0,2,93.65,27.81,13.48,125.59,41.13,,65.67,34.39,2,-1,65.72,-2.01,-3.59,35.41,34.03
54.99,0,,88.25,23.91,0,2,89.40,5.65,-0.68,89.27,33.13,,65.68,34.37,2,-1,65.71,-2.02,-3.61,35.38,34.04
55.08,0,,88.53,24.07,0,2,92.29,6.24,0.48,91.02,32.56,,65.69,34.35,2,-1,65.99,-2.10,-3.58,35.33,33.93
55.17,0,,88.53,24.07,0,2,92.29,6.24,0.48,91.02,32.56,,65.70,34.33,2,-1,65.82,-2.13,-3.61,35.27,33.93
55.26,0,,88.81,24.26,0,2,100.00,10.85,3.43,98.58,34.22,,65.71,34.31,2,-1,65.94,-2.16,-3.64,35.21,33.93
55.38,0,,89.45,24.76,0,2,100.00,9.27,1.28,94.85,34.79,,65.72,34.29,2,-1,65.77,-2.21,-3.60,35.20,33.84
55.47,0,,89.81,25.06,0,2,100.00,9.14,1.09,94.53,34.85,,65.73,34.27,2,-1,65.99,-2.04,-3.54,35.43,33.95
55.56,0,,89.81,25.06,0,2,100.00,9.14,1.09,94.53,34.85,,65.74,34.25,2,-1,65.55,-1.92,-3.54,35.55,34.07
55.69,0,,90.19,25.38,0,2,100.00,9.22,0.70,94.22,35.32,,65.75,34.23,2,-1,66.01,-1.90,-3.56,35.55,34.11
55.77,0,,91.01,26.10,0,2,100.00,9.23,0.55,94.08,35.48,,65.75,34.21,2,-1,65.88,-1.85,-3.59,35.57,34.19
55.86,0,,91.01,26.10,0,2,100.00,9.23,0.55,94.08,35.48,,65.76,34.20,2,-1,66.08,-1.94,-3.55,35.52,34.06
55.98,0,,91.86,26.87,0,2,100.00,9.12,0.83,94.25,35.09,,65.77,34.18,2,-1,66.07,-1.99,-3.52,35.50,33.98
56.07,0,,92.29,27.27,0,2,100.00,9.68,0.85,94.83,35.63,,65.78,34.16,2,-1,65.62,-2.05,-3.56,35.40,33.96
56.16,0,,92.29,27.27,0,2,100.00,9.68,0.85,94.83,35.63,,65.79,34.15,2,-1,65.83,-2.02,-3.58,35.41,34.01
56.26,0,,92.72,27.68,0,2,100.00,10.16,1.02,95.48,35.94,,65.80,34.14,2,-1,65.52,-1.83,-3.54,35.64,34.16
56.37,0,,93.57,28.51,0,2,100.00,9.26,0.43,93.99,35.63,,65.80,34.12,2,-1,66.07,-1.79,-3.50,35.72,34.16
56.49,0,,93.98,28.92,0,2,100.00,9.31,0.14,93.75,35.97,,65.81,34.11,2,-1,66.62,-1.76,-3.49,35.76,34.18
56.55,0,,93.98,28.92,0,2,100.00,9.31,0.14,93.75,35.97,,65.82,34.10,2,-1,65.79,-1.73,-3.46,35.82,34.18
56.67,0,,94.39,29.33,0,2,100.00,9.16,0.10,93.56,35.86,,65.83,34.10,2,-1,66.16,-1.77,-3.48,35.76,34.16
56.76,0,,94.79,29.73,0,2,100.00,8.16,-0.33,92.13,35.29,,65.84,34.09,2,-1,66.05,-1.77,-3.52,35.72,34.20
56.86,0,,95.17,30.13,0,2,100.00,8.05,-0.43,91.92,35.28,,65.85,34.08,2,-1,65.96,-1.91,-3.52,35.58,34.06
56.97,0,,95.91,30.88,0,2,100.00,9.46,-0.11,93.65,36.37,,65.86,34.08,2,-1,65.87,-1.91,-3.51,35.59,34.05
57.06,0,,95.91,30.88,0,2,100.00,9.46,-0.11,93.65,36.37,,65.86,34.07,2,-1,66.29,-1.72,-3.52,35.77,34.25
57.16,0,,96.25,31.25,0,2,100.00,9.92,-0.18,94.04,36.90,,65.88,34.07,2,-1,66.30,-1.67,-3.52,35.82,34.30
57.28,0,,96.90,31.97,0,2,100.00,10.56,0.13,94.99,37.23,,65.89,34.07,2,-1,65.77,-1.63,-3.53,35.85,34.35
57.36,0,,96.90,31.97,0,2,100.00,10.56,0.13,94.99,37.23,,65.90,34.07,2,-1,65.88,-1.65,-3.51,35.85,34.31
57.48,0,,97.49,32.66,0,2,100.00,10.16,-0.01,94.45,36.97,,65.90,34.07,2,-1,65.90,-1.76,-3.49,35.76,34.18
57.57,0,,97.76,32.99,0,2,100.00,10.04,-0.39,93.95,37.23,,65.91,34.07,2,-1,66.07,-1.74,-3.55,35.72,34.26
57.66,0,,97.76,32.99,0,2,100.00,10.04,-0.39,93.95,37.23,,65.92,34.08,2,-1,66.03,-1.80,-3.59,35.62,34.24
57.75,0,,98.01,33.31,0,2,100.00,10.68,-0.52,94.46,38.00,,65.93,34.08,2,-1,65.95,-1.82,-3.54,35.65,34.17
57.87,0,,98.48,33.93,0,2,100.00,10.98,-0.65,94.63,38.43,,65.94,34.08,2,-1,66.32,-1.58,-3.53,35.90,34.40
57.99,0,,98.69,34.23,0,2,100.00,11.36,-0.51,95.15,38.67,,65.94,34.09,2,-1,66.20,-1.44,-3.52,36.05,34.53
58.05,0,,98.69,34.23,0,2,100.00,11.36,-0.51,95.15,38.67,,65.95,34.10,2,-1,65.99,-1.45,-3.48,36.08,34.48
58.17,0,,98.88,34.53,0,2,100.00,11.86,-0.09,96.07,38.75,,65.96,34.10,2,-1,65.79,-1.43,-3.49,36.09,34.51
58.26,0,,99.07,34.82,0,2,100.00,12.53,0.22,97.05,39.11,,65.97,34.11,2,-1,66.20,-1.44,-3.50,36.07,34.51
58.35,0,,99.23,35.10,0,2,100.00,12.42,0.05,96.77,39.17,,65.98,34.13,2,-1,66.17,-1.46,-3.51,36.04,34.50
58.47,0,,99.53,35.65,0,2,100.00,11.56,-0.62,95.24,38.98,,65.98,34.14,2,-1,66.00,-1.52,-3.53,35.96,34.46
58.56,0,,99.53,35.65,0,2,100.00,11.56,-0.62,95.24,38.98,,65.99,34.15,2,-1,66.10,-1.56,-3.41,36.04,34.30
58.65,0,,99.66,35.91,0,2,100.00,11.18,-0.75,94.73,38.73,,66.00,34.16,2,-1,66.00,-1.40,-3.38,36.23,34.43
58.77,0,,99.89,36.40,0,2,100.00,11.35,-1.04,94.61,39.19,,66.00,34.18,2,-1,66.64,-1.17,-3.45,36.39,34.73
58.86,0,,99.89,36.40,0,2,100.00,11.35,-1.04,94.61,39.19,,66.01,34.19,2,-1,66.22,-1.10,-3.40,36.51,34.75
58.98,0,,100.07,36.86,0,2,100.00,11.60,-1.02,94.88,39.42,,66.02,34.21,2,-1,65.93,-1.13,-3.35,36.53,34.67
59.08,0,,100.15,37.07,0,2,100.00,11.25,-1.19,94.36,39.24,,66.03,34.22,2,-1,66.64,-1.18,-3.40,36.43,34.67
59.16,0,,100.15,37.07,0,2,100.00,11.25,-1.19,94.36,39.24,,66.04,34.24,2,-1,66.37,-1.28,-3.42,36.31,34.59
59.25,0,,100.21,37.27,0,2,100.00,11.42,-1.24,94.48,39.46,,66.05,34.26,2,-1,66.54,-1.41,-3.44,36.16,34.48
59.37,0,,100.32,37.66,0,2,100.00,11.80,-1.03,95.07,39.63,,66.06,34.28,2,-1,66.20,-1.46,-3.49,36.06,34.48
59.49,0,,100.37,37.84,0,2,100.00,11.92,-0.84,95.38,39.56,,66.08,34.29,2,-1,65.35,-1.41,-3.51,36.09,34.55
59.55,0,,100.37,37.84,0,2,100.00,11.92,-0.84,95.38,39.56,,66.08,34.31,2,-1,66.34,-1.30,-3.47,36.24,34.62
59.67,0,,100.41,38.01,0,2,100.00,12.12,-0.54,95.88,39.46,,66.09,34.33,2,-1,66.05,-1.16,-3.46,36.39,34.75
59.76,0,,100.44,38.17,0,2,100.00,12.38,-0.47,96.21,39.65,,66.10,34.34,2,-1,65.96,-1.14,-3.49,36.38,34.80
59.85,0,,100.46,38.33,0,2,100.00,12.54,-0.64,96.20,39.98,,66.10,34.36,2,-1,66.16,-1.21,-3.49,36.31,34.73
59.97,0,,100.50,38.61,0,2,100.00,12.59,-0.69,96.20,40.08,,66.11,34.38,2,-1,66.13,-1.25,-3.47,36.29,34.67
60.06,0,,100.50,38.61,0,2,100.00,12.59,-0.69,96.20,40.08,,66.11,34.40,2,-1,65.80,-1.37,-3.51,36.13,34.59
60.15,0,,100.51,38.75,0,2,100.00,12.58,-0.62,96.26,40.00,,66.12,34.41,2,-1,66.54,-1.45,-3.54,36.02,34.54
60.27,0,,100.52,38.99,0,2,100.00,12.21,-0.49,96.02,39.50,,66.12,34.43,2,-1,66.34,-1.41,-3.53,36.07,34.57
60.36,0,,100.52,38.99,0,2,100.00,12.21,-0.49,96.02,39.50,,66.12,34.45,2,-1,66.37,-1.26,-3.44,36.31,34.63
60.48,0,,100.51,39.20,0,2,100.00,12.16,-0.19,96.27,39.15,,66.13,34.46,2,-1,66.34,-1.16,-3.33,36.52,34.62
60.57,0,,100.51,39.29,0,2,100.00,12.19,-0.20,96.29,39.19,,66.14,34.47,2,-1,66.40,-1.21,-3.33,36.47,34.57
60.66,0,,100.51,39.29,0,2,100.00,12.19,-0.20,96.29,39.19,,66.15,34.49,2,-1,66.46,-1.21,-3.37,36.43,34.61
60.75,0,,100.50,39.36,0,2,100.00,12.37,-0.32,96.35,39.49,,66.15,34.50,2,-1,66.91,-1.19,-3.44,36.38,34.70
60.87,0,,100.47,39.50,0,2,100.00,12.41,-0.19,96.52,39.40,,66.17,34.51,2,-1,66.59,-1.29,-3.46,36.26,34.62
60.99,0,,100.46,39.55,0,2,100.00,12.38,-0.25,96.43,39.43,,66.18,34.52,2,-1,66.52,-1.40,-3.46,36.15,34.51
61.06,0,,100.46,39.55,0,2,100.00,12.38,-0.25,96.43,39.43,,66.19,34.53,2,-1,66.07,-1.37,-3.50,36.14,34.58
61.17,0,,100.44,39.60,0,2,100.00,12.22,-0.01,96.51,39.03,,66.21,34.54,2,-1,66.45,-1.23,-3.49,36.29,34.71
61.26,0,,100.43,39.64,0,2,100.00,12.16,0.10,96.56,38.86,,66.22,34.55,2,-1,66.11,-1.23,-3.42,36.36,34.64
61.35,0,,100.41,39.67,0,2,100.00,12.04,0.14,96.48,38.70,,66.23,34.56,2,-1,66.71,-1.27,-3.44,36.30,34.62
61.47,0,,100.38,39.71,0,2,100.00,12.11,0.05,96.46,38.86,,66.24,34.57,2,-1,66.41,-1.24,-3.49,36.28,34.70
61.56,0,,100.38,39.71,0,2,100.00,12.11,0.05,96.46,38.86,,66.25,34.58,2,-1,66.54,-1.34,-3.50,36.17,34.61
61.65,0,,100.36,39.72,0,2,100.00,11.25,-0.25,95.30,38.30,,66.26,34.59,2,-1,66.19,-1.43,-3.50,36.08,34.52
61.78,0,,100.32,39.71,0,2,100.00,10.16,-0.82,93.64,37.78,,66.27,34.59,2,-1,66.60,-1.42,-3.51,36.08,34.54
61.87,0,,100.32,39.71,0,2,100.00,10.16,-0.82,93.64,37.78,,66.28,34.60,2,-1,66.68,-1.30,-3.51,36.20,34.66
61.98,0,,100.28,39.65,0,2,100.00,9.45,-0.78,92.97,37.03,,66.30,34.60,2,-1,66.65,-1.05,-3.48,36.48,34.88
62.08,0,,100.26,39.61,0,2,100.00,7.45,-1.69,90.06,35.94,,66.31,34.61,2,-1,66.59,-1.00,-3.46,36.55,34.91
62.16,0,,100.26,39.61,0,2,100.00,7.45,-1.69,90.06,35.94,,66.32,34.62,2,-1,66.21,-1.04,-3.50,36.47,34.91
62.26,0,,100.25,39.55,0,2,100.00,5.84,-2.79,87.35,35.43,,66.33,34.62,2,-1,66.27,-1.02,-3.51,36.48,34.94
62.37,0,,100.21,39.38,0,2,100.00,7.15,-1.34,90.11,35.29,,66.34,34.63,2,-1,66.12,-1.13,-3.50,36.38,34.82
62.52,0,,100.19,39.27,0,2,96.98,5.39,-1.99,87.70,34.18,,66.35,34.64,2,-1,66.11,-1.26,-3.48,36.27,34.67
62.56,0,,100.19,39.27,0,2,96.98,5.39,-1.99,87.70,34.18,,66.36,34.65,1,0,66.60,-1.24,-3.50,36.27,34.71
62.68,0,,100.16,39.14,0,2,97.07,3.96,-1.91,86.35,32.67,,66.36,34.66,1,0,66.81,-1.05,-3.55,36.41,34.95
62.76,0,,100.10,38.99,0,2,91.29,2.55,-2.18,84.67,31.53,,66.37,34.67,1,0,65.85,-0.92,-3.48,36.61,35.01
62.86,0,,100.01,38.81,0,2,89.10,0.01,-3.20,81.11,30.01,,66.38,34.68,1,0,66.87,-0.93,-3.48,36.60,35.00
62.97,0,,99.65,38.36,0,2,87.00,-1.95,-5.90,76.45,30.75,,66.38,34.69,1,0,66.55,-0.83,-3.63,36.55,35.25
63.07,0,,99.65,38.36,0,2,87.00,-1.95,-5.90,76.45,30.75,,66.39,34.70,1,0,66.17,-0.86,-3.59,36.56,35.18
63.15,0,,99.39,38.10,0,2,84.63,0.03,-6.42,77.91,33.25,,66.39,34.71,1,0,67.16,-1.04,-3.52,36.45,34.93
63.27,0,,98.70,37.60,0,2,78.68,6.57,-4.66,86.21,38.03,,66.40,34.73,1,0,66.67,-1.07,-3.61,36.33,34.99
63.36,0,,98.70,37.60,0,2,78.68,6.57,-4.66,86.21,38.03,,66.41,34.74,1,0,66.71,-1.13,-3.63,36.25,34.95
63.48,0,,97.73,37.21,0,2,71.24,19.50,3.02,106.82,43.28,,66.42,34.76,1,0,67.14,-1.09,-3.63,36.29,34.99
63.57,0,,97.09,37.09,0,2,57.12,23.20,8.40,115.90,41.60,,66.44,34.77,1,0,66.55,-0.85,-3.64,36.52,35.24
63.66,0,,97.09,37.09,0,2,57.12,23.20,8.40,115.90,41.60,,66.45,34.78,1,0,67.17,-0.79,-3.62,36.60,35.28
63.76,0,,96.29,37.00,0,2,50.00,25.14,12.76,122.20,39.18,,66.46,34.80,1,0,66.57,-0.81,-3.62,36.58,35.26
63.87,0,,94.17,36.87,0,2,46.83,23.84,18.72,126.86,31.92,,66.48,34.82,1,0,67.31,-0.77,-3.63,36.61,35.31
63.99,0,,92.88,36.77,0,2,52.76,24.80,21.25,130.35,30.35,,66.50,34.84,1,0,66.99,-0.81,-3.64,36.56,35.28
64.08,0,,91.46,36.65,0,2,38.14,25.55,23.72,133.57,28.63,,66.51,34.85,1,0,66.24,-0.90,-3.63,36.48,35.18
64.18,0,,91.46,36.65,0,2,38.14,25.55,23.72,133.57,28.63,,66.53,34.87,1,0,66.66,-0.96,-3.68,36.37,35.17
64.26,0,,89.92,36.50,0,2,52.25,27.83,24.26,136.39,30.37,,66.54,34.89,1,0,66.52,-0.97,-3.74,36.30,35.22
64.38,0,,86.62,36.15,0,2,52.84,31.92,27.10,143.32,31.62,,66.56,34.91,1,0,66.60,-0.91,-3.71,36.39,35.25
64.47,0,,84.91,35.95,0,2,45.76,32.94,27.34,144.58,32.40,,66.57,34.93,1,0,66.69,-0.72,-3.64,36.65,35.37
64.57,0,,84.91,35.95,0,2,45.76,32.94,27.34,144.58,32.40,,66.58,34.95,1,0,67.18,-0.64,-3.64,36.73,35.45
64.68,0,,83.16,35.76,0,2,45.20,31.54,27.19,143.03,31.15,,66.59,34.97,1,0,66.88,-0.65,-3.67,36.69,35.47
64.77,0,,79.57,35.35,0,1,39.17,30.82,26.63,141.75,30.99,,66.61,34.99,1,0,66.22,-0.65,-3.61,36.75,35.41
64.87,0,,79.57,35.35,0,1,39.17,30.82,26.63,141.75,30.99,,66.62,35.01,1,0,66.67,-0.75,-3.65,36.61,35.35
64.99,0,,75.95,34.90,2,-1,50.78,17.15,21.80,123.25,22.15,,66.63,35.03,1,0,66.42,-0.79,-3.74,36.48,35.40
65.07,0,,74.19,34.62,2,-1,53.20,5.31,13.92,103.53,18.19,,66.63,35.05,1,0,66.65,-0.81,-3.72,36.48,35.36
65.16,0,,74.19,34.62,2,-1,53.20,5.31,13.92,103.53,18.19,,66.64,35.07,1,0,67.02,-0.77,-3.76,36.48,35.44
65.28,0,,70.87,33.85,4,-2,52.21,-9.10,3.21,78.41,14.49,,66.65,35.09,1,0,66.39,-0.59,-3.80,36.62,35.66
65.37,0,,69.30,33.37,4,-2,50.12,-10.68,1.75,75.37,14.37,,66.65,35.11,1,0,66.72,-0.55,-3.74,36.72,35.64
65.49,0,,67.78,32.82,4,-2,45.71,-11.34,0.75,73.71,14.71,,66.66,35.14,1,0,67.46,-0.54,-3.74,36.73,35.65
65.58,0,,66.29,32.23,4,-2,43.32,-11.65,0.13,72.78,15.02,,66.67,35.16,1,0,67.14,-0.50,-3.81,36.70,35.76
65.68,0,,66.29,32.23,4,-2,43.32,-11.65,0.13,72.78,15.02,,66.68,35.18,1,0,67.09,-0.63,-3.78,36.60,35.60
65.76,0,,64.83,31.60,4,-2,40.11,-10.73,-0.17,73.40,16.24,,66.69,35.21,1,0,66.87,-0.70,-3.74,36.57,35.49
65.88,0,,61.94,30.28,4,-2,40.75,-9.07,-0.12,75.11,17.85,,66.71,35.23,1,0,67.06,-0.71,-3.80,36.50,35.54
65.97,0,,60.54,29.61,4,-2,40.49,-7.46,0.60,77.44,18.74,,66.72,35.25,1,0,67.17,-0.77,-3.80,36.44,35.48
66.07,0,,60.54,29.61,4,-2,40.49,-7.46,0.60,77.44,18.74,,66.73,35.27,1,0,67.47,-0.64,-3.80,36.57,35.61
66.18,0,,59.16,28.95,4,-2,41.09,-6.14,1.86,80.02,18.80,,66.75,35.29,1,0,66.92,-0.48,-3.83,36.70,35.80
66.27,0,,56.55,27.66,4,-2,44.72,-2.91,5.08,86.47,18.81,,66.76,35.32,1,0,66.49,-0.52,-3.81,36.68,35.74
66.36,0,,56.55,27.66,4,-2,44.72,-2.91,5.08,86.47,18.81,,66.78,35.34,1,0,66.91,-0.51,-3.83,36.67,35.77
66.48,0,,54.20,26.43,4,-2,47.51,-0.58,6.58,90.30,19.64,,66.79,35.36,1,0,67.09,-0.51,-3.83,36.67,35.77
66.58,0,,53.15,25.85,4,-2,57.55,-0.50,6.49,90.29,19.81,,66.80,35.38,1,0,67.08,-0.64,-3.83,36.54,35.64
66.67,0,,53.15,25.85,4,-2,57.55,-0.50,6.49,90.29,19.81,,66.82,35.40,1,0,66.68,-0.69,-3.89,36.43,35.65
66.78,0,,51.43,24.77,4,-2,56.40,-1.55,5.75,88.50,19.50,,66.83,35.42,1,0,67.12,-0.68,-3.91,36.42,35.68
66.88,0,,50.75,24.27,4,-2,57.34,-0.89,5.96,89.37,19.95,,66.84,35.44,1,0,67.50,-0.56,-3.86,36.59,35.75
67.00,0,,50.18,23.79,4,-2,55.98,0.24,6.73,91.27,20.31,,66.85,35.46,1,0,66.51,-0.38,-3.89,36.74,35.96
67.08,0,,50.18,23.79,4,-2,55.98,0.24,6.73,91.27,20.31,,66.86,35.48,1,0,67.06,-0.40,-3.95,36.66,36.00
67.17,0,,49.71,23.34,4,-2,55.37,0.57,7.75,92.62,19.62,,66.87,35.51,1,0,66.49,-0.44,-3.93,36.64,35.94
67.27,0,,49.31,22.92,4,-2,53.93,0.49,8.33,93.12,18.96,,66.88,35.53,1,0,67.02,-0.44,-3.90,36.67,35.91
67.39,0,,48.71,22.14,4,-2,50.35,-0.09,8.97,93.18,17.74,,66.89,35.55,1,0,66.26,-0.57,-3.94,36.50,35.82
67.47,0,,48.47,21.77,4,-2,46.59,-0.47,8.89,92.72,17.44,,66.89,35.57,1,0,66.62,-0.74,-3.97,36.30,35.68
67.57,0,,48.47,21.77,4,-2,46.59,-0.47,8.89,92.72,17.44,,66.89,35.59,1,0,67.08,-0.63,-3.98,36.40,35.80
67.68,0,,48.25,21.42,4,-2,44.29,-0.71,9.01,92.60,17.08,,66.90,35.61,1,0,66.89,-0.30,-3.98,36.73,36.13
67.77,0,,47.80,20.74,4,-2,41.49,-1.79,9.20,91.71,15.81,,66.90,35.63,1,0,66.90,-0.30,-3.91,36.80,36.06
67.86,0,,47.80,20.74,4,-2,41.49,-1.79,9.20,91.71,15.81,,66.90,35.65,1,0,67.07,-0.39,-3.89,36.73,35.95
67.99,0,,47.30,20.09,4,-2,36.41,-3.30,9.40,90.40,14.10,,66.90,35.67,1,0,67.13,-0.35,-3.95,36.71,36.05
68.07,0,,47.00,19.76,4,-2,34.75,-4.65,9.18,88.83,12.97,,66.91,35.68,1,0,67.62,-0.47,-3.98,36.56,35.96
68.16,0,,47.00,19.76,4,-2,34.75,-4.65,9.18,88.83,12.97,,66.91,35.70,1,0,66.51,-0.54,-4.01,36.46,35.92
68.29,0,,46.28,19.09,4,-2,29.72,-7.70,8.57,85.17,10.53,,66.92,35.72,1,0,66.79,-0.59,-3.99,36.43,35.85
68.38,0,,45.84,18.74,4,-2,27.01,-8.31,8.22,84.21,10.27,,66.92,35.74,1,0,66.73,-0.51,-3.99,36.51,35.93
68.49,0,,45.34,18.38,4,-2,26.02,-8.24,8.06,84.12,10.50,,66.92,35.76,1,0,66.71,-0.35,-3.97,36.69,36.07
68.58,0,,44.77,18.01,4,-2,23.27,-9.00,8.24,83.54,9.56,,66.92,35.77,1,0,66.78,-0.43,-3.93,36.65,35.95
68.68,0,,44.77,18.01,4,-2,23.27,-9.00,8.24,83.54,9.56,,66.92,35.79,1,0,67.25,-0.43,-3.99,36.59,36.01
68.76,0,,44.15,17.62,4,-2,27.64,-9.47,8.06,82.89,9.27,,66.92,35.80,1,0,67.17,-0.39,-4.03,36.59,36.09
68.89,0,,42.80,16.84,4,-2,26.72,-8.82,7.67,83.15,10.31,,66.93,35.82,1,0,67.50,-0.50,-4.04,36.47,35.99
68.97,0,,42.08,16.45,4,-2,26.70,-9.81,6.94,81.43,10.05,,66.93,35.83,1,0,67.24,-0.41,-4.09,36.51,36.13
69.06,0,,42.08,16.45,4,-2,26.70,-9.81,6.94,81.43,10.05,,66.94,35.85,1,0,66.99,-0.26,-4.11,36.64,36.30
69.18,0,,41.35,16.07,4,-2,25.29,-11.92,6.04,78.42,8.84,,66.94,35.87,1,0,67.19,-0.32,-4.08,36.61,36.21
69.27,0,,39.78,15.26,4,-2,14.05,-20.12,7.38,71.56,-0.70,,66.95,35.88,1,0,67.01,-0.31,-4.13,36.57,36.27
69.36,0,,39.78,15.26,4,-2,14.05,-20.12,7.38,71.56,-0.70,,66.96,35.90,1,0,67.15,-0.28,-4.16,36.57,36.33
69.48,0,,38.05,14.27,4,-2,30.15,-20.17,11.55,75.68,-4.92,,66.97,35.92,1,0,66.94,-0.35,-4.12,36.54,36.22
69.57,0,,37.22,13.69,4,-2,33.19,-17.09,10.66,77.87,-0.95,,66.97,35.93,1,0,67.02,-0.41,-4.16,36.44,36.20
69.67,0,,37.22,13.69,4,-2,33.19,-17.09,10.66,77.87,-0.95,,66.98,35.95,1,0,66.83,-0.39,-4.18,36.44,36.24
69.79,0,,35.76,12.46,4,-2,38.67,-17.17,9.95,77.08,-0.32,,66.98,35.97,1,0,66.82,-0.24,-4.15,36.62,36.36
69.88,0,,35.17,11.82,4,-2,41.13,-17.57,8.64,75.37,0.59,,66.98,35.99,1,0,66.30,-0.11,-4.14,36.76,36.48
70.00,0,,34.67,11.19,4,-2,41.35,-18.09,7.28,73.49,1.43,,66.98,36.00,1,0,66.48,-0.15,-4.15,36.71,36.45
70.08,0,,34.26,10.57,4,-2,41.03,-17.21,7.21,74.30,2.38,,66.98,36.02,1,0,66.91,-0.25,-4.21,36.55,36.41
70.18,0,,34.26,10.57,4,-2,41.03,-17.21,7.21,74.30,2.38,,66.98,36.04,1,0,66.99,-0.24,-4.22,36.55,36.43
70.26,0,,33.93,9.96,4,-2,41.15,-16.38,7.40,75.32,3.02,,66.97,36.06,1,0,66.84,-0.20,-4.19,36.62,36.44
70.39,0,,33.51,8.83,4,-2,44.52,-15.32,6.07,75.05,5.41,,66.97,36.08,1,0,67.10,-0.16,-4.22,36.63,36.51
70.47,0,,33.42,8.32,4,-2,44.64,-15.28,5.18,74.20,6.34,,66.97,36.10,1,0,67.24,-0.01,-4.20,36.80,36.64
70.57,0,,33.42,8.32,4,-2,44.64,-15.28,5.18,74.20,6.34,,66.96,36.12,1,0,67.20,0.08,-4.14,36.95,36.67
70.68,0,,33.40,7.85,4,-2,46.39,-15.49,4.47,73.28,6.84,,66.96,36.15,1,0,66.77,0.03,-4.18,36.86,36.66
70.78,0,,33.61,7.03,4,-2,50.08,-16.50,3.90,71.70,6.40,,66.96,36.17,1,0,66.44,0.02,-4.21,36.82,36.68
70.86,0,,33.61,7.03,4,-2,50.08,-16.50,3.90,71.70,6.40,,66.96,36.19,1,0,67.38,-0.02,-4.18,36.81,36.61
70.99,0,,34.15,6.37,4,-2,50.02,-13.54,5.89,76.65,7.37,,66.96,36.21,1,0,66.83,-0.10,-4.24,36.67,36.59
71.07,0,,34.54,6.09,4,-2,54.11,-11.77,8.18,80.71,6.85,,66.96,36.24,1,0,67.07,-0.05,-4.28,36.68,36.68
71.17,0,,34.54,6.09,4,-2,54.11,-11.77,8.18,80.71,6.85,,66.96,36.26,1,0,67.18,0.13,-4.23,36.91,36.81
71.28,0,,35.52,5.65,4,-2,58.18,-4.63,13.86,93.53,8.31,,66.96,36.28,1,0,66.67,0.18,-4.18,37.01,36.81
71.38,0,,36.12,5.48,4,-2,58.90,-2.51,15.54,97.33,8.75,,66.96,36.31,1,0,67.54,0.16,-4.22,36.95,36.83
71.50,0,,36.79,5.34,4,-2,57.75,-2.31,15.94,97.93,8.55,,66.96,36.33,1,0,67.56,0.20,-4.26,36.95,36.91
71.59,0,,36.79,5.34,4,-2,57.75,-2.31,15.94,97.93,8.55,,66.97,36.36,1,0,66.84,0.08,-4.25,36.84,36.78
71.67,0,,37.51,5.24,4,-2,60.63,-0.12,17.68,101.86,9.00,,66.97,36.38,1,0,67.09,-0.02,-4.31,36.68,36.74
71.76,0,,38.30,5.17,4,-2,61.64,1.23,17.89,103.42,10.14,,66.97,36.41,1,0,67.13,0.15,-4.37,36.79,36.97
71.89,0,,40.03,5.15,4,-2,66.41,9.28,23.18,116.76,12.90,,66.98,36.43,1,0,66.92,0.33,-4.24,37.10,37.02
71.98,0,,40.97,5.21,4,-2,67.71,12.00,24.30,120.60,14.50,,66.98,36.46,1,0,66.89,0.41,-4.20,37.22,37.06
72.06,0,,40.97,5.21,4,-2,67.71,12.00,24.30,120.60,14.50,,66.99,36.49,1,0,66.99,0.33,-4.27,37.07,37.05
72.18,0,,41.98,5.31,4,-2,73.53,16.62,26.51,127.43,16.91,,66.99,36.52,1,0,67.33,0.26,-4.26,37.01,36.97
72.28,0,,44.23,5.70,4,-2,75.66,22.34,27.44,134.08,21.70,,66.99,36.54,1,0,67.21,0.30,-4.30,37.01,37.05
72.36,0,,44.23,5.70,4,-2,75.66,22.34,27.44,134.08,21.70,,67.00,36.57,1,0,66.92,0.24,-4.30,36.95,36.99
72.49,0,,46.71,6.36,4,-2,70.41,23.58,24.92,132.80,25.46,,67.00,36.60,1,0,67.45,0.25,-4.28,36.98,36.98
72.57,0,,47.99,6.80,4,-2,70.00,23.72,23.37,131.39,27.15,,67.01,36.62,1,0,67.10,0.38,-4.30,37.09,37.13
72.66,0,,47.99,6.80,4,-2,70.00,23.72,23.37,131.39,27.15,,67.02,36.65,1,0,66.93,0.37,-4.28,37.10,37.10
72.79,0,,50.49,7.89,4,-2,65.54,19.88,18.08,122.26,28.60,,67.02,36.68,1,0,67.21,0.35,-4.31,37.05,37.11
72.88,0,,51.68,8.53,4,-2,66.50,18.08,15.79,118.17,29.09,,67.03,36.70,1,0,67.26,0.37,-4.35,37.03,37.17
73.00,0,,52.83,9.23,4,-2,64.28,16.29,14.03,114.62,29.06,,67.04,36.73,1,0,67.80,0.24,-4.36,36.89,37.05
73.09,0,,53.93,9.96,4,-2,65.71,13.82,12.33,110.45,28.29,,67.05,36.75,1,0,67.60,0.11,-4.38,36.74,36.94
73.18,0,,53.93,9.96,4,-2,65.71,13.82,12.33,110.45,28.29,,67.06,36.78,1,0,67.49,0.16,-4.36,36.81,36.97
73.26,0,,54.98,10.73,4,-2,63.75,12.28,10.84,107.42,28.24,,67.07,36.80,1,0,66.85,0.34,-4.32,37.03,37.11
73.38,0,,56.92,12.32,4,-2,65.95,12.08,9.79,106.17,29.09,,67.08,36.82,1,0,67.22,0.44,-4.30,37.15,37.19
73.47,0,,57.82,13.14,4,-2,65.04,12.40,9.93,106.63,29.27,,67.09,36.84,1,0,67.43,0.42,-4.32,37.11,37.19
73.57,0,,57.82,13.14,4,-2,65.04,12.40,9.93,106.63,29.27,,67.10,36.87,1,0,67.45,0.34,-4.32,37.03,37.11
73.68,0,,58.66,13.96,4,-2,64.29,11.70,9.53,105.53,28.97,,67.12,36.89,1,0,67.18,0.25,-4.37,36.89,37.07
73.77,0,,60.19,15.61,4,-2,64.34,10.52,8.49,103.31,28.83,,67.13,36.91,1,0,67.38,0.20,-4.41,36.80,37.06
73.86,0,,60.19,15.61,4,-2,64.34,10.52,8.49,103.31,28.83,,67.14,36.92,1,0,67.42,0.10,-4.40,36.71,36.95
73.98,0,,61.52,17.22,4,-2,64.56,10.01,8.47,102.78,28.34,,67.15,36.94,1,0,67.52,0.14,-4.39,36.76,36.98
74.07,0,,62.11,18.00,4,-2,64.69,9.29,7.87,101.46,28.22,,67.16,36.96,1,0,67.09,0.35,-4.39,36.97,37.19
74.16,0,,62.11,18.00,4,-2,64.69,9.29,7.87,101.46,28.22,,67.17,36.97,1,0,67.03,0.33,-4.37,36.97,37.15
74.29,0,,63.16,19.49,4,-2,66.26,7.62,6.85,98.77,27.57,,67.18,36.99,1,0,67.75,0.36,-4.41,36.96,37.22
74.37,0,,63.63,20.20,4,-2,65.69,6.77,6.24,97.31,27.33,,67.20,37.00,1,0,67.73,0.41,-4.45,36.97,37.31
74.50,0,,64.06,20.87,4,-2,65.19,6.41,5.66,96.37,27.55,,67.21,37.02,1,0,67.40,0.24,-4.43,36.82,37.12
74.58,0,,64.45,21.51,4,-2,64.86,6.67,6.13,97.10,27.34,,67.22,37.03,1,0,66.81,0.14,-4.43,36.72,37.02
74.68,0,,64.45,21.51,4,-2,64.86,6.67,6.13,97.10,27.34,,67.23,37.04,1,0,66.85,0.02,-4.44,36.59,36.91
74.76,0,,64.80,22.11,4,-2,65.78,5.29,5.53,95.12,26.56,,67.24,37.05,1,0,67.35,0.08,-4.50,36.59,37.03
74.88,0,,65.41,23.21,4,-2,64.95,2.27,3.65,90.22,25.42,,67.24,37.06,1,0,67.05,0.35,-4.50,36.86,37.30
74.97,0,,65.66,23.69,4,-2,65.35,4.35,4.28,92.93,26.87,,67.25,37.07,1,0,67.09,0.31,-4.42,36.90,37.18
75.07,0,,65.66,23.69,4,-2,65.35,4.35,4.28,92.93,26.87,,67.25,37.08,1,0,67.68,0.27,-4.42,36.86,37.14
75.18,0,,65.88,24.15,3,1,65.53,6.05,5.13,95.48,27.72,,67.26,37.09,1,0,67.43,0.35,-4.47,36.89,37.27
75.28,0,,66.28,24.97,0,2,68.84,7.62,6.01,97.93,28.41,,67.26,37.10,1,0,67.93,0.21,-4.47,36.75,37.13
75.36,0,,66.28,24.97,0,2,68.84,7.62,6.01,97.93,28.41,,67.27,37.11,1,0,67.33,0.06,-4.41,36.66,36.92
75.49,0,,66.65,25.70,0,2,68.16,7.34,6.37,98.01,27.77,,67.28,37.11,1,0,67.19,0.03,-4.46,36.58,36.94
75.61,0,,66.83,26.03,0,2,68.88,5.61,5.00,94.91,27.41,,67.29,37.12,1,0,67.17,0.06,-4.48,36.59,36.99
75.66,0,,66.83,26.03,0,2,68.88,5.61,5.00,94.91,27.41,,67.29,37.12,1,0,67.19,0.25,-4.42,36.84,37.12
75.79,0,,67.17,26.63,0,2,69.06,9.65,7.42,101.37,29.03,,67.30,37.12,1,0,67.61,0.38,-4.49,36.90,37.32
75.88,0,,67.33,26.91,0,2,69.01,9.87,7.10,101.27,29.57,,67.30,37.13,1,0,67.23,-0.15,-4.43,36.43,36.73
76.00,0,,67.49,27.17,0,2,69.53,9.62,6.38,100.30,30.04,,67.31,37.13,1,0,67.58,-1.24,-4.29,35.48,35.50
76.08,0,,67.64,27.42,0,2,69.14,9.71,6.82,100.83,29.69,,67.31,37.12,1,0,67.33,-1.80,-4.33,34.88,34.98
76.18,0,,67.64,27.42,0,2,69.14,9.71,6.82,100.83,29.69,,67.32,37.10,1,0,67.47,-2.34,-4.46,34.21,34.57
76.26,0,,67.78,27.66,0,2,65.73,11.78,7.87,103.95,30.71,,67.32,37.06,1,0,66.87,-3.30,-4.64,33.07,33.79
76.39,0,,67.98,28.12,0,2,65.43,17.41,12.08,113.79,32.13,,67.33,37.02,1,0,66.77,-3.25,-4.58,33.18,33.78
76.47,0,,68.04,28.34,0,2,65.37,18.81,14.18,117.29,31.43,,67.32,36.96,1,0,67.10,-2.55,-4.38,34.08,34.28
76.57,0,,68.04,28.34,0,2,65.37,18.81,14.18,117.29,31.43,,67.32,36.88,1,0,67.50,-2.36,-4.35,34.30,34.44
76.68,0,,68.08,28.57,0,2,67.15,16.77,12.37,113.44,31.20,,67.32,36.81,1,0,67.51,-2.33,-4.44,34.24,34.56
76.77,0,,68.13,28.99,0,2,67.50,14.35,9.79,108.44,31.36,,67.32,36.72,1,0,67.58,-2.53,-4.62,33.86,34.54
76.87,0,,68.13,28.99,0,2,67.50,14.35,9.79,108.44,31.36,,67.32,36.64,1,0,68.14,-2.94,-4.75,33.32,34.26
76.99,0,,68.14,29.38,0,2,67.77,15.42,10.11,109.83,32.11,,67.33,36.55,1,0,68.19,-3.52,-5.08,32.41,34.01
77.07,0,,68.14,29.57,0,2,68.57,16.66,10.49,111.45,32.97,,67.34,36.45,1,0,69.06,-4.12,-5.62,31.27,33.95
77.17,0,,68.14,29.57,0,2,68.57,16.66,10.49,111.45,32.97,,67.36,36.35,1,0,68.92,-4.02,-5.80,31.19,34.23
77.28,0,,68.11,29.95,0,2,64.42,18.34,12.56,115.20,32.58,,67.39,36.25,1,0,69.12,-3.65,-5.68,31.68,34.48
77.38,0,,68.08,30.14,0,2,65.80,21.96,14.62,120.88,34.14,,67.42,36.14,1,0,68.61,-3.69,-5.61,31.71,34.37
77.50,0,,68.04,30.33,0,2,65.24,23.84,19.07,127.21,31.57,,67.46,36.04,1,0,68.65,-3.70,-5.54,31.77,34.29
77.58,0,,67.98,30.50,0,2,65.25,21.97,16.97,123.24,31.80,,67.50,35.94,1,0,68.00,-3.48,-5.40,32.13,34.37
77.68,0,,67.98,30.50,0,2,65.25,21.97,16.97,123.24,31.80,,67.54,35.84,1,0,68.61,-3.40,-5.24,32.37,34.29
77.76,0,,67.93,30.67,0,2,69.88,23.41,17.24,124.95,32.97,,67.58,35.74,1,0,68.24,-3.56,-5.33,32.12,34.22
77.88,0,,67.84,30.99,0,2,67.74,21.54,13.41,119.25,34.93,,67.62,35.65,1,0,68.64,-3.55,-5.46,32.00,34.36
77.98,0,,67.82,31.15,0,2,70.92,28.43,18.21,130.94,37.02,,67.66,35.55,1,0,68.14,-3.25,-5.33,32.43,34.53
78.09,0,,67.82,31.32,0,2,71.79,27.18,19.27,130.75,34.71,,67.70,35.46,1,0,68.21,-3.01,-5.20,32.80,34.64
78.24,0,,67.83,31.50,0,2,69.55,22.65,15.42,122.37,34.03,,67.74,35.38,1,0,67.80,-2.99,-5.14,32.88,34.60
78.28,0,,67.85,31.67,0,2,68.98,21.95,14.21,120.46,34.54,,67.78,35.30,1,0,68.07,-2.93,-5.12,32.96,34.64
78.36,0,,67.85,31.67,0,2,68.98,21.95,14.21,120.46,34.54,,67.81,35.22,1,0,68.39,-2.87,-5.08,33.06,34.66
78.49,0,,67.93,32.01,0,2,71.85,20.64,13.18,118.12,34.26,,67.84,35.15,1,0,68.48,-2.91,-5.05,33.05,34.59
78.57,0,,68.00,32.18,0,2,70.51,19.01,11.62,114.93,34.19,,67.88,35.08,1,0,68.00,-2.88,-5.04,33.09,34.61
78.67,0,,68.00,32.18,0,2,70.51,19.01,11.62,114.93,34.19,,67.91,35.02,1,0,68.27,-2.77,-4.97,33.27,34.65
78.79,0,,68.16,32.51,0,2,71.51,20.75,12.20,117.25,35.35,,67.94,34.96,1,0,68.10,-2.54,-4.98,33.49,34.89
78.88,0,,68.26,32.67,0,2,70.99,21.22,12.85,118.37,35.17,,67.97,34.91,1,0,68.41,-2.46,-5.02,33.53,35.01
79.00,0,,68.36,32.83,0,2,68.14,24.38,15.08,123.76,36.10,,67.99,34.86,0,1,67.94,-2.52,-5.00,33.49,34.93
79.09,0,,68.46,32.99,0,2,70.62,25.99,17.94,128.23,34.85,,68.02,34.82,0,1,68.01,-2.45,-4.92,33.64,34.92
79.18,0,,68.46,32.99,0,2,70.62,25.99,17.94,128.23,34.85,,68.04,34.78,0,1,68.39,-2.47,-4.81,33.73,34.79
79.26,0,,68.56,33.14,0,2,72.06,25.98,20.31,130.59,32.47,,68.06,34.75,0,1,68.42,-2.36,-4.78,33.87,34.87
79.38,0,,68.79,33.38,0,2,73.23,23.98,21.32,129.60,29.46,,68.08,34.72,0,1,68.15,-2.05,-4.74,34.22,35.14
79.48,0,,68.93,33.46,0,2,74.57,23.08,21.08,128.46,28.80,,68.10,34.70,0,1,68.30,-1.87,-4.72,34.42,35.30
79.57,0,,68.93,33.46,0,2,74.57,23.08,21.08,128.46,28.80,,68.12,34.68,0,1,67.90,-1.92,-4.68,34.41,35.21
79.68,0,,69.08,33.50,0,2,76.97,22.15,20.35,126.80,28.60,,68.13,34.67,0,1,68.43,-1.96,-4.64,34.41,35.13
79.78,0,,69.46,33.48,0,2,73.59,24.60,21.20,130.10,30.20,,68.15,34.66,0,1,68.15,-1.85,-4.69,34.47,35.29
79.86,0,,69.46,33.48,0,2,73.59,24.60,21.20,130.10,30.20,,68.16,34.66,0,1,68.22,-1.92,-4.69,34.40,35.22
79.99,0,,69.89,33.39,0,2,74.08,24.24,20.25,128.79,30.79,,68.18,34.66,0,1,68.13,-1.95,-4.66,34.40,35.16
80.07,0,,70.11,33.34,0,2,75.87,23.62,20.16,128.08,30.26,,68.19,34.66,0,1,68.15,-1.63,-4.61,34.77,35.43
80.17,0,,70.11,33.34,0,2,75.87,23.62,20.16,128.08,30.26,,68.20,34.67,0,1,68.50,-1.54,-4.52,34.95,35.43
80.29,0,,70.57,33.18,0,2,75.88,22.55,19.86,126.71,29.49,,68.21,34.68,0,1,68.32,-1.59,-4.57,34.85,35.43
80.40,0,,70.81,33.09,0,2,76.54,21.77,19.79,125.86,28.78,,68.22,34.70,0,1,68.48,-1.58,-4.65,34.78,35.52
80.53,0,,71.06,32.98,0,2,77.48,21.34,18.73,124.37,29.41,,68.23,34.71,0,1,67.54,-1.90,-4.70,34.41,35.25
80.59,0,,71.31,32.86,0,2,73.23,21.24,18.85,124.39,29.19,,68.23,34.73,0,1,67.98,-2.41,-5.01,33.59,35.05
80.68,0,,71.31,32.86,0,2,73.23,21.24,18.85,124.39,29.19,,68.24,34.75,0,1,68.46,-2.57,-5.30,33.14,35.18
80.76,0,,71.56,32.73,0,2,74.33,20.63,19.12,124.05,28.31,,68.24,34.77,0,1,68.44,-2.26,-5.35,33.40,35.54
80.89,0,,72.04,32.45,0,2,77.74,20.42,18.89,123.61,28.33,,68.24,34.79,0,1,68.21,-2.13,-5.38,33.50,35.70
80.98,0,,72.29,32.29,0,2,78.55,20.46,19.29,124.05,27.97,,68.25,34.82,0,1,68.15,-2.28,-5.33,33.40,35.50
81.07,0,,72.29,32.29,0,2,78.55,20.46,19.29,124.05,27.97,,68.25,34.84,0,1,67.70,-2.28,-5.26,33.47,35.43
81.18,0,,72.54,32.12,0,2,78.04,20.37,19.37,124.04,27.80,,68.25,34.87,0,1,68.13,-2.38,-5.31,33.32,35.38
81.28,0,,73.06,31.77,0,2,77.73,20.15,19.07,123.52,27.88,,68.25,34.90,0,1,68.22,-2.50,-5.63,32.88,35.58
81.36,0,,73.06,31.77,0,2,77.73,20.15,19.07,123.52,27.88,,68.25,34.93,0,1,69.07,-2.34,-6.24,32.43,36.35
81.49,0,,73.58,31.40,0,2,77.08,19.97,18.65,122.92,28.12,,68.25,34.96,0,1,68.87,-2.03,-6.57,32.41,36.99
81.57,0,,73.84,31.21,0,2,78.92,20.33,18.72,123.35,28.41,,68.26,35.00,0,1,69.46,-1.88,-6.42,32.71,36.99
81.67,0,,73.84,31.21,0,2,78.92,20.33,18.72,123.35,28.41,,68.27,35.05,0,1,68.61,-1.90,-6.13,32.98,36.68
81.79,0,,74.36,30.86,0,2,78.08,21.38,19.05,124.73,29.13,,68.29,35.11,0,1,69.04,-1.80,-5.69,33.52,36.34
81.87,0,,74.61,30.69,0,2,77.58,20.93,18.57,123.80,29.16,,68.31,35.16,0,1,69.23,-1.82,-5.24,33.95,35.87
82.00,0,,74.85,30.54,0,2,79.12,21.65,18.66,124.61,29.79,,68.33,35.21,0,1,69.20,-2.15,-5.20,33.66,35.50
82.09,0,,74.85,30.54,0,2,79.12,21.65,18.66,124.61,29.79,,68.35,35.26,0,1,69.69,-2.34,-5.39,33.28,35.50
82.18,0,,75.09,30.39,0,2,76.93,21.19,18.84,124.33,29.15,,68.38,35.31,0,1,69.56,-2.15,-5.31,33.55,35.61
82.26,0,,75.32,30.25,0,2,79.27,20.49,18.72,123.51,28.57,,68.41,35.35,0,1,69.20,-1.97,-5.06,33.98,35.54
82.39,0,,75.77,29.99,0,2,77.23,20.94,19.27,124.51,28.47,,68.44,35.39,0,1,69.20,-2.15,-5.04,33.82,35.34
82.48,0,,76.00,29.87,0,2,81.98,21.38,19.73,125.41,28.45,,68.48,35.43,0,1,69.52,-2.89,-5.39,32.73,34.95
82.57,0,,76.00,29.87,0,2,81.98,21.38,19.73,125.41,28.45,,68.52,35.45,0,1,69.52,-4.07,-5.90,31.04,34.28
82.68,0,,76.22,29.75,0,2,79.79,21.66,19.64,125.60,28.82,,68.55,35.47,0,1,69.29,-4.61,-6.04,30.36,33.88
82.78,0,,76.66,29.54,0,2,79.99,21.19,19.35,124.84,28.64,,68.59,35.48,0,1,68.97,-4.07,-5.68,31.26,34.06
82.87,0,,76.66,29.54,0,2,79.99,21.19,19.35,124.84,28.64,,68.63,35.48,0,1,68.39,-3.78,-5.44,31.79,34.11
82.98,0,,77.12,29.35,0,2,83.64,20.64,19.17,124.11,28.27,,68.66,35.47,0,1,68.83,-4.21,-5.94,30.86,34.18
83.07,0,,77.35,29.26,0,2,82.33,20.33,18.99,123.62,28.14,,68.69,35.45,0,1,68.65,-4.60,-6.52,29.89,34.37
83.17,0,,77.35,29.26,0,2,82.33,20.33,18.99,123.62,28.14,,68.72,35.43,0,1,68.36,-4.68,-6.46,29.87,34.23
83.29,0,,77.85,29.08,0,2,82.80,18.56,17.78,120.64,27.58,,68.74,35.41,0,1,68.22,-4.68,-6.35,29.98,34.12
83.38,0,,78.10,29.00,0,2,83.34,18.34,17.66,120.30,27.48,,68.75,35.38,0,1,67.86,-4.97,-6.38,29.66,33.86
83.50,0,,78.35,28.91,0,2,81.89,18.88,17.89,121.07,27.79,,68.76,35.34,0,1,68.48,-5.28,-6.47,29.26,33.64
83.58,0,,78.60,28.83,0,2,82.54,19.78,18.30,122.38,28.28,,68.77,35.30,0,1,68.27,-4.99,-6.57,29.45,34.03
83.67,0,,78.60,28.83,0,2,82.54,19.78,18.30,122.38,28.28,,68.77,35.26,0,1,68.87,-4.17,-6.17,30.67,34.45
83.76,0,,78.85,28.75,0,2,80.42,19.99,18.51,122.80,28.28,,68.78,35.21,0,1,68.56,-3.59,-5.71,31.71,34.57
83.89,0,,79.31,28.62,0,2,78.98,22.42,17.28,124.00,31.94,,68.78,35.17,0,1,68.13,-3.45,-5.54,32.02,34.54
83.97,0,,79.51,28.59,0,2,78.63,22.15,16.89,123.34,32.06,,68.78,35.12,0,1,68.22,-3.32,-5.33,32.36,34.46
84.07,0,,79.51,28.59,0,2,78.63,22.15,16.89,123.34,32.06,,68.77,35.08,0,1,67.74,-3.30,-5.32,32.39,34.47
84.18,0,,79.70,28.57,0,2,85.29,18.48,17.72,120.50,27.56,,68.76,35.04,0,1,68.74,-3.60,-5.51,31.90,34.36
84.28,0,,80.07,28.53,0,2,80.38,19.89,16.39,120.58,30.30,,68.75,35.00,0,1,68.50,-4.01,-5.86,31.14,34.30
84.36,0,,80.07,28.53,0,2,80.38,19.89,16.39,120.58,30.30,,68.74,34.96,0,1,68.23,-4.29,-6.14,30.58,34.30
84.49,0,,80.39,28.52,0,2,78.58,19.31,14.82,118.43,31.29,,68.73,34.92,0,1,68.51,-4.00,-5.95,31.06,34.40
84.57,0,,80.51,28.55,0,2,81.52,19.15,15.10,118.55,30.85,,68.72,34.88,0,1,68.29,-3.19,-5.45,32.37,34.71
84.66,0,,80.51,28.55,0,2,81.52,19.15,15.10,118.55,30.85,,68.70,34.84,0,1,68.32,-2.71,-5.11,33.19,34.85
84.79,0,,80.72,28.64,0,2,80.68,21.91,17.37,123.58,31.34,,68.69,34.81,0,1,68.29,-2.73,-5.15,33.13,34.87
84.88,0,,80.80,28.70,0,2,79.24,21.58,16.64,122.52,31.74,,68.67,34.78,0,1,68.08,-2.84,-5.28,32.89,34.89
85.00,0,,80.87,28.77,0,2,79.18,20.78,16.56,121.64,31.02,,68.66,34.76,0,1,68.02,-3.11,-5.61,32.29,34.95
85.08,0,,80.93,28.84,0,2,81.62,19.51,16.21,120.02,30.10,,68.64,34.74,0,1,68.43,-3.22,-6.05,31.74,35.28
85.18,0,,80.93,28.84,0,2,81.62,19.51,16.21,120.02,30.10,,68.62,34.72,0,1,67.92,-3.15,-6.29,31.57,35.59
85.29,0,,81.03,28.98,0,2,81.17,16.30,15.50,116.10,27.60,,68.60,34.72,0,1,68.54,-3.11,-6.50,31.40,35.84
85.39,0,,81.08,29.03,0,2,80.44,15.08,15.01,114.39,26.87,,68.58,34.71,0,1,68.14,-2.71,-6.40,31.90,36.14
85.47,0,,81.12,29.07,0,2,81.56,14.74,14.87,113.91,26.67,,68.56,34.72,0,1,68.36,-2.38,-6.23,32.40,36.30
85.57,0,,81.12,29.07,0,2,81.56,14.74,14.87,113.91,26.67,,68.54,34.74,0,1,68.63,-2.44,-6.47,32.10,36.48
85.69,0,,81.15,29.09,0,2,81.12,14.62,14.78,113.70,26.64,,68.53,34.76,0,1,68.99,-2.42,-6.57,32.02,36.60
85.78,0,,81.22,29.07,0,2,80.80,14.53,15.00,113.83,26.33,,68.52,34.79,0,1,69.02,-2.33,-6.50,32.18,36.62
85.86,0,,81.22,29.07,0,2,80.80,14.53,15.00,113.83,26.33,,68.51,34.83,0,1,68.78,-2.32,-6.55,32.14,36.68
85.99,0,,81.25,29.00,0,2,79.65,13.49,14.76,112.55,25.53,,68.50,34.88,0,1,68.73,-2.35,-6.43,32.23,36.53
86.11,0,,81.25,28.94,0,2,80.12,13.58,15.18,113.06,25.20,,68.50,34.93,0,1,68.44,-2.42,-6.28,32.31,36.31
86.17,0,,81.25,28.94,0,2,80.12,13.58,15.18,113.06,25.20,,68.50,34.98,0,1,69.01,-2.47,-6.36,32.18,36.34
86.29,0,,81.24,28.78,0,2,79.13,15.06,16.37,115.73,25.49,,68.50,35.04,0,1,68.72,-2.30,-6.43,32.28,36.58
86.38,0,,81.21,28.68,0,2,79.00,15.13,16.63,116.06,25.30,,68.50,35.10,0,1,68.89,-2.05,-6.35,32.61,36.75
86.50,0,,81.18,28.57,0,2,78.72,14.56,16.34,115.20,25.02,,68.50,35.16,0,1,68.87,-1.95,-6.27,32.79,36.77
86.59,0,,81.14,28.46,0,2,79.41,15.03,16.37,115.70,25.46,,68.51,35.23,0,1,69.14,-1.93,-6.27,32.81,36.79
86.68,0,,81.14,28.46,0,2,79.41,15.03,16.37,115.70,25.46,,68.52,35.30,0,1,68.98,-1.89,-6.28,32.84,36.84
86.77,0,,81.09,28.34,0,2,80.00,15.75,16.77,116.82,25.78,,68.53,35.37,0,1,68.87,-1.85,-6.30,32.86,36.90
86.89,0,,80.99,28.08,0,2,80.12,14.53,16.39,115.22,24.94,,68.54,35.44,0,1,68.80,-1.96,-6.32,32.73,36.81
86.98,0,,80.94,27.95,0,2,80.35,14.90,16.76,115.96,24.94,,68.55,35.51,0,1,68.88,-2.11,-6.27,32.63,36.61
87.07,0,,80.94,27.95,0,2,80.35,14.90,16.76,115.96,24.94,,68.56,35.58,0,1,68.82,-2.14,-6.30,32.57,36.61
87.18,0,,80.90,27.81,0,2,80.80,13.46,16.57,114.33,23.69,,68.57,35.65,0,1,68.95,-2.07,-6.37,32.57,36.75
87.28,0,,80.80,27.50,0,2,79.85,13.67,15.81,113.78,24.66,,68.59,35.72,0,1,69.47,-1.79,-6.32,32.90,36.98
87.37,0,,80.80,27.50,0,2,79.85,13.67,15.81,113.78,24.66,,68.60,35.79,0,1,68.57,-1.59,-6.33,33.09,37.19
87.49,0,,80.68,27.20,0,2,78.96,14.26,15.82,114.38,25.24,,68.62,35.86,0,1,68.81,-1.75,-6.32,32.94,37.02
87.58,0,,80.61,27.05,0,2,78.70,14.39,15.80,114.49,25.39,,68.64,35.93,0,1,68.91,-1.71,-6.25,33.05,36.99
87.67,0,,80.61,27.05,0,2,78.70,14.39,15.80,114.49,25.39,,68.65,35.99,0,1,68.61,-1.61,-6.26,33.14,37.10
87.79,0,,80.45,26.76,0,2,78.88,13.93,16.20,114.43,24.53,,68.66,36.06,0,1,69.48,-1.71,-6.28,33.02,37.02
87.88,0,,80.37,26.63,0,2,77.68,14.70,16.39,115.39,25.11,,68.68,36.13,0,1,69.11,-1.94,-6.43,32.64,36.94
88.00,0,,80.28,26.50,0,2,78.65,15.51,16.82,116.63,25.49,,68.70,36.19,0,1,68.95,-2.45,-6.59,31.97,36.59
88.09,0,,80.19,26.37,0,2,78.77,15.52,16.93,116.75,25.39,,68.71,36.25,0,1,68.45,-2.47,-6.57,31.97,36.55
88.24,0,,80.10,26.25,0,2,77.78,14.71,16.48,115.49,25.03,,68.73,36.31,0,1,68.93,-1.95,-6.50,32.56,37.00
88.27,0,,80.10,26.25,0,2,77.78,14.71,16.48,115.49,25.03,,68.74,36.36,0,1,68.61,-1.72,-6.45,32.84,37.18
88.39,0,,79.92,26.03,0,2,79.11,14.56,16.06,114.92,25.30,,68.75,36.41,0,1,69.06,-1.64,-6.42,32.95,37.23
88.47,0,,79.83,25.93,0,2,77.50,14.33,16.16,114.79,24.97,,68.76,36.46,0,1,69.32,-1.54,-6.45,33.02,37.36
88.57,0,,79.83,25.93,0,2,77.50,14.33,16.16,114.79,24.97,,68.78,36.52,0,1,69.21,-1.46,-6.44,33.11,37.43
88.68,0,,79.75,25.83,0,2,78.26,13.05,15.61,112.96,24.24,,68.79,36.57,0,1,69.15,-1.54,-6.42,33.05,37.33
88.78,0,,79.56,25.64,0,2,77.78,10.97,14.96,110.23,22.81,,68.81,36.62,0,1,68.87,-1.67,-6.44,32.90,37.22
88.87,0,,79.56,25.64,0,2,77.78,10.97,14.96,110.23,22.81,,68.82,36.67,0,1,69.20,-1.53,-6.36,33.12,37.28
88.99,0,,79.36,25.43,0,2,77.57,11.41,15.12,110.83,23.09,,68.84,36.72,0,1,69.32,-1.18,-6.28,33.55,37.55
89.08,0,,79.26,25.32,0,2,76.91,10.87,15.09,110.26,22.58,,68.85,36.76,0,1,69.41,-0.94,-6.24,33.83,37.75
89.17,0,,79.26,25.32,0,2,76.91,10.87,15.09,110.26,22.58,,68.87,36.81,0,1,69.89,-0.98,-6.17,33.86,37.64
89.29,0,,79.06,25.09,0,2,77.71,10.47,14.99,109.76,22.28,,68.89,36.86,0,1,68.86,-0.95,-6.12,33.94,37.62
89.37,0,,78.96,24.97,0,2,76.99,10.64,14.92,109.86,22.52,,68.91,36.91,0,1,69.20,-0.90,-6.08,34.03,37.63
89.50,0,,78.87,24.84,0,2,77.69,10.77,14.98,110.05,22.59,,68.93,36.95,0,1,69.37,-1.00,-6.07,33.94,37.52
89.58,0,,78.78,24.72,0,2,77.66,10.02,14.97,109.29,21.85,,68.95,37.00,0,1,69.19,-1.06,-6.06,33.89,37.45
89.68,0,,78.78,24.72,0,2,77.66,10.02,14.97,109.29,21.85,,68.97,37.04,0,1,69.14,-1.09,-6.03,33.89,37.39
89.76,0,,78.69,24.59,0,2,77.09,8.95,14.50,107.75,21.25,,68.99,37.08,0,1,68.99,-1.05,-6.01,33.95,37.41
89.89,0,,78.51,24.32,0,2,77.87,8.51,14.26,107.07,21.05,,69.00,37.12,0,1,68.00,-1.23,-5.63,34.15,36.85
89.97,0,,78.43,24.17,0,2,77.24,9.15,14.53,107.98,21.42,,69.01,37.15,0,1,68.69,-1.50,-5.02,34.49,35.97
90.07,0,,78.43,24.17,0,2,77.24,9.15,14.53,107.98,21.42,,69.02,37.17,0,1,68.70,-1.31,-4.93,34.77,36.07
90.18,0,,78.36,24.03,0,2,79.04,9.26,14.91,108.47,21.15,,69.02,37.19,0,1,68.38,-1.20,-4.93,34.88,36.18
90.28,0,,78.22,23.73,0,2,77.67,8.89,14.86,108.05,20.83,,69.02,37.19,0,1,68.37,-1.38,-4.67,34.96,35.74
90.37,0,,78.22,23.73,0,2,77.67,8.89,14.86,108.05,20.83,,69.01,37.19,0,1,69.14,-1.36,-4.76,34.89,35.85
90.49,0,,78.10,23.43,0,2,78.29,9.37,14.73,108.40,21.44,,69.01,37.18,0,1,69.56,-1.13,-4.97,34.91,36.29
90.57,0,,78.05,23.29,0,2,77.27,9.67,14.84,108.81,21.63,,69.01,37.17,0,1,68.97,-0.54,-4.61,35.86,36.52
90.67,0,,78.05,23.29,0,2,77.27,9.67,14.84,108.81,21.63,,69.01,37.15,0,1,68.75,0.28,-3.99,37.30,36.72
90.79,0,,77.94,23.02,0,2,77.88,12.21,16.19,112.70,22.82,,69.01,37.13,0,1,68.62,0.55,-3.96,37.60,36.96
90.88,0,,77.89,22.90,0,2,77.12,11.86,16.46,112.62,22.20,,69.01,37.12,0,1,68.74,0.47,-4.15,37.33,37.07
91.00,0,,77.84,22.79,0,2,76.67,10.98,15.67,110.95,22.11,,69.00,37.10,0,1,68.67,0.45,-3.91,37.55,36.81
91.09,0,,77.79,22.69,0,2,77.35,12.68,16.46,113.44,23.02,,68.99,37.09,0,1,68.37,0.03,-3.67,37.37,36.15
91.18,0,,77.79,22.69,0,2,77.35,12.68,16.46,113.44,23.02,,68.99,37.06,0,1,68.64,-0.70,-3.68,36.63,35.43
91.27,0,,77.73,22.60,0,2,76.11,12.94,17.13,114.37,22.61,,68.98,37.04,0,1,68.42,-0.80,-3.77,36.44,35.42
91.39,0,,77.62,22.44,0,1,76.41,11.18,15.85,111.33,22.13,,68.96,37.01,0,1,68.77,-0.32,-3.79,36.90,35.92
91.47,0,,77.56,22.37,0,1,77.41,10.19,15.44,109.93,21.55,,68.95,36.97,0,1,68.72,-0.38,-3.84,36.79,35.91
91.57,0,,77.56,22.37,0,1,77.41,10.19,15.44,109.93,21.55,,68.94,36.93,0,1,68.83,-0.55,-3.87,36.59,35.77
91.68,0,,77.51,22.30,0,1,77.30,9.20,14.78,108.28,21.22,,68.93,36.89,0,1,68.72,-0.07,-3.79,37.15,36.17
91.78,0,,77.41,22.17,0,1,77.00,8.22,14.62,107.14,20.40,,68.92,36.85,0,1,69.43,0.92,-3.89,38.04,37.26
91.87,0,,77.41,22.17,0,1,77.00,8.22,14.62,107.14,20.40,,68.91,36.82,0,1,69.13,1.99,-4.02,38.98,38.46
91.99,0,,77.32,22.03,1,0,75.81,7.85,13.91,106.06,20.74,,68.90,36.80,0,1,68.94,2.32,-3.93,39.40,38.70
92.07,0,,77.27,21.96,1,0,76.72,8.46,14.14,106.90,21.12,,68.90,36.79,0,1,69.16,2.49,-3.90,39.60,38.84
92.17,0,,77.27,21.96,1,0,76.72,8.46,14.14,106.90,21.12,,68.90,36.79,0,1,69.23,3.01,-3.91,40.11,39.37
92.29,0,,77.19,21.81,2,-1,77.28,5.31,13.29,102.90,18.82,,68.90,36.81,0,1,69.24,3.00,-3.64,40.37,39.09
92.38,0,,77.16,21.72,2,-1,76.49,5.38,12.86,102.54,19.32,,68.90,36.84,0,1,69.24,2.85,-3.23,40.63,38.53
92.50,0,,77.12,21.63,2,-1,75.64,5.02,12.27,101.59,19.55,,68.90,36.88,0,1,69.05,2.96,-3.19,40.78,38.60
92.59,0,,77.08,21.54,2,-1,75.77,5.98,12.65,102.93,20.13,,68.91,36.92,0,1,69.39,2.92,-3.28,40.65,38.65
92.68,0,,77.08,21.54,2,-1,75.77,5.98,12.65,102.93,20.13,,68.91,36.97,0,1,69.58,2.98,-3.22,40.77,38.65
92.76,0,,77.04,21.45,2,-1,75.56,6.73,13.32,104.35,20.21,,68.92,37.02,0,1,69.67,3.35,-3.29,41.07,39.09
92.89,0,,76.94,21.27,2,-1,75.55,6.45,13.36,104.11,19.89,,68.93,37.08,0,1,69.08,3.70,-3.19,41.52,39.34
92.98,0,,76.88,21.18,2,-1,75.47,5.58,13.01,102.89,19.37,,68.95,37.15,0,1,69.36,3.86,-2.96,41.91,39.27
93.07,0,,76.88,21.18,2,-1,75.47,5.58,13.01,102.89,19.37,,68.96,37.22,0,1,69.13,3.99,-2.93,42.07,39.37
93.19,0,,76.83,21.10,4,-2,75.39,5.42,13.05,102.77,19.17,,68.97,37.30,0,1,69.24,4.03,-2.91,42.13,39.39
93.28,0,,76.71,20.92,4,-2,76.09,6.23,13.48,104.01,19.55,,68.99,37.38,0,1,68.95,3.99,-2.92,42.08,39.36
93.37,0,,76.71,20.92,4,-2,76.09,6.23,13.48,104.01,19.55,,69.00,37.46,0,1,69.27,4.13,-2.92,42.22,39.50
93.49,0,,76.58,20.74,4,-2,74.02,5.52,12.95,102.77,19.37,,69.01,37.55,0,1,69.01,4.42,-2.86,42.57,39.73
93.58,0,,76.51,20.65,4,-2,73.62,5.28,12.80,102.38,19.28,,69.02,37.64,0,1,69.42,4.57,-2.83,42.75,39.85
93.67,0,,76.51,20.65,4,-2,73.62,5.28,12.80,102.38,19.28,,69.03,37.74,0,1,69.84,4.70,-2.99,42.72,40.14
93.79,0,,76.35,20.48,4,-2,74.69,5.07,12.71,102.08,19.16,,69.05,37.84,0,1,68.86,4.95,-3.09,42.87,40.49
93.88,0,,76.28,20.40,4,-2,74.81,5.68,12.97,102.95,19.51,,69.06,37.94,0,1,70.29,4.74,-3.22,42.53,40.41
94.00,0,,76.20,20.32,4,-2,74.51,5.36,12.87,102.53,19.29,,69.08,38.05,0,1,69.87,3.64,-4.50,40.15,40.59
94.09,0,,76.12,20.24,4,-2,74.51,4.63,12.50,101.43,18.93,,69.10,38.16,0,1,69.29,2.80,-5.58,38.23,40.83
94.18,0,,76.12,20.24,4,-2,74.51,4.63,12.50,101.43,18.93,,69.12,38.27,0,1,68.73,3.19,-5.14,39.06,40.78
94.26,0,,76.04,20.17,4,-2,74.57,4.49,12.41,101.20,18.88,,69.14,38.39,0,1,68.65,3.74,-4.92,39.83,41.11
94.39,0,,75.88,20.02,4,-2,75.97,5.86,13.12,103.28,19.54,,69.15,38.51,0,1,68.40,3.68,-5.05,39.64,41.18
94.48,0,,75.80,19.95,4,-2,74.14,6.04,13.26,103.60,19.58,,69.15,38.63,0,1,68.81,3.38,-4.74,39.65,40.57
94.57,0,,75.80,19.95,4,-2,74.14,6.04,13.26,103.60,19.58,,69.16,38.75,0,1,67.95,2.73,-4.62,39.12,39.80
94.68,0,,75.73,19.88,4,-2,73.83,5.72,13.06,103.08,19.46,,69.15,38.87,0,1,67.72,2.00,-4.36,38.65,38.81
94.78,0,,75.57,19.77,4,-2,74.20,6.05,13.44,103.79,19.41,,69.14,38.97,0,1,67.11,1.80,-4.01,38.80,38.26
94.87,0,,75.57,19.77,4,-2,74.20,6.05,13.44,103.79,19.41,,69.11,39.06,0,1,66.00,2.52,-3.73,39.80,38.70
94.99,0,,75.41,19.67,4,-2,74.71,6.91,13.54,104.75,20.17,,69.08,39.13,0,1,66.10,3.58,-3.19,41.40,39.22
95.07,0,,75.34,19.63,4,-2,73.44,6.40,13.37,104.07,19.83,,69.03,39.20,0,1,67.28,3.92,-3.20,41.73,39.57
95.17,0,,75.34,19.63,4,-2,73.44,6.40,13.37,104.07,19.83,,68.97,39.27,0,1,66.69,3.92,-3.65,41.28,40.02
95.29,0,,75.19,19.57,4,-2,74.03,5.95,13.29,103.54,19.46,,68.90,39.33,0,1,66.92,3.92,-3.56,41.37,39.93
95.38,0,,75.12,19.55,4,-2,74.59,5.40,12.94,102.64,19.26,,68.84,39.39,0,1,67.29,3.62,-3.42,41.21,39.49
95.50,0,,75.05,19.52,4,-2,73.96,5.42,12.96,102.68,19.26,,68.77,39.44,0,1,66.70,3.49,-3.50,41.00,39.44
95.59,0,,74.99,19.50,4,-2,74.48,5.47,12.93,102.70,19.34,,68.69,39.49,0,1,66.32,3.65,-3.39,41.27,39.49
95.68,0,,74.99,19.50,4,-2,74.48,5.47,12.93,102.70,19.34,,68.61,39.53,0,1,66.94,3.79,-3.31,41.49,39.55
95.76,0,,74.92,19.48,4,-2,73.89,5.50,12.75,102.55,19.55,,68.53,39.57,0,1,67.07,3.79,-3.24,41.56,39.48
95.89,0,,74.79,19.44,4,-2,73.49,4.95,12.69,101.94,19.06,,68.45,39.60,0,1,67.60,3.73,-3.19,41.55,39.37
95.97,0,,74.72,19.42,4,-2,73.63,5.37,12.81,102.48,19.36,,68.37,39.63,0,1,66.80,3.66,-3.21,41.46,39.32
96.07,0,,74.72,19.42,4,-2,73.63,5.37,12.81,102.48,19.36,,68.29,39.65,0,1,66.82,3.39,-3.16,41.24,39.00
96.19,0,,74.65,19.40,4,-2,73.34,5.41,13.02,102.73,19.19,,68.21,39.67,0,1,66.98,3.33,-3.13,41.21,38.91
96.28,0,,74.52,19.37,4,-2,73.55,5.06,12.71,102.07,19.15,,68.13,39.68,0,1,66.55,3.62,-3.05,41.58,39.12
96.36,0,,74.52,19.37,4,-2,73.55,5.06,12.71,102.07,19.15,,68.05,39.69,0,1,67.03,3.63,-2.99,41.65,39.07
96.49,0,,74.39,19.34,4,-2,72.24,5.49,12.65,102.44,19.64,,67.97,39.69,0,1,67.26,3.49,-3.03,41.47,38.97
96.58,0,,74.33,19.33,4,-2,72.66,6.94,13.65,104.89,20.09,,67.90,39.69,0,1,66.73,3.44,-3.00,41.45,38.89
96.67,0,,74.33,19.33,4,-2,72.66,6.94,13.65,104.89,20.09,,67.83,39.68,0,1,67.67,3.25,-3.03,41.23,38.73
96.79,0,,74.19,19.32,4,-2,72.54,7.52,13.92,105.74,20.40,,67.76,39.67,0,1,67.81,3.35,-3.29,41.07,39.09
96.88,0,,74.11,19.32,4,-2,71.61,8.08,14.14,106.52,20.74,,67.71,39.66,0,1,68.71,4.18,-3.64,41.55,40.27
97.00,0,,74.03,19.34,4,-2,72.08,7.63,13.94,105.87,20.49,,67.66,39.65,0,1,68.96,4.76,-4.05,41.72,41.26
97.08,0,,73.95,19.35,4,-2,72.11,7.42,13.84,105.56,20.38,,67.63,39.65,0,1,69.26,4.43,-4.26,41.18,41.14
97.18,0,,73.95,19.35,4,-2,72.11,7.42,13.84,105.56,20.38,,67.60,39.66,0,1,69.09,4.10,-4.32,40.79,40.87
97.26,0,,73.86,19.38,4,-2,71.67,7.60,13.99,105.89,20.41,,67.59,39.68,0,1,69.30,3.94,-4.62,40.33,41.01
97.39,0,,73.68,19.43,4,-2,71.12,6.92,13.39,104.61,20.33,,67.59,39.70,0,1,68.61,3.68,-4.82,39.87,40.95
97.47,0,,73.58,19.46,4,-2,70.96,6.70,13.13,104.13,20.37,,67.60,39.73,0,1,69.50,3.73,-4.85,39.89,41.03
97.57,0,,73.58,19.46,4,-2,70.96,6.70,13.13,104.13,20.37,,67.62,39.76,0,1,70.24,3.97,-5.06,39.92,41.48
97.69,0,,73.47,19.49,4,-2,70.78,6.25,12.89,103.44,20.16,,67.65,39.80,0,1,69.88,4.12,-5.16,39.97,41.73
97.78,0,,73.25,19.56,4,-2,70.85,5.95,12.94,103.19,19.81,,67.69,39.84,0,1,70.09,4.22,-4.98,40.25,41.65
97.87,0,,73.25,19.56,4,-2,70.85,5.95,12.94,103.19,19.81,,67.74,39.90,0,1,69.38,4.22,-4.91,40.32,41.58
97.99,0,,73.02,19.61,4,-2,72.25,4.93,12.23,101.46,19.50,,67.80,39.95,0,1,70.33,4.15,-4.98,40.18,41.58
98.08,0,,72.91,19.64,4,-2,72.42,4.52,12.04,100.86,19.28,,67.86,40.01,0,1,69.00,4.18,-4.93,40.26,41.56
98.17,0,,72.91,19.64,4,-2,72.42,4.52,12.04,100.86,19.28,,67.92,40.07,0,1,69.64,4.34,-4.87,40.48,41.66
98.29,0,,72.71,19.68,4,-2,71.75,5.37,12.33,102.00,19.84,,67.99,40.14,0,1,69.12,4.56,-4.82,40.75,41.83
98.38,0,,72.61,19.69,4,-2,71.38,6.01,12.59,102.90,20.22,,68.06,40.21,0,1,69.46,4.57,-4.77,40.81,41.79
98.50,0,,72.52,19.71,4,-2,70.75,6.41,12.79,103.50,20.42,,68.12,40.28,0,1,69.02,4.51,-4.78,40.74,41.74
98.58,0,,72.43,19.73,4,-2,69.54,6.36,13.02,103.68,20.14,,68.19,40.35,1,0,69.45,4.44,-4.77,40.68,41.66
98.68,0,,72.43,19.73,4,-2,69.54,6.36,13.02,103.68,20.14,,68.26,40.42,1,0,70.22,4.36,-4.77,40.60,41.58
98.76,0,,72.33,19.75,4,-2,69.92,6.20,12.88,103.38,20.12,,68.33,40.49,1,0,69.74,4.44,-4.86,40.59,41.75
98.89,0,,72.12,19.79,4,-2,70.37,7.23,13.31,104.84,20.72,,68.40,40.56,1,0,69.76,4.53,-4.84,40.70,41.82
98.98,0,,72.02,19.81,4,-2,70.75,6.86,13.14,104.30,20.52,,68.47,40.63,1,0,69.49,4.71,-4.71,41.01,41.87
99.07,0,,72.02,19.81,4,-2,70.75,6.86,13.14,104.30,20.52,,68.54,40.70,1,0,69.96,4.69,-4.76,40.94,41.90
99.18,0,,71.92,19.84,4,-2,69.84,6.54,13.09,103.93,20.25,,68.61,40.77,1,0,69.20,4.37,-4.85,40.53,41.67
99.28,0,,71.73,19.89,4,-2,70.81,6.20,12.96,103.46,20.04,,68.68,40.84,1,0,69.05,4.01,-4.86,40.16,41.32
99.37,0,,71.73,19.89,4,-2,70.81,6.20,12.96,103.46,20.04,,68.74,40.90,1,0,67.13,1.70,-4.69,38.02,38.84
99.49,0,,71.56,19.94,4,-2,70.34,6.37,12.79,103.46,20.38,,68.78,40.94,1,0,67.10,-1.80,-4.28,34.93,34.93
99.57,0,,71.47,19.96,4,-2,69.78,5.93,12.59,102.82,20.14,,68.82,40.95,1,0,67.94,-2.71,-4.05,34.25,33.79
99.67,0,,71.47,19.96,4,-2,69.78,5.93,12.59,102.82,20.14,,68.84,40.91,1,0,67.93,-1.55,-3.95,35.51,34.85
99.79,0,,71.31,20.00,4,-2,69.67,4.71,12.07,101.08,19.44,,68.86,40.84,1,0,68.38,-0.65,-3.72,36.64,35.52
99.88,0,,71.23,20.01,4,-2,70.44,4.95,12.00,101.25,19.75,,68.87,40.75,1,0,68.86,-0.17,-3.81,37.03,36.09
100.00,0,,71.15,20.02,4,-2,69.67,5.12,12.08,101.50,19.84,,68.88,40.64,1,0,68.93,-0.10,-3.98,36.93,36.33
100.09,0,,71.07,20.03,4,-2,69.64,4.66,11.94,100.90,19.52,,68.89,40.52,1,0,69.31,0.17,-3.93,37.25,36.55
100.18,0,,71.07,20.03,4,-2,69.64,4.66,11.94,100.90,19.52,,68.90,40.39,1,0,68.67,0.47,-3.87,37.61,36.79
100.26,0,,70.99,20.03,4,-2,70.17,4.31,11.74,100.35,19.37,,68.91,40.25,1,0,68.83,0.41,-3.79,37.63,36.65
100.39,0,,70.84,20.03,4,-2,69.28,4.55,11.80,100.65,19.55,,68.91,40.10,1,0,68.61,0.58,-3.86,37.73,36.89
100.47,0,,70.77,20.02,4,-2,69.37,5.57,12.32,102.19,20.05,,68.92,39.95,1,0,69.35,1.10,-3.92,38.19,37.47
100.57,0,,70.77,20.02,4,-2,69.37,5.57,12.32,102.19,20.05,,68.92,39.80,1,0,69.12,1.61,-3.91,38.71,37.97
100.69,0,,70.69,20.02,4,-2,69.43,6.05,12.64,102.99,20.21,,68.93,39.66,1,0,69.94,1.80,-3.98,38.83,38.23
100.78,0,,70.55,20.01,4,-2,69.07,5.80,12.70,102.80,19.90,,68.94,39.52,1,0,69.38,2.08,-4.11,38.98,38.64
100.86,0,,70.55,20.01,4,-2,69.07,5.80,12.70,102.80,19.90,,68.96,39.39,1,0,69.51,2.13,-4.22,38.92,38.80
100.99,0,,70.41,20.00,4,-2,68.26,5.63,12.47,102.40,19.96,,68.97,39.27,1,0,69.86,1.88,-4.29,38.60,38.62
101.08,0,,70.33,20.00,4,-2,69.24,5.64,12.50,102.44,19.94,,68.99,39.17,1,0,69.78,2.04,-4.49,38.56,38.98
101.17,0,,70.33,20.00,4,-2,69.24,5.64,12.50,102.44,19.94,,69.01,39.07,1,0,70.16,2.17,-4.57,38.61,39.19
101.29,0,,70.18,19.98,4,-2,68.97,4.25,11.88,100.43,19.17,,69.04,38.98,1,0,70.09,2.32,-4.37,38.96,39.14
101.38,0,,70.11,19.97,4,-2,68.32,3.63,11.63,99.56,18.80,,69.07,38.90,1,0,70.34,2.46,-4.23,39.24,39.14
101.50,0,,70.04,19.96,4,-2,68.76,3.30,11.39,98.99,18.71,,69.10,38.83,1,0,70.33,2.40,-4.28,39.13,39.13
101.59,0,,69.96,19.93,4,-2,68.25,3.68,11.50,99.48,18.98,,69.14,38.77,1,0,69.63,2.37,-4.33,39.05,39.15
101.68,0,,69.96,19.93,4,-2,68.25,3.68,11.50,99.48,18.98,,69.17,38.72,1,0,70.21,2.34,-4.36,38.99,39.15
101.77,0,,69.89,19.91,4,-2,69.68,3.81,11.61,99.72,19.00,,69.21,38.68,1,0,70.23,2.41,-4.43,38.99,39.29
101.89,0,,69.75,19.85,4,-2,68.24,3.58,11.65,99.53,18.73,,69.25,38.64,1,0,70.34,2.34,-4.43,38.92,39.22
101.97,0,,69.68,19.81,4,-2,68.87,3.82,11.82,99.94,18.80,,69.30,38.62,1,0,70.62,2.36,-4.44,38.93,39.25
102.07,0,,69.68,19.81,4,-2,68.87,3.82,11.82,99.94,18.80,,69.34,38.60,1,0,69.96,2.70,-4.40,39.31,39.55
102.18,0,,69.61,19.78,4,-2,68.44,3.23,11.55,99.08,18.48,,69.39,38.58,1,0,70.45,2.81,-4.28,39.54,39.54
102.28,0,,69.47,19.69,4,-2,67.68,4.47,12.56,101.33,18.71,,69.43,38.58,1,0,70.44,2.87,-4.24,39.64,39.56
102.36,0,,69.47,19.69,4,-2,67.68,4.47,12.56,101.33,18.71,,69.48,38.58,1,0,69.92,2.96,-4.22,39.75,39.63
102.49,0,,69.32,19.60,4,-2,68.69,2.45,11.29,98.04,17.96,,69.52,38.58,1,0,69.76,2.88,-4.14,39.75,39.47
102.57,0,,69.24,19.54,4,-2,68.17,3.19,11.72,99.21,18.27,,69.56,38.59,1,0,69.95,2.91,-4.10,39.82,39.46
102.67,0,,69.24,19.54,4,-2,68.17,3.19,11.72,99.21,18.27,,69.60,38.61,1,0,70.32,2.97,-4.14,39.84,39.56
102.79,0,,69.10,19.42,4,-2,68.68,1.85,11.60,97.75,17.05,,69.64,38.63,1,0,70.29,3.03,-4.17,39.87,39.65
102.88,0,,69.04,19.35,4,-2,69.35,0.80,11.17,96.27,16.43,,69.68,38.65,1,0,70.16,3.36,-4.10,40.27,39.91
102.99,0,,68.98,19.28,4,-2,67.98,0.15,10.67,95.12,16.28,,69.72,38.68,1,0,70.01,3.66,-4.06,40.61,40.17
103.09,0,,68.92,19.19,4,-2,67.58,2.17,11.38,97.85,17.59,,69.76,38.71,1,0,70.92,3.59,-4.11,40.49,40.15
103.18,0,,68.92,19.19,4,-2,67.58,2.17,11.38,97.85,17.59,,69.79,38.75,1,0,70.07,3.64,-4.22,40.43,40.31
103.27,0,,68.86,19.10,4,-2,67.54,3.56,12.34,100.20,18.02,,69.83,38.79,1,0,70.43,3.74,-4.23,40.52,40.42
103.39,0,,68.73,18.94,4,-2,66.04,5.60,13.02,102.92,19.38,,69.87,38.84,1,0,69.87,3.60,-4.19,40.42,40.24
103.48,0,,68.65,18.87,4,-2,64.54,7.58,14.57,106.45,19.81,,69.90,38.89,1,0,70.34,3.52,-4.28,40.25,40.25
103.57,0,,68.65,18.87,4,-2,64.54,7.58,14.57,106.45,19.81,,69.93,38.95,1,0,69.76,3.50,-4.36,40.15,40.31
103.68,0,,68.56,18.81,4,-2,66.13,7.36,14.81,106.47,19.35,,69.96,39.00,1,0,70.13,3.70,-4.28,40.43,40.43
103.78,0,,68.35,18.71,4,-2,66.03,4.92,13.68,102.90,18.04,,69.98,39.06,1,0,70.64,3.94,-4.28,40.67,40.67
103.87,0,,68.35,18.71,4,-2,66.03,4.92,13.68,102.90,18.04,,70.01,39.12,1,0,69.95,3.81,-4.33,40.49,40.59
103.99,0,,68.13,18.63,4,-2,67.55,2.93,12.45,99.68,17.28,,70.03,39.19,1,0,69.73,3.78,-4.30,40.49,40.53
104.08,0,,68.03,18.58,4,-2,66.55,2.79,12.30,99.39,17.29,,70.05,39.25,1,0,70.12,3.98,-4.34,40.65,40.77
104.17,0,,68.03,18.58,4,-2,66.55,2.79,12.30,99.39,17.29,,70.07,39.32,1,0,70.24,3.86,-4.34,40.53,40.65
104.29,0,,67.84,18.48,4,-2,65.70,3.85,12.42,100.57,18.23,,70.09,39.39,1,0,70.94,3.61,-4.34,40.28,40.40
104.38,0,,67.75,18.43,4,-2,65.94,5.15,12.89,102.34,19.06,,70.10,39.45,1,0,70.59,3.65,-4.41,40.25,40.51
104.50,0,,67.65,18.39,4,-2,65.84,4.38,12.57,101.25,18.61,,70.12,39.52,1,0,70.50,3.73,-4.33,40.41,40.51
104.59,0,,67.55,18.35,4,-2,64.05,3.75,12.05,100.10,18.50,,70.14,39.58,1,0,70.02,3.73,-4.23,40.51,40.41
104.68,0,,67.55,18.35,4,-2,64.05,3.75,12.05,100.10,18.50,,70.16,39.65,1,0,69.64,3.72,-4.21,40.52,40.38
104.77,0,,67.45,18.32,4,-2,64.69,3.31,11.84,99.45,18.27,,70.17,39.71,1,0,69.78,3.64,-4.14,40.51,40.23
104.89,0,,67.22,18.28,4,-2,63.87,8.31,14.64,107.25,20.47,,70.18,39.76,1,0,69.59,3.53,-4.16,40.38,40.14
104.98,0,,67.09,18.27,4,-2,64.22,9.61,15.75,109.66,20.66,,70.19,39.82,1,0,70.17,3.35,-4.30,40.06,40.10
105.07,0,,67.09,18.27,4,-2,64.22,9.61,15.75,109.66,20.66,,70.19,39.87,1,0,70.01,3.47,-4.36,40.12,40.28
105.19,0,,66.96,18.28,4,-2,64.36,10.11,15.64,110.05,21.27,,70.20,39.91,1,0,69.73,3.89,-4.31,40.59,40.65
105.28,0,,66.71,18.36,4,-2,67.55,14.34,16.13,114.77,25.01,,70.20,39.96,1,0,70.02,4.07,-4.24,40.84,40.76
105.36,0,,66.71,18.36,4,-2,67.55,14.34,16.13,114.77,25.01,,70.19,40.01,1,0,69.99,4.11,-4.23,40.89,40.79
105.49,0,,66.49,18.57,4,-2,65.34,17.63,17.62,119.55,26.81,,70.19,40.05,1,0,69.89,4.15,-4.27,40.89,40.87
105.58,0,,66.39,18.73,4,-2,66.96,16.22,17.97,118.49,25.05,,70.19,40.10,1,0,69.84,3.97,-4.18,40.80,40.60
105.67,0,,66.39,18.73,4,-2,66.96,16.22,17.97,118.49,25.05,,70.18,40.14,1,0,69.97,3.96,-4.12,40.85,40.53
105.79,0,,66.22,19.09,4,-2,67.30,14.51,17.43,116.24,23.88,,70.18,40.18,1,0,70.06,4.14,-4.28,40.87,40.87
105.88,0,,66.16,19.29,4,-2,66.21,13.13,16.80,114.23,23.13,,70.17,40.22,1,0,69.84,4.09,-4.26,40.84,40.80
106.00,0,,66.10,19.49,4,-2,65.71,11.36,16.34,112.00,21.82,,70.16,40.26,1,0,70.29,4.12,-4.14,40.99,40.71
106.09,0,,66.05,19.68,4,-2,69.84,8.53,16.29,109.12,19.04,,70.16,40.30,1,0,70.03,4.26,-4.17,41.10,40.88
106.18,0,,66.05,19.68,4,-2,69.84,8.53,16.29,109.12,19.04,,70.15,40.34,1,0,70.09,4.23,-4.09,41.15,40.77
106.27,0,,66.03,19.85,4,-2,71.78,5.13,15.44,104.87,16.49,,70.14,40.37,1,0,69.71,4.31,-4.02,41.30,40.78
106.39,0,,66.10,20.08,4,-2,75.62,3.93,14.93,103.16,15.80,,70.14,40.41,1,0,70.04,4.54,-4.06,41.49,41.05
106.48,0,,66.21,20.14,4,-2,75.18,4.42,15.31,104.03,15.91,,70.13,40.44,1,0,70.39,4.78,-3.94,41.85,41.17
106.57,0,,66.21,20.14,4,-2,75.18,4.42,15.31,104.03,15.91,,70.13,40.48,1,0,70.61,4.97,-3.89,42.09,41.31
106.69,0,,66.37,20.16,4,-2,78.79,4.24,15.53,104.07,15.51,,70.12,40.52,1,0,69.93,5.04,-3.86,42.19,41.35
106.78,0,,66.83,20.13,4,-2,77.75,-0.57,11.71,95.44,14.52,,70.12,40.55,1,0,69.75,5.00,-3.76,42.25,41.21
106.87,0,,66.83,20.13,4,-2,77.75,-0.57,11.71,95.44,14.52,,70.12,40.59,1,0,70.05,4.98,-3.76,42.23,41.19
106.99,0,,67.45,19.98,4,-2,78.11,0.18,11.44,95.92,15.54,,70.11,40.63,1,0,69.45,5.05,-3.75,42.31,41.25
107.08,0,,67.80,19.88,4,-2,76.63,0.40,11.20,95.90,16.00,,70.10,40.66,1,0,70.22,5.04,-3.71,42.34,41.20
107.17,0,,67.80,19.88,4,-2,76.63,0.40,11.20,95.90,16.00,,70.10,40.70,1,0,69.65,5.15,-3.75,42.41,41.35
107.29,0,,68.56,19.65,4,-2,77.05,2.70,12.04,99.04,17.46,,70.09,40.74,1,0,70.08,5.43,-3.68,42.76,41.56
107.38,0,,68.95,19.53,4,-2,75.12,1.97,11.54,97.81,17.23,,70.08,40.77,1,0,70.06,5.48,-3.59,42.90,41.52
107.50,0,,69.34,19.41,4,-2,76.46,1.43,10.95,96.68,17.28,,70.07,40.81,1,0,69.95,5.44,-3.67,42.78,41.56
107.59,0,,69.73,19.29,4,-2,76.13,1.71,11.36,97.37,17.15,,70.07,40.85,1,0,69.73,5.48,-3.67,42.82,41.60
107.68,0,,69.73,19.29,4,-2,76.13,1.71,11.36,97.37,17.15,,70.06,40.89,1,0,69.64,5.59,-3.58,43.02,41.62
107.77,0,,70.12,19.17,4,-2,76.93,1.54,11.31,97.15,17.03,,70.05,40.92,0,1,69.80,5.59,-3.61,42.99,41.65
107.89,0,,70.88,18.93,4,-2,77.17,3.61,13.19,101.10,17.22,,70.04,40.96,0,1,69.75,5.62,-3.59,43.04,41.66
107.98,0,,71.26,18.82,4,-2,77.78,2.96,13.13,100.39,16.63,,70.03,41.00,0,1,69.49,5.88,-3.51,43.38,41.84
108.07,0,,71.26,18.82,4,-2,77.78,2.96,13.13,100.39,16.63,,70.02,41.04,0,1,69.67,5.99,-3.52,43.48,41.96
108.19,0,,71.64,18.71,4,-2,77.84,2.38,12.90,99.58,16.28,,70.00,41.08,1,0,69.60,6.04,-3.53,43.52,42.02
108.28,0,,72.39,18.47,4,-2,78.57,2.48,12.58,99.36,16.70,,69.99,41.12,1,0,68.99,6.15,-3.44,43.72,42.04
108.37,0,,72.39,18.47,4,-2,78.57,2.48,12.58,99.36,16.70,,69.97,41.17,1,0,68.58,6.08,-3.36,43.73,41.89
108.49,0,,73.12,18.24,3,-1,78.05,3.04,13.61,100.95,16.23,,69.95,41.21,1,0,70.00,5.88,-3.14,43.75,41.47
108.58,0,,73.48,18.13,3,-1,80.40,2.10,13.06,99.46,15.84,,69.92,41.25,1,0,70.22,5.68,-2.74,43.95,40.87
108.67,0,,73.48,18.13,3,-1,80.40,2.10,13.06,99.46,15.84,,69.91,41.28,1,0,69.94,5.76,-2.71,44.06,40.92
108.79,0,,74.18,17.90,3,-1,78.71,1.86,12.50,98.66,16.16,,69.89,41.31,1,0,69.57,5.92,-2.86,44.07,41.23
108.88,0,,74.52,17.79,3,-1,79.11,2.35,12.43,99.08,16.72,,69.87,41.33,1,0,69.59,5.70,-2.83,43.88,40.98
109.00,0,,74.85,17.68,3,-1,77.38,3.00,12.85,100.15,16.95,,69.86,41.35,1,0,69.65,5.45,-2.93,43.53,40.83
109.09,0,,75.17,17.58,3,0,79.21,3.07,13.18,100.55,16.69,,69.84,41.37,1,0,69.77,5.30,-2.94,43.37,40.69
109.18,0,,75.17,17.58,3,0,79.21,3.07,13.18,100.55,16.69,,69.83,41.37,1,0,69.62,5.02,-2.91,43.12,40.38
109.27,0,,75.47,17.49,3,0,78.91,2.90,13.27,100.47,16.43,,69.81,41.38,1,0,69.03,4.86,-3.04,42.83,40.35
109.39,0,,76.04,17.30,3,1,77.68,0.37,12.06,96.73,15.11,,69.80,41.37,1,0,69.17,4.84,-3.06,42.79,40.35
109.48,0,,76.30,17.21,3,1,76.17,-1.29,10.79,93.80,14.72,,69.78,41.36,1,0,69.55,4.87,-3.09,42.79,40.41
109.57,0,,76.30,17.21,3,1,76.17,-1.29,10.79,93.80,14.72,,69.76,41.35,1,0,69.92,4.78,-3.18,42.61,40.41
109.69,0,,76.53,17.11,3,1,76.73,-0.60,10.64,94.34,15.56,,69.74,41.33,1,0,69.33,4.56,-3.14,42.43,40.15
109.78,0,,76.93,16.92,0,2,78.27,-0.04,12.05,96.31,14.71,,69.73,41.31,1,0,69.50,4.49,-3.19,42.31,40.13
109.87,0,,76.93,16.92,0,2,78.27,-0.04,12.05,96.31,14.71,,69.71,41.28,1,0,69.77,4.42,-3.32,42.11,40.19
110.02,0,,77.25,16.73,0,2,75.54,2.62,13.91,100.83,15.51,,69.70,41.25,1,0,68.94,4.23,-3.32,41.92,40.00
110.08,0,,77.38,16.63,0,2,72.10,4.22,15.41,103.93,15.61,,69.68,41.21,1,0,69.29,4.20,-3.24,41.97,39.89
110.23,0,,77.46,16.54,0,2,71.41,4.28,14.80,103.38,16.28,,69.66,41.17,1,0,69.10,4.31,-3.19,42.13,39.95
110.29,0,,77.50,16.46,0,2,71.38,5.21,15.05,104.56,16.96,,69.64,41.13,1,0,69.03,4.36,-3.23,42.14,40.04
110.38,0,,77.50,16.39,0,2,70.62,5.05,15.19,104.54,16.66,,69.62,41.09,1,0,69.53,4.33,-3.29,42.05,40.07
110.50,0,,77.46,16.33,0,2,70.65,5.01,15.19,104.50,16.62,,69.61,41.04,1,0,69.48,4.21,-3.31,41.91,39.97
110.59,0,,77.38,16.27,0,2,69.89,5.18,15.41,104.89,16.57,,69.59,40.99,1,0,69.49,4.01,-3.33,41.69,39.79
110.68,0,,77.38,16.27,0,2,69.89,5.18,15.41,104.89,16.57,,69.57,40.94,1,0,69.11,3.85,-3.33,41.53,39.63
110.77,0,,77.27,16.22,0,2,70.12,3.56,14.25,102.11,16.11,,69.55,40.89,1,0,69.49,3.87,-3.33,41.55,39.65
110.89,0,,76.95,16.15,0,2,70.25,5.64,14.25,104.19,18.19,,69.54,40.84,1,0,69.44,3.96,-3.30,41.67,39.71
110.98,0,,76.76,16.13,0,2,71.21,6.57,14.89,105.76,18.48,,69.52,40.78,1,0,69.93,3.99,-3.31,41.69,39.75
111.07,0,,76.76,16.13,0,2,71.21,6.57,14.89,105.76,18.48,,69.51,40.73,1,0,69.47,3.96,-3.35,41.62,39.76
111.19,0,,76.55,16.13,0,2,69.39,9.25,15.82,109.37,20.23,,69.50,40.67,1,0,69.40,3.82,-3.30,41.53,39.57
111.28,0,,76.09,16.21,0,2,71.09,11.38,17.01,112.69,21.17,,69.49,40.62,1,0,69.16,3.71,-3.29,41.43,39.45
111.37,0,,76.09,16.21,0,2,71.09,11.38,17.01,112.69,21.17,,69.48,40.56,1,0,69.33,3.60,-3.30,41.31,39.35
111.49,0,,75.59,16.38,0,2,71.67,13.18,18.34,115.82,21.64,,69.47,40.50,1,0,68.77,3.61,-3.26,41.36,39.32
111.58,0,,75.34,16.50,0,2,70.43,13.41,19.09,116.80,21.12,,69.46,40.45,1,0,69.81,3.84,-3.26,41.59,39.55
111.67,0,,75.34,16.50,0,2,70.43,13.41,19.09,116.80,21.12,,69.45,40.39,1,0,69.57,3.92,-3.24,41.69,39.61
111.79,0,,74.84,16.78,0,2,72.73,14.01,20.58,118.89,20.23,,69.44,40.33,1,0,69.77,3.89,-3.23,41.67,39.57
111.88,0,,74.60,16.93,0,2,74.13,13.26,20.49,118.05,19.57,,69.44,40.28,1,0,69.31,3.92,-3.22,41.71,39.59
112.00,0,,74.38,17.07,0,2,75.75,10.54,18.91,113.75,18.43,,69.43,40.22,1,0,68.89,3.78,-3.23,41.56,39.46
112.12,0,,74.20,17.22,0,2,77.31,7.99,16.67,108.96,18.12,,69.42,40.17,1,0,68.91,3.63,-3.25,41.39,39.33
112.18,0,,74.20,17.22,0,2,77.31,7.99,16.67,108.96,18.12,,69.41,40.12,1,0,69.20,3.59,-3.21,41.39,39.25
112.27,0,,74.05,17.35,0,2,75.14,8.22,15.87,108.39,19.15,,69.40,40.07,1,0,69.64,3.73,-3.20,41.54,39.38
112.39,0,,73.80,17.61,0,2,72.19,10.51,16.48,111.29,20.83,,69.39,40.02,1,0,69.13,3.80,-3.21,41.60,39.46
112.48,0,,73.69,17.74,0,2,75.22,13.68,18.72,116.70,21.76,,69.38,39.97,1,0,68.79,3.64,-3.19,41.46,39.28
112.57,0,,73.69,17.74,0,2,75.22,13.68,18.72,116.70,21.76,,69.37,39.92,1,0,68.74,3.55,-3.21,41.35,39.21
112.69,0,,73.60,17.88,0,2,74.47,13.20,19.48,116.98,20.52,,69.36,39.88,1,0,69.49,3.53,-3.24,41.30,39.22
112.78,0,,73.45,18.18,0,2,73.52,13.96,17.50,115.76,23.26,,69.35,39.83,1,0,69.29,3.44,-3.26,41.19,39.15
112.88,0,,73.45,18.18,0,2,73.52,13.96,17.50,115.76,23.26,,69.34,39.79,1,0,69.70,3.42,-3.30,41.13,39.17
112.99,0,,73.33,18.52,0,2,72.49,13.90,17.46,115.66,23.24,,69.33,39.75,1,0,68.91,3.70,-3.27,41.44,39.42
113.08,0,,73.28,18.69,0,2,73.85,12.53,17.85,114.68,21.48,,69.32,39.71,1,0,69.13,3.97,-3.09,41.89,39.51
113.17,0,,73.28,18.69,0,2,73.85,12.53,17.85,114.68,21.48,,69.31,39.67,1,0,68.84,3.99,-2.98,42.02,39.42
113.29,0,,73.21,19.04,0,2,78.05,13.95,18.45,116.70,22.30,,69.30,39.63,1,0,69.21,4.08,-3.03,42.06,39.56
113.38,0,,73.21,19.21,0,2,75.40,15.28,20.06,119.64,22.02,,69.29,39.60,1,0,69.00,4.09,-3.03,42.07,39.57
113.50,0,,73.23,19.38,0,2,77.62,12.70,18.55,115.55,20.95,,69.28,39.57,1,0,69.54,3.94,-2.99,41.96,39.38
113.61,0,,73.23,19.38,0,2,77.62,12.70,18.55,115.55,20.95,,69.27,39.54,1,0,69.12,3.92,-3.00,41.93,39.37
113.68,0,,73.27,19.54,0,2,76.61,11.51,16.80,112.61,21.51,,69.26,39.52,1,0,68.96,4.01,-2.98,42.04,39.44
113.77,0,,73.32,19.70,0,2,77.72,11.13,16.35,111.78,21.58,,69.25,39.50,1,0,69.56,4.18,-2.97,42.22,39.60
113.89,0,,73.49,20.00,0,2,80.04,16.12,19.00,119.42,23.92,,69.25,39.48,1,0,69.29,4.24,-2.96,42.29,39.65
113.98,0,,73.61,20.16,0,2,77.84,15.52,19.74,119.56,22.58,,69.24,39.46,1,0,69.10,4.12,-2.90,42.23,39.47
114.07,0,,73.61,20.16,0,2,77.84,15.52,19.74,119.56,22.58,,69.24,39.44,1,0,68.97,4.04,-2.93,42.12,39.42
114.19,0,,73.74,20.31,0,2,79.39,15.53,18.53,118.36,23.80,,69.23,39.43,1,0,69.39,3.93,-2.95,41.99,39.33
114.28,0,,74.06,20.63,0,2,81.75,14.76,19.02,118.08,22.54,,69.22,39.42,1,0,69.03,3.85,-2.95,41.91,39.25
114.37,0,,74.06,20.63,0,2,81.75,14.76,19.02,118.08,22.54,,69.22,39.41,1,0,69.46,4.01,-2.96,42.06,39.42
114.49,0,,74.50,20.94,0,2,87.53,9.62,17.04,110.96,19.38,,69.21,39.39,1,0,68.80,4.17,-2.89,42.29,39.51
114.58,0,,74.78,21.06,0,2,88.09,7.71,15.68,107.69,18.83,,69.21,39.38,1,0,69.36,4.14,-2.84,42.31,39.43
114.67,0,,74.78,21.06,0,2,88.09,7.71,15.68,107.69,18.83,,69.21,39.38,1,0,69.40,4.11,-2.84,42.28,39.40
114.79,0,,75.46,21.26,0,2,85.13,11.90,16.90,113.10,21.80,,69.20,39.37,1,0,69.37,4.07,-2.86,42.22,39.38
114.88,0,,75.82,21.34,0,2,84.40,10.35,15.36,110.01,21.79,,69.20,39.36,2,-1,68.94,3.92,-2.92,42.01,39.29
115.00,0,,76.20,21.43,0,2,83.54,12.40,16.38,113.08,22.82,,69.20,39.36,2,-1,68.92,3.89,-2.92,41.98,39.26
115.09,0,,76.59,21.51,0,2,83.14,13.27,16.33,113.90,23.74,,69.19,39.35,2,-1,69.04,4.02,-2.91,42.12,39.38
115.18,0,,76.59,21.51,0,2,83.14,13.27,16.33,113.90,23.74,,69.19,39.35,2,-1,68.83,4.07,-2.94,42.14,39.46
115.27,0,,76.97,21.59,0,2,82.12,18.78,18.43,121.51,27.15,,69.18,39.34,2,-1,69.07,4.07,-2.96,42.12,39.48
115.39,0,,77.69,21.84,0,2,78.50,17.33,15.98,117.61,28.15,,69.18,39.34,2,-1,69.04,3.97,-3.03,41.95,39.45
115.48,0,,78.01,22.00,0,2,79.09,19.26,16.03,119.59,30.03,,69.17,39.34,2,-1,69.33,3.79,-3.05,41.75,39.29
115.57,0,,78.01,22.00,0,2,79.09,19.26,16.03,119.59,30.03,,69.17,39.33,2,-1,69.14,3.77,-3.12,41.66,39.34
115.69,0,,78.31,22.19,0,2,80.63,21.27,18.25,123.82,29.82,,69.16,39.33,2,-1,69.33,3.87,-3.17,41.71,39.49
115.78,0,,78.85,22.63,0,2,82.63,21.75,18.01,124.06,30.54,,69.16,39.33,2,-1,69.22,4.02,-3.06,41.97,39.53
115.87,0,,78.85,22.63,0,2,82.63,21.75,18.01,124.06,30.54,,69.16,39.33,2,-1,69.24,4.01,-2.99,42.03,39.45
115.99,0,,79.37,23.14,0,2,88.16,21.38,20.92,126.60,27.26,,69.16,39.33,2,-1,69.05,3.84,-2.95,41.90,39.24
116.08,0,,79.66,23.40,0,2,93.95,18.55,20.11,122.96,25.24,,69.15,39.33,2,-1,68.99,3.77,-2.91,41.87,39.13
116.17,0,,79.66,23.40,0,2,93.95,18.55,20.11,122.96,25.24,,69.15,39.33,2,-1,69.19,3.64,-2.98,41.67,39.07
116.29,0,,80.38,23.86,0,2,94.54,14.74,18.17,117.21,23.37,,69.15,39.33,2,-1,69.48,3.49,-3.07,41.43,39.01
116.38,0,,80.80,24.06,0,2,92.15,15.36,18.22,117.88,23.94,,69.15,39.33,2,-1,69.21,3.48,-3.13,41.36,39.06
116.50,0,,81.24,24.23,0,2,86.43,15.68,18.11,118.09,24.37,,69.15,39.32,2,-1,68.62,3.46,-3.11,41.36,39.02
116.59,0,,81.66,24.39,0,2,85.02,16.49,17.69,118.48,25.60,,69.15,39.31,2,-1,69.21,3.43,-3.07,41.37,38.95
116.68,0,,81.66,24.39,0,2,85.02,16.49,17.69,118.48,25.60,,69.14,39.31,2,-1,68.53,3.38,-3.09,41.30,38.92
116.77,0,,82.07,24.53,0,2,85.57,16.99,17.32,118.61,26.47,,69.14,39.30,2,-1,68.98,3.38,-3.10,41.29,38.93
116.89,0,,82.80,24.81,0,2,84.80,15.60,16.20,116.10,26.20,,69.13,39.29,2,-1,68.80,3.37,-3.11,41.27,38.93
116.97,0,,83.12,24.94,0,2,83.78,14.83,15.64,114.77,25.99,,69.13,39.28,2,-1,69.46,3.24,-3.10,41.15,38.79
117.07,0,,83.12,24.94,0,2,83.78,14.83,15.64,114.77,25.99,,69.12,39.26,2,-1,68.80,3.18,-3.09,41.10,38.72
117.19,0,,83.42,25.07,0,2,83.95,14.60,15.36,114.26,26.04,,69.12,39.25,2,-1,69.22,3.26,-3.12,41.15,38.83
117.28,0,,83.93,25.29,0,2,84.15,14.60,15.71,114.61,25.69,,69.11,39.23,2,-1,68.72,3.41,-3.13,41.29,38.99
117.36,0,,83.93,25.29,0,2,84.15,14.60,15.71,114.61,25.69,,69.10,39.22,2,-1,69.27,3.46,-3.10,41.37,39.01
117.49,0,,84.35,25.47,0,2,86.30,12.21,15.01,111.52,24.00,,69.10,39.20,2,-1,69.12,3.34,-3.11,41.24,38.90
117.58,0,,84.35,25.47,0,2,86.30,12.21,15.01,111.52,24.00,,69.10,39.18,2,-1,69.51,3.32,-3.14,41.19,38.91
117.67,0,,84.54,25.54,0,2,86.95,11.09,14.51,109.90,23.38,,69.09,39.17,1,0,69.02,3.29,-3.08,41.22,38.82
117.79,0,,84.91,25.61,0,2,85.75,10.19,14.22,108.71,22.77,,69.09,39.15,1,0,68.83,3.14,-3.09,41.06,38.68
117.88,0,,85.08,25.62,0,2,86.37,10.37,14.30,108.97,22.87,,69.09,39.14,1,0,69.00,3.08,-3.09,41.00,38.62
118.00,0,,85.24,25.61,0,2,86.96,10.11,14.22,108.63,22.69,,69.09,39.12,1,0,69.33,3.24,-3.01,41.24,38.70
118.09,0,,85.39,25.59,0,2,86.50,8.99,13.69,106.98,22.10,,69.08,39.10,1,0,68.82,3.40,-3.00,41.41,38.85
118.18,0,,85.39,25.59,0,2,86.50,8.99,13.69,106.98,22.10,,69.08,39.08,1,0,68.74,3.25,-2.98,41.28,38.68
118.27,0,,85.53,25.54,0,2,86.63,7.99,13.08,105.37,21.71,,69.08,39.06,1,0,68.91,3.15,-3.01,41.15,38.61
118.39,0,,85.79,25.41,0,2,85.44,8.45,12.86,105.61,22.39,,69.07,39.04,1,0,69.04,3.22,-3.05,41.18,38.72
118.51,0,,85.90,25.32,0,2,86.60,10.01,13.65,107.96,23.16,,69.07,39.02,1,0,69.07,3.21,-3.03,41.19,38.69
118.60,0,,86.00,25.23,0,2,84.62,10.52,13.99,108.81,23.33,,69.06,39.00,1,0,69.07,3.13,-3.00,41.14,38.58
118.68,0,,86.00,25.23,0,2,84.62,10.52,13.99,108.81,23.33,,69.06,38.98,1,0,69.26,3.11,-2.93,41.19,38.49
118.78,0,,86.14,25.05,0,2,84.13,10.26,13.08,107.64,23.98,,69.06,38.96,1,0,69.05,3.28,-2.91,41.38,38.64
118.87,0,,86.14,25.05,0,2,84.13,10.26,13.08,107.64,23.98,,69.06,38.94,1,0,68.95,3.51,-2.95,41.57,38.91
119.02,0,,86.20,24.88,0,2,83.16,10.25,12.86,107.41,24.19,,69.05,38.92,1,0,69.09,3.55,-2.92,41.64,38.92
119.08,0,,86.20,24.80,0,2,84.13,10.15,12.68,107.13,24.27,,69.05,38.91,1,0,69.11,3.48,-2.86,41.63,38.79
119.17,0,,86.20,24.80,0,2,84.13,10.15,12.68,107.13,24.27,,69.05,38.89,1,0,68.44,3.39,-2.82,41.58,38.66
119.29,0,,86.15,24.66,0,2,83.21,10.51,12.75,107.56,24.56,,69.04,38.88,1,0,68.82,3.34,-2.81,41.54,38.60
119.38,0,,86.10,24.60,0,2,82.64,10.77,12.81,107.88,24.76,,69.04,38.86,1,0,68.61,3.31,-2.84,41.48,38.60
119.53,0,,86.04,24.55,0,2,82.33,10.55,12.46,107.31,24.89,,69.03,38.85,1,0,68.72,3.24,-2.87,41.38,38.56
119.59,0,,85.97,24.50,0,2,82.71,10.50,12.40,107.20,24.90,,69.02,38.83,1,0,68.76,3.25,-2.91,41.35,38.61
119.68,0,,85.97,24.50,0,2,82.71,10.50,12.40,107.20,24.90,,69.01,38.82,1,0,68.92,3.51,-2.88,41.64,38.84
119.77,0,,85.88,24.46,0,2,82.78,10.97,12.65,107.92,25.12,,69.01,38.80,1,0,68.57,3.66,-2.91,41.76,39.02
119.89,0,,85.68,24.41,0,2,81.59,11.78,12.78,108.86,25.80,,69.00,38.79,1,0,69.01,3.52,-3.19,41.34,39.16
120.01,0,,85.57,24.40,0,2,80.86,11.75,12.68,108.73,25.87,,68.99,38.79,1,0,69.71,3.66,-3.55,41.12,39.66
120.07,0,,85.57,24.40,0,2,80.86,11.75,12.68,108.73,25.87,,68.98,38.78,1,0,69.77,3.72,-3.91,40.82,40.08
120.19,0,,85.44,24.39,0,2,80.69,11.36,12.60,108.26,25.56,,68.98,38.79,1,0,68.82,2.92,-4.00,39.93,39.37
120.28,0,,85.14,24.41,0,2,81.14,11.55,12.28,108.13,26.07,,68.98,38.80,1,0,68.12,1.47,-3.75,38.73,37.67
120.37,0,,85.14,24.41,0,2,81.14,11.55,12.28,108.13,26.07,,68.98,38.80,1,0,67.35,0.44,-3.84,37.61,36.73
120.49,0,,84.82,24.46,0,2,81.53,15.06,14.19,113.55,27.67,,68.96,38.79,1,0,67.48,0.78,-3.87,37.92,37.10
120.58,0,,84.64,24.51,0,2,80.76,15.95,14.49,114.74,28.26,,68.94,38.77,1,0,67.23,1.15,-3.11,39.05,36.71
120.67,0,,84.64,24.51,0,2,80.76,15.95,14.49,114.74,28.26,,68.91,38.73,1,0,66.29,-0.00,-2.42,38.59,34.87
120.79,0,,84.29,24.65,0,2,80.46,14.62,14.41,113.33,27.01,,68.87,38.68,1,0,65.83,-0.68,-2.36,37.97,34.13
120.88,0,,84.11,24.73,0,2,80.93,13.55,13.76,111.61,26.59,,68.81,38.61,1,0,64.04,0.08,-2.21,38.88,34.74
121.00,0,,83.93,24.82,0,2,79.98,13.16,13.33,110.79,26.63,,68.74,38.53,1,0,64.53,1.04,-1.88,40.17,35.37
121.09,0,,83.74,24.90,0,2,77.89,13.08,13.11,110.49,26.77,,68.64,38.44,1,0,63.67,1.80,-1.75,41.06,36.00
121.18,0,,83.74,24.90,0,2,77.89,13.08,13.11,110.49,26.77,,68.53,38.34,1,0,64.97,1.93,-2.01,40.93,36.39
121.27,0,,83.55,24.99,0,2,80.61,12.32,12.63,109.25,26.49,,68.41,38.24,1,0,65.34,2.11,-2.17,40.95,36.73
121.39,0,,83.17,25.16,0,2,81.14,10.44,11.57,106.31,25.67,,68.28,38.14,1,0,64.31,2.96,-1.54,42.43,36.95
121.51,0,,82.99,25.24,0,2,81.29,9.08,11.23,104.61,24.65,,68.15,38.04,1,0,64.00,3.34,-1.13,43.22,36.92
121.57,0,,82.99,25.24,0,2,81.29,9.08,11.23,104.61,24.65,,68.00,37.95,1,0,64.33,3.48,-1.30,43.19,37.23
121.69,0,,82.82,25.31,0,2,81.24,8.10,11.17,103.57,23.73,,67.85,37.87,1,0,64.04,3.64,-1.10,43.55,37.19
121.78,0,,82.50,25.39,0,2,80.48,7.53,11.33,103.16,23.00,,67.69,37.78,1,0,64.64,3.52,-1.08,43.45,37.05
121.87,0,,82.50,25.39,0,2,80.48,7.53,11.33,103.16,23.00,,67.53,37.71,1,0,65.82,3.56,-1.39,43.18,37.40
121.99,0,,82.22,25.40,0,2,80.76,6.64,10.94,101.88,22.50,,67.38,37.64,1,0,66.45,3.85,-1.49,43.37,37.79
122.08,0,,82.09,25.39,0,2,79.61,7.33,11.12,102.75,23.01,,67.24,37.57,1,0,66.19,3.96,-1.37,43.60,37.78
122.17,0,,82.09,25.39,0,2,79.61,7.33,11.12,102.75,23.01,,67.10,37.52,1,0,66.02,3.77,-1.28,43.50,37.50
122.29,0,,81.83,25.32,0,2,80.44,8.20,11.70,104.20,23.30,,66.98,37.47,1,0,65.94,3.62,-1.46,43.17,37.53
122.38,0,,81.71,25.27,0,2,79.94,7.73,11.23,103.26,23.30,,66.86,37.43,1,0,65.42,3.44,-1.44,43.01,37.33
122.50,0,,81.59,25.22,0,2,79.55,7.69,11.05,103.04,23.44,,66.75,37.39,1,0,66.50,3.33,-1.34,43.00,37.12
122.59,0,,81.46,25.16,0,2,78.79,8.11,11.28,103.69,23.63,,66.64,37.35,1,0,66.44,3.49,-1.45,43.05,37.39
122.68,0,,81.46,25.16,0,2,78.79,8.11,11.28,103.69,23.63,,66.55,37.32,1,0,65.77,3.53,-1.43,43.11,37.41
122.77,0,,81.34,25.10,0,2,79.97,8.43,11.36,104.09,23.87,,66.46,37.29,1,0,66.29,3.45,-1.38,43.08,37.28
122.89,0,,81.11,24.97,0,2,79.53,5.94,10.45,100.69,22.29,,66.38,37.26,1,0,66.30,3.40,-1.51,42.90,37.36
123.01,0,,81.00,24.90,0,2,79.08,6.64,10.54,101.48,22.90,,66.31,37.24,1,0,66.31,3.38,-1.58,42.81,37.41
123.07,0,,81.00,24.90,0,2,79.08,6.64,10.54,101.48,22.90,,66.24,37.22,1,0,65.52,3.07,-1.48,42.60,37.00
123.19,0,,80.89,24.82,0,2,77.77,8.32,11.59,104.21,23.53,,66.18,37.20,1,0,65.25,1.85,-1.75,41.11,36.05
123.28,0,,80.65,24.67,0,2,78.04,8.93,11.27,104.50,24.46,,66.11,37.18,1,0,64.46,0.32,-2.70,38.63,35.47
123.37,0,,80.65,24.67,0,2,78.04,8.93,11.27,104.50,24.46,,66.05,37.14,1,0,64.30,-1.25,-3.78,35.98,34.98
123.49,0,,80.40,24.54,0,2,77.39,11.24,12.76,108.30,25.28,,65.98,37.10,2,-1,63.92,-3.17,-4.90,32.94,34.18
123.58,0,,80.27,24.49,0,2,78.18,10.82,12.36,107.48,25.26,,65.91,37.05,2,-1,63.57,-4.68,-6.16,30.17,33.93
123.67,0,,80.27,24.49,0,2,78.18,10.82,12.36,107.48,25.26,,65.83,36.98,2,-1,65.20,-5.72,-7.14,28.15,33.87
123.79,0,,80.01,24.42,0,2,77.05,10.64,12.32,107.26,25.12,,65.76,36.91,2,-1,68.17,-6.79,-7.93,26.29,33.59
123.88,0,,79.88,24.40,0,2,78.07,10.46,12.34,107.10,24.92,,65.71,36.82,2,-1,70.19,-6.86,-8.38,25.77,33.97
124.00,0,,79.75,24.38,0,2,76.00,11.31,12.82,108.43,25.29,,65.69,36.73,2,-1,70.35,-6.19,-8.16,26.66,34.42
124.09,0,,79.61,24.38,0,2,76.99,12.31,13.13,109.74,25.98,,65.69,36.62,2,-1,66.60,-6.50,-6.74,27.77,32.69
124.18,0,,79.61,24.38,0,2,76.99,12.31,13.13,109.74,25.98,,65.71,36.51,2,-1,66.79,-5.65,-4.07,31.29,30.87
124.27,0,,79.47,24.38,0,2,76.41,13.72,13.70,111.72,26.82,,65.73,36.38,2,-1,66.57,-2.05,-2.90,36.06,33.30
124.39,0,,79.18,24.42,0,1,76.07,14.98,14.52,113.80,27.26,,65.75,36.25,2,-1,67.17,-0.91,-3.74,36.36,35.28
124.51,0,,79.03,24.47,0,1,76.08,15.97,14.80,115.07,27.97,,65.78,36.12,2,-1,67.99,-1.64,-4.09,35.28,34.90
124.57,0,,79.03,24.47,0,1,76.08,15.97,14.80,115.07,27.97,,65.81,36.00,2,-1,68.87,-0.45,-4.71,35.85,36.71
124.69,0,,78.88,24.52,0,1,74.34,17.83,16.26,118.39,28.37,,65.87,35.90,2,-1,70.12,0.46,-5.25,36.22,38.16
124.78,0,,78.56,24.69,1,0,76.39,19.82,17.26,121.38,29.36,,65.94,35.82,2,-1,70.55,1.00,-5.22,36.79,38.67
124.87,0,,78.56,24.69,1,0,76.39,19.82,17.26,121.38,29.36,,66.03,35.76,2,-1,70.66,1.85,-5.17,37.69,39.47
124.99,0,,78.24,24.92,2,-1,77.88,19.70,17.60,121.60,28.90,,66.14,35.73,2,-1,71.50,2.53,-5.13,38.41,40.11
125.08,0,,78.08,25.05,2,-1,76.78,21.31,18.26,123.87,29.85,,66.26,35.73,2,-1,71.73,2.93,-5.47,38.47,40.85
125.17,0,,78.08,25.05,2,-1,76.78,21.31,18.26,123.87,29.85,,66.41,35.76,2,-1,71.78,2.60,-5.76,37.85,40.81
125.29,0,,77.82,25.35,2,-1,78.33,20.91,17.83,123.04,29.88,,66.57,35.82,2,-1,71.92,2.30,-5.72,37.59,40.47
125.38,0,,77.70,25.52,2,-1,74.54,21.51,18.35,124.16,29.96,,66.75,35.90,2,-1,72.07,2.28,-5.68,37.61,40.41
125.50,0,,77.59,25.69,4,-2,74.90,20.10,18.18,122.58,28.72,,66.94,35.99,2,-1,71.77,2.17,-5.74,37.44,40.36
125.59,0,,77.47,25.86,4,-2,76.18,19.17,18.00,121.47,27.97,,67.13,36.10,2,-1,70.38,0.41,-5.62,35.80,38.48
125.68,0,,77.47,25.86,4,-2,76.18,19.17,18.00,121.47,27.97,,67.32,36.21,2,-1,68.75,-2.93,-4.42,33.66,33.94
125.77,0,,77.35,26.02,4,-2,76.94,17.77,18.03,120.10,26.54,,67.51,36.29,2,-1,68.32,-3.90,-2.89,34.22,31.44
125.89,0,,77.14,26.30,4,-2,74.82,12.07,14.41,110.78,24.46,,67.68,36.35,2,-1,69.61,-1.80,-3.19,36.02,33.84
126.01,0,,77.03,26.41,4,-2,73.17,8.42,13.10,105.82,22.12,,67.84,36.38,2,-1,69.50,-0.25,-4.14,36.62,36.34
126.07,0,,77.03,26.41,4,-2,73.17,8.42,13.10,105.82,22.12,,68.00,36.41,2,-1,70.71,0.29,-4.28,37.02,37.02
126.19,0,,76.91,26.48,4,-2,71.65,5.12,11.08,100.50,20.84,,68.15,36.44,2,-1,71.99,1.67,-5.15,37.53,39.27
126.28,0,,76.62,26.52,4,-2,70.70,11.27,13.37,108.94,24.70,,68.31,36.49,2,-1,71.91,2.56,-5.92,37.65,40.93
126.37,0,,76.62,26.52,4,-2,70.70,11.27,13.37,108.94,24.70,,68.48,36.55,2,-1,72.27,2.12,-5.73,37.40,40.30
126.49,0,,76.27,26.50,4,-2,71.04,13.54,15.07,112.91,25.27,,68.65,36.63,2,-1,72.19,2.30,-5.71,37.60,40.46
126.58,0,,76.08,26.48,4,-2,71.12,12.77,14.99,112.06,24.58,,68.82,36.72,2,-1,71.56,2.48,-5.60,37.89,40.53
126.67,0,,76.08,26.48,4,-2,71.12,12.77,14.99,112.06,24.58,,68.99,36.82,2,-1,71.43,2.16,-5.35,37.82,39.96
126.79,0,,75.66,26.42,4,-2,68.54,13.86,15.81,113.97,24.85,,69.16,36.94,2,-1,71.67,1.63,-5.46,37.18,39.54
126.88,0,,75.42,26.38,4,-2,68.06,14.81,15.82,114.93,25.79,,69.32,37.05,2,-1,71.54,0.89,-6.14,35.76,39.48
127.00,0,,75.17,26.35,4,-2,68.30,17.26,16.37,117.93,27.69,,69.48,37.17,2,-1,71.14,0.68,-6.64,35.05,39.77
127.09,0,,74.91,26.32,4,-2,68.10,16.75,16.75,117.80,26.80,,69.63,37.29,2,-1,69.74,-0.31,-5.66,35.04,37.80
127.18,0,,74.91,26.32,4,-2,68.10,16.75,16.75,117.80,26.80,,69.77,37.40,2,-1,69.53,-1.43,-4.62,34.96,35.64
127.27,0,,74.63,26.30,4,-2,68.41,14.02,15.47,113.79,25.35,,69.89,37.49,2,-1,69.27,-1.18,-4.79,35.04,36.06
127.39,0,,74.06,26.23,4,-2,69.20,9.63,13.76,107.69,22.67,,69.99,37.56,2,-1,68.90,-0.80,-4.52,35.69,36.17
127.51,0,,73.77,26.18,4,-2,70.17,7.88,12.67,104.85,22.01,,70.08,37.61,2,-1,68.83,-0.52,-3.78,36.71,35.71
127.57,0,,73.77,26.18,4,-2,70.17,7.88,12.67,104.85,22.01,,70.15,37.65,2,-1,68.57,-0.32,-3.48,37.21,35.61
127.69,0,,73.49,26.11,4,-2,70.05,6.96,11.67,102.93,22.09,,70.20,37.68,2,-1,68.87,-0.28,-3.53,37.20,35.70
127.78,0,,72.96,25.93,4,-2,69.06,7.39,11.65,103.34,22.54,,70.25,37.69,2,-1,69.10,-0.10,-3.78,37.13,36.13
127.87,0,,72.96,25.93,4,-2,69.06,7.39,11.65,103.34,22.54,,70.28,37.68,2,-1,68.42,-0.02,-3.76,37.23,36.19
127.99,0,,72.46,25.72,4,-2,70.62,13.89,13.94,112.13,26.75,,70.29,37.67,2,-1,68.84,0.28,-3.60,37.69,36.33
128.08,0,,72.24,25.63,4,-2,70.66,15.03,14.83,114.16,27.00,,70.30,37.66,2,-1,68.67,0.75,-3.49,38.27,36.69
128.17,0,,72.24,25.63,4,-2,70.66,15.03,14.83,114.16,27.00,,70.29,37.64,2,-1,68.31,0.97,-3.21,38.77,36.63
128.29,0,,71.84,25.49,4,-2,74.10,12.78,14.89,111.97,24.69,,70.28,37.61,2,-1,68.63,1.03,-3.04,39.00,36.52
128.38,0,,71.68,25.43,4,-2,77.15,10.00,14.66,108.96,22.14,,70.25,37.59,2,-1,68.85,1.19,-3.17,39.03,36.81
128.50,0,,71.58,25.35,4,-2,84.23,6.14,13.59,104.03,19.35,,70.23,37.56,2,-1,68.54,1.38,-3.44,38.95,37.27
128.59,0,,71.54,25.25,4,-2,80.76,4.73,12.53,101.56,19.00,,70.19,37.53,2,-1,68.61,1.43,-3.57,38.87,37.45
128.68,0,,71.54,25.25,4,-2,80.76,4.73,12.53,101.56,19.00,,70.15,37.50,2,-1,67.78,1.44,-3.54,38.91,37.43
128.77,0,,71.57,25.13,4,-2,77.25,6.77,14.16,105.23,19.41,,70.10,37.48,2,-1,68.09,1.45,-3.64,38.82,37.54
128.89,0,,71.73,24.80,4,-2,78.90,4.06,15.31,103.67,15.55,,70.04,37.46,2,-1,68.40,1.63,-3.72,38.92,37.80
129.01,0,,71.87,24.59,4,-2,78.34,4.42,15.04,103.76,16.18,,69.98,37.44,2,-1,68.30,1.78,-3.68,39.11,37.91
129.07,0,,71.87,24.59,4,-2,78.34,4.42,15.04,103.76,16.18,,69.91,37.43,2,-1,68.10,1.81,-3.69,39.13,37.95
129.19,0,,72.02,24.35,4,-2,75.44,5.20,14.85,104.35,17.15,,69.85,37.42,2,-1,68.04,2.08,-3.65,39.44,38.18
129.28,0,,72.36,23.83,4,-2,75.32,4.57,13.41,102.28,17.96,,69.78,37.42,2,-1,67.90,2.20,-3.58,39.63,38.23
129.37,0,,72.36,23.83,4,-2,75.32,4.57,13.41,102.28,17.96,,69.70,37.42,2,-1,67.81,2.13,-3.55,39.59,38.13
129.49,0,,72.73,23.28,4,-2,76.99,4.42,12.59,101.31,18.63,,69.62,37.43,2,-1,68.31,2.28,-3.56,39.73,38.29
129.58,0,,72.91,23.01,4,-2,76.85,2.71,12.03,99.04,17.48,,69.55,37.44,2,-1,68.15,2.35,-3.58,39.78,38.38
129.67,0,,72.91,23.01,4,-2,76.85,2.71,12.03,99.04,17.48,,69.47,37.45,2,-1,67.77,2.53,-3.55,39.99,38.53
129.79,0,,73.10,22.74,4,-2,77.63,0.84,10.89,96.03,16.75,,69.39,37.47,2,-1,67.93,2.79,-3.48,40.32,38.72
129.88,0,,73.49,22.17,4,-2,77.21,-1.00,8.99,92.29,16.81,,69.31,37.50,2,-1,68.14,2.76,-3.47,40.30,38.68
130.00,0,,73.69,21.88,4,-2,76.99,0.69,9.64,94.63,17.85,,69.23,37.53,2,-1,68.29,2.81,-3.49,40.33,38.75
130.09,0,,73.89,21.60,4,-2,76.24,2.34,10.85,97.49,18.29,,69.16,37.56,2,-1,68.19,2.83,-3.49,40.35,38.77
130.18,0,,73.89,21.60,4,-2,76.24,2.34,10.85,97.49,18.29,,69.08,37.60,2,-1,68.48,2.81,-3.54,40.28,38.80
130.27,0,,74.08,21.33,4,-2,76.14,2.03,10.84,97.17,17.99,,69.01,37.64,2,-1,67.82,3.08,-3.51,40.58,39.04
130.39,0,,74.43,20.81,4,-2,76.82,0.75,10.51,95.56,17.04,,68.94,37.68,2,-1,67.50,3.12,-3.47,40.66,39.04
130.51,0,,74.60,20.56,4,-2,76.26,-0.71,9.95,93.54,16.14,,68.88,37.73,2,-1,68.17,3.07,-3.61,40.47,39.13
130.57,0,,74.60,20.56,4,-2,76.26,-0.71,9.95,93.54,16.14,,68.81,37.78,2,-1,68.54,3.15,-3.67,40.49,39.27
130.69,0,,74.76,20.31,4,-2,77.63,-1.65,9.40,92.05,15.75,,68.75,37.83,0,1,68.63,3.02,-3.69,40.34,39.16
130.78,0,,75.08,19.82,4,-2,79.25,-0.18,9.86,93.98,16.76,,68.69,37.89,0,1,68.46,3.14,-3.74,40.41,39.33
130.87,0,,75.08,19.82,4,-2,79.25,-0.18,9.86,93.98,16.76,,68.64,37.95,0,1,68.26,3.37,-3.67,40.71,39.49
130.99,0,,75.41,19.35,4,-2,77.98,2.35,11.09,97.74,18.06,,68.59,38.01,0,1,68.74,3.30,-3.68,40.63,39.43
131.08,0,,75.57,19.15,4,-2,74.18,4.36,11.70,100.36,19.46,,68.55,38.07,0,1,68.61,3.29,-3.75,40.55,39.49
131.17,0,,75.57,19.15,4,-2,74.18,4.36,11.70,100.36,19.46,,68.52,38.13,0,1,68.50,3.26,-3.76,40.51,39.47
131.29,0,,75.84,18.80,4,-2,73.83,4.70,13.34,102.34,18.16,,68.48,38.20,0,1,68.05,3.21,-3.80,40.42,39.46
131.38,0,,75.93,18.65,4,-2,73.35,2.56,11.93,98.79,17.43,,68.45,38.27,0,1,68.70,3.42,-3.81,40.62,39.68
131.50,0,,76.01,18.51,4,-2,73.93,1.31,10.60,96.21,17.51,,68.42,38.33,0,1,68.24,3.71,-3.80,40.92,39.96
131.59,0,,76.06,18.38,4,-2,74.57,0.48,10.25,95.03,17.03,,68.40,38.40,0,1,68.70,3.79,-3.85,40.95,40.09
131.69,0,,76.06,18.38,4,-2,74.57,0.48,10.25,95.03,17.03,,68.38,38.48,0,2,68.71,3.75,-3.91,40.85,40.11
131.77,0,,76.10,18.25,4,-2,75.67,-0.89,9.30,92.71,16.61,,68.36,38.55,0,2,68.60,3.82,-3.97,40.86,40.24
131.89,0,,76.16,18.01,4,-2,75.25,-0.53,9.03,92.80,17.24,,68.35,38.63,0,2,69.17,3.79,-4.06,40.74,40.30
132.01,0,,76.18,17.91,4,-2,77.84,-0.70,9.27,92.87,16.83,,68.34,38.70,0,2,68.61,3.75,-4.10,40.66,40.30
132.07,0,,76.18,17.91,4,-2,77.84,-0.70,9.27,92.87,16.83,,68.33,38.78,0,2,69.49,3.93,-4.04,40.90,40.42
132.19,0,,76.21,17.80,4,-2,78.83,-1.76,8.87,91.41,16.17,,68.33,38.86,0,2,68.80,3.97,-4.05,40.93,40.47
132.28,0,,76.31,17.60,4,-2,80.71,-1.30,9.67,92.67,15.83,,68.34,38.94,0,2,68.24,3.84,-4.04,40.81,40.33
132.37,0,,76.31,17.60,4,-2,80.71,-1.30,9.67,92.67,15.83,,68.34,39.02,0,2,68.47,3.80,-4.00,40.81,40.25
132.49,0,,76.48,17.40,4,-2,82.30,-1.31,9.18,92.17,16.31,,68.35,39.10,0,2,68.75,3.64,-4.04,40.61,40.13
132.58,0,,76.60,17.30,4,-2,82.76,-0.31,10.05,94.04,16.44,,68.35,39.18,0,2,68.00,3.55,-4.05,40.51,40.05
132.67,0,,76.60,17.30,4,-2,82.76,-0.31,10.05,94.04,16.44,,68.36,39.25,0,2,68.38,3.66,-4.00,40.67,40.11
132.79,0,,76.90,17.12,4,-2,82.32,-0.84,9.20,92.66,16.76,,68.36,39.33,0,1,68.49,3.84,-3.95,40.90,40.24
132.88,0,,77.08,17.04,4,-2,82.82,-1.37,8.40,91.33,17.03,,68.36,39.40,0,1,68.21,3.93,-3.97,40.97,40.35
133.00,0,,77.27,16.97,4,-2,82.34,-0.23,8.46,92.53,18.11,,68.36,39.46,0,1,68.63,3.87,-4.03,40.85,40.35
133.09,0,,77.47,16.92,4,-2,80.77,2.16,9.95,96.41,19.01,,68.37,39.53,0,1,68.54,3.77,-4.03,40.75,40.25
133.18,0,,77.47,16.92,4,-2,80.77,2.16,9.95,96.41,19.01,,68.37,39.59,0,1,68.87,3.60,-4.03,40.58,40.08
133.27,0,,77.67,16.88,4,-2,80.61,2.79,10.13,97.22,19.46,,68.38,39.65,0,1,69.15,3.56,-4.06,40.51,40.07
133.39,0,,78.06,16.86,2,-1,81.43,4.59,10.83,99.72,20.56,,68.39,39.70,0,1,68.58,3.75,-4.06,40.70,40.26
133.51,0,,78.25,16.88,2,-1,81.16,3.80,10.87,98.97,19.73,,68.40,39.76,0,1,68.19,3.83,-4.03,40.81,40.31
133.57,0,,78.25,16.88,2,-1,81.16,3.80,10.87,98.97,19.73,,68.41,39.81,0,1,68.98,3.85,-4.03,40.83,40.33
133.69,0,,78.44,16.92,2,-1,82.44,3.05,10.23,97.58,19.62,,68.42,39.86,0,1,68.43,3.84,-4.04,40.81,40.33
133.78,0,,78.83,17.03,2,-1,84.08,2.27,10.31,96.88,18.76,,68.43,39.90,0,1,68.63,3.70,-4.02,40.69,40.17
133.87,0,,78.83,17.03,2,-1,84.08,2.27,10.31,96.88,18.76,,68.44,39.94,0,1,68.86,3.57,-4.12,40.46,40.14
133.99,0,,79.27,17.16,2,-1,84.49,0.18,8.46,92.94,18.52,,68.45,39.98,0,1,68.94,3.47,-4.28,40.20,40.20
134.08,0,,79.51,17.22,2,0,85.50,-0.02,7.85,92.13,18.93,,68.46,40.02,0,1,70.08,4.00,-4.53,40.48,40.98
134.17,0,,79.51,17.22,2,0,85.50,-0.02,7.85,92.13,18.93,,68.49,40.06,0,1,70.53,5.05,-4.95,41.11,42.45
134.29,0,,80.00,17.36,4,-2,85.27,-1.23,7.66,90.73,17.91,,68.52,40.11,0,1,69.95,5.15,-4.95,41.21,42.55
134.38,0,,80.25,17.43,4,-2,84.66,-3.72,6.17,86.75,16.91,,68.55,40.16,0,1,70.21,4.92,-4.77,41.16,42.14
134.50,0,,80.51,17.49,4,-2,85.33,-4.88,5.14,84.56,16.78,,68.59,40.23,0,1,70.77,5.34,-4.99,41.36,42.78
134.59,0,,80.76,17.53,4,-2,84.72,-4.09,6.05,86.26,16.66,,68.64,40.30,0,1,70.95,5.71,-5.05,41.67,43.21
134.68,0,,80.76,17.53,4,-2,84.72,-4.09,6.05,86.26,16.66,,68.70,40.38,0,1,71.30,5.93,-5.07,41.87,43.45
134.80,0,,81.27,17.60,4,-2,85.53,-2.56,8.36,90.10,15.88,,68.77,40.47,1,0,71.55,6.31,-5.29,42.03,44.05
134.89,0,,81.52,17.61,4,-2,86.89,-2.07,8.87,91.10,15.86,,68.85,40.57,1,0,71.48,6.73,-5.24,42.50,44.42
135.01,0,,81.77,17.61,0,2,84.53,-3.60,8.62,89.32,14.58,,68.93,40.69,1,0,72.20,6.70,-5.15,42.56,44.30
135.07,0,,81.77,17.61,0,2,84.53,-3.60,8.62,89.32,14.58,,69.02,40.81,1,0,70.94,6.25,-5.23,42.03,43.93
135.19,0,,82.01,17.59,0,2,86.93,-8.93,3.62,78.99,14.25,,69.12,40.93,1,0,70.66,5.63,-5.13,41.51,43.21
135.28,0,,82.50,17.53,0,2,84.78,-4.87,3.57,83.00,18.36,,69.21,41.06,1,0,70.67,4.87,-4.95,40.93,42.27
135.40,0,,82.72,17.50,0,2,83.49,-3.43,6.03,86.90,17.34,,69.30,41.18,1,0,70.75,4.48,-4.93,40.56,41.86
135.49,0,,82.93,17.47,0,2,83.00,-3.44,5.44,86.30,17.92,,69.40,41.29,1,0,71.18,4.67,-4.97,40.71,42.09
135.58,0,,83.12,17.45,0,2,82.92,-4.59,4.95,84.66,17.26,,69.49,41.40,1,0,71.84,5.25,-5.10,41.16,42.80
135.67,0,,83.12,17.45,0,2,82.92,-4.59,4.95,84.66,17.26,,69.59,41.50,2,-1,71.22,5.64,-5.26,41.39,43.35
135.79,0,,83.44,17.40,0,2,92.36,-13.16,-0.71,70.43,14.35,,69.68,41.61,1,0,71.45,5.60,-5.23,41.38,43.28
135.88,0,,83.63,17.35,0,2,100.00,-16.81,-3.04,64.45,13.03,,69.78,41.71,1,0,71.61,5.74,-5.24,41.51,43.43
136.00,0,,83.88,17.29,0,2,100.00,-17.61,-3.90,62.79,13.09,,69.87,41.81,1,0,71.68,5.84,-5.39,41.46,43.68
136.12,0,,84.17,17.21,0,2,80.55,-15.39,-3.25,65.66,14.66,,69.97,41.91,1,0,72.06,5.49,-5.51,40.99,43.45
136.18,0,,84.17,17.21,0,2,80.55,-15.39,-3.25,65.66,14.66,,70.07,42.01,1,0,71.42,5.22,-5.67,40.56,43.34
136.30,0,,84.67,17.04,0,2,84.88,-7.93,0.84,77.21,18.03,,70.17,42.11,1,0,71.97,5.10,-5.76,40.35,43.31
136.39,0,,84.88,16.97,0,2,84.46,-8.99,-0.28,75.03,18.09,,70.26,42.20,1,0,71.87,4.95,-5.77,40.19,43.17
136.51,0,,85.06,16.92,0,2,85.43,-10.94,-1.89,71.47,17.75,,70.36,42.29,1,0,71.62,5.02,-5.68,40.35,43.15
136.60,0,,85.22,16.87,0,2,84.51,-11.00,-2.68,70.62,18.48,,70.45,42.38,1,0,71.11,5.17,-5.46,40.72,43.08
136.69,0,,85.22,16.87,0,2,84.51,-11.00,-2.68,70.62,18.48,,70.54,42.46,1,0,72.33,5.27,-5.40,40.88,43.12
136.78,0,,85.48,16.83,0,2,83.16,-6.74,-0.46,77.10,20.52,,70.63,42.53,1,0,72.14,5.50,-5.44,41.07,43.39
136.90,0,,85.57,16.84,0,2,82.74,-0.50,2.82,86.62,23.48,,70.72,42.61,1,0,71.65,5.71,-5.32,41.40,43.48
136.99,0,,85.63,16.89,0,2,83.78,3.77,5.27,93.34,25.30,,70.80,42.68,1,0,72.06,5.80,-5.24,41.57,43.49
137.08,0,,85.68,16.98,0,2,83.20,5.82,6.62,96.74,26.00,,70.88,42.74,1,0,71.63,5.83,-5.26,41.58,43.54
137.26,0,,85.71,17.12,0,2,85.89,7.76,8.17,100.23,26.39,,70.96,42.81,1,0,71.57,5.78,-5.25,41.54,43.48
137.29,0,,85.74,17.29,0,2,84.04,7.39,8.06,99.75,26.13,,71.04,42.87,1,0,71.75,5.77,-5.21,41.57,43.43
137.41,0,,85.75,17.50,0,2,85.14,7.87,8.05,100.22,26.62,,71.11,42.93,1,0,71.72,5.89,-5.19,41.71,43.53
137.50,0,,85.76,17.74,0,2,83.63,9.23,8.69,102.22,27.34,,71.17,42.99,1,0,71.88,6.09,-5.15,41.95,43.69
137.59,0,,85.75,18.01,0,2,84.14,10.14,7.90,102.34,29.04,,71.24,43.04,1,0,72.11,6.23,-5.10,42.14,43.78
137.68,0,,85.75,18.01,0,2,84.14,10.14,7.90,102.34,29.04,,71.30,43.09,1,0,71.53,6.22,-5.08,42.15,43.75
137.80,0,,85.70,18.66,0,2,81.87,9.95,6.45,100.70,30.30,,71.35,43.15,1,0,71.37,6.22,-5.07,42.16,43.74
137.89,0,,85.64,19.04,0,2,80.38,9.50,5.75,99.55,30.55,,71.41,43.20,1,0,71.88,6.15,-5.06,42.10,43.66
138.01,0,,85.56,19.44,0,2,82.69,12.13,6.99,103.42,31.94,,71.46,43.24,1,0,72.21,6.07,-5.14,41.94,43.66
138.10,0,,85.47,19.88,0,2,82.80,14.77,8.76,107.83,32.81,,71.50,43.29,1,0,71.80,5.80,-5.14,41.67,43.39
138.25,0,,85.38,20.34,0,2,82.12,16.08,10.45,110.83,32.43,,71.55,43.33,1,0,71.80,5.46,-5.01,41.46,42.92
138.28,0,,85.27,20.83,0,2,83.63,16.27,11.77,112.34,31.30,,71.59,43.36,1,0,72.26,5.92,-5.00,41.93,43.37
138.40,0,,85.17,21.33,0,2,81.26,17.33,12.44,114.07,31.69,,71.63,43.39,1,0,70.21,5.60,-4.58,42.03,42.63
138.49,0,,85.06,21.83,0,2,83.40,18.42,13.80,116.52,31.42,,71.65,43.41,1,0,69.86,3.63,-3.82,40.82,39.90
138.58,0,,84.94,22.33,0,2,84.49,17.79,14.76,116.85,29.83,,71.67,43.41,1,0,69.53,2.88,-3.68,40.21,39.01
138.76,0,,84.85,22.83,0,2,88.66,16.02,14.68,115.00,28.14,,71.67,43.38,1,0,69.58,3.01,-3.82,40.20,39.28
138.79,0,,84.85,22.83,0,2,88.66,16.02,14.68,115.00,28.14,,71.66,43.34,0,1,69.52,2.73,-3.83,39.91,39.01
138.88,0,,84.77,23.30,0,2,87.89,12.29,13.51,110.10,25.58,,71.64,43.27,0,1,69.39,2.86,-3.87,40.00,39.18
139.03,0,,84.71,24.14,0,2,85.42,9.47,11.25,105.02,25.02,,71.60,43.19,0,1,69.60,2.94,-3.93,40.02,39.32
139.09,0,,84.70,24.51,0,2,84.53,11.35,11.60,107.25,26.55,,71.56,43.09,0,1,69.76,2.93,-4.06,39.88,39.44
139.18,0,,84.70,24.51,0,2,84.53,11.35,11.60,107.25,26.55,,71.51,42.98,0,1,69.43,3.11,-4.08,40.04,39.64
139.30,0,,84.67,25.16,0,2,83.01,14.27,12.75,111.32,28.32,,71.46,42.86,0,1,69.27,3.04,-4.03,40.02,39.52
139.39,0,,84.67,25.16,0,2,83.01,14.27,12.75,111.32,28.32,,71.40,42.74,0,1,69.26,2.94,-4.05,39.90,39.44
139.51,0,,84.60,25.76,0,2,83.36,13.60,11.77,109.67,28.63,,71.33,42.61,0,1,69.45,2.90,-4.03,39.88,39.38
139.60,0,,84.55,26.03,0,2,83.69,13.09,11.94,109.33,27.95,,71.26,42.47,0,1,69.43,2.94,-4.08,39.87,39.47
139.69,0,,84.55,26.03,0,2,83.69,13.09,11.94,109.33,27.95,,71.18,42.33,0,1,69.02,3.18,-4.12,40.07,39.75
139.78,0,,84.44,26.53,0,2,80.42,11.92,10.44,106.66,28.28,,71.10,42.20,0,1,69.30,3.37,-4.05,40.33,39.87
139.87,0,,84.44,26.53,0,2,80.42,11.92,10.44,106.66,28.28,,71.02,42.06,0,1,69.45,3.30,-3.97,40.34,39.72
139.99,0,,84.26,26.98,0,2,78.92,11.50,9.06,104.86,29.24,,70.94,41.92,0,1,69.35,3.25,-3.97,40.29,39.67
140.08,0,,84.14,27.19,0,2,78.68,10.72,8.05,103.07,29.47,,70.86,41.78,0,1,69.26,3.26,-4.07,40.20,39.78
140.17,0,,84.14,27.19,0,2,78.68,10.72,8.05,103.07,29.47,,70.77,41.65,0,1,69.65,3.16,-4.18,39.99,39.79
140.29,0,,83.85,27.59,0,2,77.98,14.55,9.01,107.86,32.34,,70.69,41.52,0,1,69.53,3.11,-4.28,39.84,39.84
140.38,0,,83.67,27.80,0,2,77.89,13.09,8.86,106.25,31.03,,70.61,41.39,0,1,69.81,3.21,-4.31,39.91,39.97
140.50,0,,83.48,28.01,0,2,78.02,13.61,8.76,106.67,31.65,,70.54,41.27,0,1,69.28,3.38,-4.20,40.19,40.03
140.59,0,,83.27,28.21,0,2,76.53,14.20,9.48,107.98,31.52,,70.46,41.16,0,1,69.58,3.43,-4.16,40.28,40.04
140.68,0,,83.27,28.21,0,2,76.53,14.20,9.48,107.98,31.52,,70.39,41.04,0,1,69.25,3.39,-4.25,40.15,40.09
140.77,0,,83.05,28.41,0,2,76.95,13.97,9.84,108.11,30.93,,70.32,40.94,0,1,69.66,3.48,-4.24,40.25,40.17
140.89,0,,82.58,28.81,0,2,77.43,14.85,9.56,108.71,32.09,,70.25,40.84,0,1,69.66,3.44,-4.24,40.21,40.13
141.01,0,,82.34,29.00,0,2,77.07,14.53,8.91,107.74,32.42,,70.18,40.75,0,1,69.38,3.28,-4.33,39.96,40.06
141.07,0,,82.34,29.00,0,2,77.07,14.53,8.91,107.74,32.42,,70.12,40.66,0,1,69.35,3.17,-4.35,39.83,39.97
141.19,0,,82.09,29.19,0,2,77.41,14.01,8.40,106.71,32.41,,70.06,40.58,0,1,69.72,3.22,-4.33,39.90,40.00
141.28,0,,81.59,29.57,0,2,76.28,13.65,8.07,106.02,32.38,,70.01,40.51,0,1,69.82,3.49,-4.34,40.16,40.28
141.37,0,,81.59,29.57,0,2,76.28,13.65,8.07,106.02,32.38,,69.96,40.44,0,1,69.76,3.59,-4.30,40.30,40.34
141.49,0,,81.08,29.93,0,2,76.10,13.88,7.89,106.07,32.79,,69.91,40.38,0,1,70.22,3.54,-4.29,40.26,40.28
141.58,0,,80.83,30.11,0,2,77.03,14.06,8.02,106.38,32.84,,69.87,40.32,0,1,68.95,3.54,-4.33,40.22,40.32
141.67,0,,80.83,30.11,0,2,77.03,14.06,8.02,106.38,32.84,,69.83,40.27,0,1,69.41,3.45,-4.36,40.10,40.26
141.79,0,,80.32,30.46,0,2,75.85,13.37,7.51,105.18,32.66,,69.79,40.22,0,1,69.53,3.43,-4.45,39.99,40.33
141.88,0,,80.08,30.62,0,2,77.20,12.91,7.11,104.32,32.60,,69.75,40.18,0,1,69.63,3.33,-4.49,39.85,40.27
142.00,0,,79.84,30.78,0,2,76.52,12.46,6.70,103.46,32.56,,69.72,40.15,0,1,69.82,3.32,-4.43,39.90,40.20
142.09,0,,79.60,30.94,0,2,76.77,12.22,6.41,102.93,32.61,,69.69,40.12,0,1,69.90,3.63,-4.42,40.22,40.50
142.18,0,,79.60,30.94,0,2,76.77,12.22,6.41,102.93,32.61,,69.66,40.09,0,1,69.37,3.66,-4.42,40.25,40.53
142.27,0,,79.38,31.09,0,2,75.82,12.43,6.37,103.10,32.86,,69.64,40.07,0,1,69.39,3.60,-4.42,40.19,40.47
142.39,0,,78.94,31.36,0,2,76.82,12.33,6.30,102.93,32.83,,69.62,40.05,0,1,70.17,3.63,-4.43,40.21,40.51
142.51,0,,78.94,31.36,0,2,76.82,12.33,6.30,102.93,32.83,,69.60,40.04,0,1,69.89,3.53,-4.45,40.09,40.43
142.57,0,,78.74,31.50,0,2,76.55,12.44,6.14,102.88,33.10,,69.59,40.03,0,1,69.62,3.41,-4.50,39.92,40.36
142.69,0,,78.55,31.62,0,1,75.45,12.57,6.14,103.01,33.23,,69.57,40.03,0,1,69.83,3.37,-4.55,39.83,40.37
142.78,0,,78.18,31.87,0,1,76.99,12.74,5.95,102.99,33.59,,69.56,40.03,0,1,69.62,3.44,-4.52,39.93,40.41
142.90,0,,78.02,31.98,0,1,77.68,12.76,5.74,102.80,33.82,,69.56,40.03,0,1,69.36,3.63,-4.48,40.16,40.56
142.99,0,,77.87,32.10,1,0,77.61,12.65,5.74,102.69,33.71,,69.55,40.03,0,1,69.58,3.71,-4.45,40.27,40.61
143.08,0,,77.73,32.21,1,0,76.68,12.64,5.66,102.60,33.78,,69.54,40.04,0,1,69.97,3.65,-4.47,40.19,40.57
143.26,0,,77.60,32.32,0,2,77.38,12.33,5.48,102.11,33.65,,69.54,40.05,0,1,70.13,3.69,-4.54,40.16,40.68
143.30,0,,77.48,32.42,0,2,75.83,11.92,5.42,101.64,33.30,,69.54,40.06,0,1,69.72,3.66,-4.54,40.13,40.65
143.38,0,,77.37,32.52,0,2,76.63,12.11,5.26,101.67,33.65,,69.54,40.07,0,1,69.54,3.48,-4.52,39.97,40.45
143.50,0,,77.27,32.62,0,2,77.38,12.45,5.15,101.90,34.10,,69.54,40.08,0,1,69.72,3.44,-4.54,39.91,40.43
143.59,0,,77.17,32.71,0,2,77.33,12.29,5.32,101.91,33.77,,69.54,40.10,0,1,70.20,3.62,-4.55,40.08,40.62
143.68,0,,77.17,32.71,0,2,77.33,12.29,5.32,101.91,33.77,,69.55,40.12,0,1,69.99,3.79,-4.56,40.24,40.80
143.80,0,,77.01,32.89,0,2,76.86,11.86,5.05,101.21,33.61,,69.55,40.14,0,1,69.64,3.80,-4.58,40.23,40.83
143.89,0,,76.95,32.97,4,-2,75.85,11.55,5.02,100.87,33.33,,69.56,40.16,0,1,69.64,3.70,-4.55,40.16,40.70
144.01,0,,76.88,33.04,4,-2,76.68,11.63,4.86,100.79,33.57,,69.57,40.18,0,1,70.03,3.68,-4.57,40.12,40.70
144.10,0,,76.82,33.11,4,-2,76.62,11.88,4.84,101.02,33.84,,69.58,40.20,0,1,69.76,3.60,-4.62,39.99,40.67
144.19,0,,76.82,33.11,4,-2,76.62,11.88,4.84,101.02,33.84,,69.58,40.22,0,1,70.04,3.42,-4.62,39.81,40.49
144.28,0,,76.71,33.24,4,-2,76.27,11.82,4.89,101.01,33.73,,69.60,40.25,0,1,69.88,3.53,-4.64,39.90,40.62
144.37,0,,76.71,33.24,4,-2,76.27,11.82,4.89,101.01,33.73,,69.61,40.27,0,1,69.77,3.74,-4.59,40.16,40.78
144.49,0,,76.62,33.36,4,-2,76.77,12.39,5.33,102.02,33.86,,69.62,40.29,0,1,69.47,3.85,-4.55,40.31,40.85
144.58,0,,76.57,33.41,4,-2,74.84,12.54,5.21,102.05,34.13,,69.63,40.32,0,1,69.12,3.89,-4.55,40.35,40.89
144.67,0,,76.57,33.41,4,-2,74.84,12.54,5.21,102.05,34.13,,69.63,40.34,1,0,69.37,3.83,-4.45,40.39,40.73
144.79,0,,76.48,33.52,4,-2,75.75,12.34,5.21,101.85,33.93,,69.63,40.36,1,0,69.59,3.84,-4.51,40.34,40.80
144.88,0,,76.43,33.57,4,-2,77.14,12.09,4.77,101.16,34.12,,69.64,40.39,1,0,69.79,3.80,-4.61,40.20,40.86
145.00,0,,76.39,33.62,4,-2,76.85,12.15,4.48,100.93,34.47,,69.64,40.41,1,0,70.22,3.72,-4.56,40.17,40.73
145.09,0,,76.36,33.66,4,-2,75.87,11.76,4.83,100.89,33.73,,69.65,40.44,0,1,70.07,3.88,-4.57,40.32,40.90
145.18,0,,76.36,33.66,4,-2,75.87,11.76,4.83,100.89,33.73,,69.65,40.46,0,1,69.89,4.05,-4.55,40.51,41.05
145.27,0,,76.33,33.71,4,-2,75.92,11.79,4.78,100.87,33.81,,69.66,40.49,0,1,69.78,4.01,-4.53,40.49,40.99
145.39,0,,76.27,33.78,4,-2,76.08,11.56,4.65,100.51,33.71,,69.67,40.51,0,1,70.65,3.98,-4.57,40.42,41.00
145.51,0,,76.25,33.82,4,-2,76.20,11.98,4.58,100.86,34.20,,69.68,40.54,0,1,69.49,4.05,-4.61,40.45,41.11
145.57,0,,76.25,33.82,4,-2,76.20,11.98,4.58,100.86,34.20,,69.70,40.56,0,1,69.88,3.98,-4.60,40.39,41.03
145.69,0,,76.23,33.85,4,-2,76.29,13.33,5.11,102.74,35.02,,69.71,40.59,0,1,70.27,4.05,-4.65,40.41,41.15
145.78,0,,76.19,33.92,4,-2,75.76,14.48,6.08,104.86,35.20,,69.72,40.62,0,1,70.94,4.82,-5.06,40.77,42.33
145.87,0,,76.19,33.92,4,-2,75.76,14.48,6.08,104.86,35.20,,69.74,40.66,0,1,71.74,5.93,-5.75,41.19,44.13
145.99,0,,76.17,33.96,4,-2,76.23,16.39,6.76,107.45,36.43,,69.77,40.71,0,1,72.58,6.24,-6.22,41.03,44.91
146.08,0,,76.14,34.07,4,-2,75.05,15.66,6.77,106.73,35.69,,69.81,40.78,0,1,72.31,6.17,-6.26,40.92,44.88
146.17,0,,76.14,34.07,4,-2,75.05,15.66,6.77,106.73,35.69,,69.86,40.86,0,1,71.82,6.25,-6.14,41.12,44.84
146.29,0,,76.09,34.19,4,-2,74.67,16.44,6.98,107.72,36.26,,69.92,40.96,0,1,70.87,6.17,-6.08,41.10,44.70
146.38,0,,76.06,34.26,4,-2,73.45,18.37,8.53,111.20,36.64,,69.98,41.08,0,1,72.15,6.57,-6.12,41.46,45.14
146.50,0,,76.02,34.34,4,-2,71.38,19.62,10.76,114.68,35.66,,70.04,41.20,0,1,72.42,7.16,-6.05,42.12,45.66
146.59,0,,75.96,34.41,4,-2,72.21,19.73,12.70,116.73,33.83,,70.11,41.34,0,1,71.92,7.57,-5.81,42.77,45.83
146.68,0,,75.96,34.41,4,-2,72.21,19.73,12.70,116.73,33.83,,70.19,41.49,0,1,72.64,8.06,-5.59,43.48,46.10
146.77,0,,75.88,34.47,4,-2,73.80,18.79,12.65,115.74,32.94,,70.27,41.65,0,1,72.20,8.30,-5.47,43.84,46.22
146.89,0,,75.70,34.56,4,-2,71.66,18.42,11.19,113.91,34.03,,70.35,41.82,0,1,72.49,8.34,-5.47,43.88,46.26
147.01,0,,75.59,34.58,4,-2,73.08,18.34,10.29,112.93,34.85,,70.44,41.99,0,1,71.92,8.33,-5.38,43.96,46.16
147.07,0,,75.59,34.58,4,-2,73.08,18.34,10.29,112.93,34.85,,70.52,42.18,0,1,72.57,8.36,-5.23,44.14,46.04
147.19,0,,75.48,34.61,4,-2,73.04,15.05,7.61,106.96,34.24,,70.61,42.36,0,1,72.84,8.53,-5.25,44.29,46.23
147.28,0,,75.25,34.64,4,-2,73.07,14.10,7.05,105.45,33.85,,70.71,42.55,0,1,71.74,8.21,-5.41,43.81,46.07
147.37,0,,75.25,34.64,4,-2,73.07,14.10,7.05,105.45,33.85,,70.79,42.74,0,1,71.39,6.77,-5.47,42.31,44.69
147.49,0,,75.02,34.65,4,-2,70.97,11.46,7.43,103.19,30.83,,70.88,42.92,0,1,70.77,4.99,-5.29,40.71,42.73
147.58,0,,74.90,34.62,4,-2,73.66,7.74,6.98,99.02,27.56,,70.95,43.08,0,1,70.65,3.66,-5.23,39.44,41.34
147.67,0,,74.90,34.62,4,-2,73.66,7.74,6.98,99.02,27.56,,71.02,43.22,0,1,70.99,2.99,-5.36,38.64,40.80
147.79,0,,74.65,34.47,4,-2,71.99,7.14,5.90,97.34,28.04,,71.07,43.32,0,1,70.94,2.89,-5.34,38.56,40.68
147.88,0,,74.52,34.34,4,-2,72.38,5.86,5.58,95.74,27.08,,71.13,43.40,0,1,71.09,3.10,-5.11,39.00,40.66
148.00,0,,74.40,34.19,4,-2,72.90,4.13,4.15,92.58,26.78,,71.17,43.46,0,1,70.61,3.56,-4.67,39.90,40.68
148.09,0,,74.28,34.01,4,-2,73.32,3.66,3.89,91.85,26.57,,71.21,43.49,0,1,70.65,3.62,-4.35,40.28,40.42
148.18,0,,74.28,34.01,4,-2,73.32,3.66,3.89,91.85,26.57,,71.24,43.50,0,1,70.98,2.87,-4.53,39.35,39.85
148.27,0,,74.17,33.81,4,-2,72.38,3.67,4.07,92.04,26.40,,71.26,43.49,0,1,71.55,2.04,-4.93,38.12,39.42
148.39,0,,73.94,33.34,4,-2,72.00,4.85,5.09,94.24,26.56,,71.29,43.46,0,1,71.19,1.94,-5.23,37.72,39.62
148.51,0,,73.83,33.08,4,-2,71.92,6.09,5.35,95.74,27.54,,71.31,43.41,0,1,71.36,2.69,-5.29,38.41,40.43
148.57,0,,73.83,33.08,4,-2,71.92,6.09,5.35,95.74,27.54,,71.33,43.35,0,1,72.57,4.25,-5.64,39.62,42.34
148.69,0,,73.72,32.82,4,-2,72.30,7.71,5.87,97.88,28.64,,71.36,43.29,0,1,72.45,5.69,-6.28,40.42,44.42
148.78,0,,73.51,32.31,4,-2,70.51,11.17,7.11,102.58,30.86,,71.38,43.24,0,1,73.34,5.37,-6.48,39.90,44.30
148.87,0,,73.51,32.31,4,-2,70.51,11.17,7.11,102.58,30.86,,71.42,43.20,0,1,72.44,5.07,-6.48,39.60,44.00
148.99,0,,73.28,31.87,4,-2,71.08,12.80,8.00,105.10,31.60,,71.46,43.17,0,1,72.18,5.70,-6.26,40.45,44.41
149.08,0,,73.16,31.68,4,-2,70.55,12.97,8.41,105.68,31.36,,71.50,43.15,0,1,71.54,5.06,-5.95,40.12,43.46
149.17,0,,73.16,31.68,4,-2,70.55,12.97,8.41,105.68,31.36,,71.53,43.13,0,1,71.23,3.48,-5.78,38.71,41.71
149.29,0,,72.92,31.35,4,-2,70.02,11.08,7.66,103.04,30.22,,71.56,43.11,0,1,70.59,2.55,-5.30,38.26,40.30
149.38,0,,72.80,31.21,4,-2,71.17,9.74,6.92,100.96,29.62,,71.58,43.07,0,1,69.03,1.55,-4.65,37.91,38.65
149.50,0,,72.68,31.07,4,-2,70.34,9.29,6.52,100.11,29.57,,71.58,43.01,0,1,68.62,-0.73,-3.90,36.38,35.62
149.59,0,,72.56,30.93,4,-2,71.39,9.11,6.56,99.97,29.35,,71.57,42.91,0,1,67.58,-2.70,-3.75,34.56,33.50
149.68,0,,72.56,30.93,4,-2,71.39,9.11,6.56,99.97,29.35,,71.53,42.77,0,1,67.98,-3.65,-4.61,32.75,33.41
149.77,0,,72.44,30.80,4,-2,71.86,9.21,6.66,100.17,29.35,,71.48,42.59,0,1,67.83,-4.25,-5.39,31.37,33.59
149.89,0,,72.23,30.55,4,-2,69.82,5.68,4.88,94.86,27.60,,71.41,42.38,0,1,67.49,-4.09,-5.55,31.37,33.91
150.01,0,,72.13,30.43,4,-2,70.85,4.41,4.51,93.22,26.70,,71.33,42.14,0,1,67.98,-3.73,-5.07,32.21,33.79
150.07,0,,72.13,30.43,4,-2,70.85,4.41,4.51,93.22,26.70,,71.23,41.88,0,1,67.63,-3.46,-4.60,32.95,33.59
150.19,0,,72.03,30.29,4,-2,70.69,2.15,3.39,89.84,25.56,,71.13,41.59,0,1,67.61,-3.34,-4.44,33.23,33.55
150.28,0,,71.84,29.98,4,-2,70.99,1.05,2.43,87.78,25.42,,71.01,41.29,0,1,67.74,-3.26,-4.17,33.58,33.36
150.37,0,,71.84,29.98,4,-2,70.99,1.05,2.43,87.78,25.42,,70.89,40.98,0,1,67.99,-3.02,-4.02,33.97,33.45
150.49,0,,71.66,29.63,4,-2,70.91,3.99,3.89,92.18,26.90,,70.76,40.65,0,1,67.73,-3.16,-4.03,33.82,33.32
150.58,0,,71.58,29.46,4,-2,69.68,5.18,4.91,94.39,27.07,,70.63,40.31,0,1,67.99,-3.56,-4.22,33.23,33.11
150.67,0,,71.58,29.46,4,-2,69.68,5.18,4.91,94.39,27.07,,70.50,39.97,0,1,68.34,-4.27,-4.72,32.02,32.90
150.79,0,,71.42,29.13,4,-2,70.60,6.52,5.08,95.90,28.24,,70.37,39.62,0,1,68.06,-4.81,-4.95,31.25,32.59
150.88,0,,71.34,28.99,4,-2,69.75,7.14,4.82,96.26,29.12,,70.24,39.27,0,1,68.52,-4.49,-4.55,31.97,32.51
151.00,0,,71.26,28.85,4,-2,69.16,7.57,4.80,96.67,29.57,,70.11,38.92,0,1,67.83,-3.82,-3.95,33.24,32.58
151.09,0,,71.17,28.74,4,-2,69.48,6.68,4.80,95.78,28.68,,69.98,38.56,0,1,67.93,-3.24,-3.63,34.14,32.84
151.18,0,,71.17,28.74,4,-2,69.48,6.68,4.80,95.78,28.68,,69.86,38.21,0,1,67.33,-2.90,-3.74,34.37,33.29
151.27,0,,71.09,28.64,4,-2,69.16,4.63,4.08,93.01,27.35,,69.73,37.87,0,1,67.71,-2.75,-3.93,34.33,33.63
151.39,0,,70.91,28.43,4,-2,69.62,0.77,1.74,86.81,25.83,,69.61,37.54,0,1,67.84,-2.65,-4.13,34.23,33.93
151.51,0,,70.83,28.33,4,-2,69.43,1.29,1.59,87.18,26.50,,69.48,37.22,0,1,67.29,-2.57,-4.28,34.16,34.16
151.57,0,,70.83,28.33,4,-2,69.43,1.29,1.59,87.18,26.50,,69.36,36.92,0,1,67.74,-2.17,-4.00,34.84,34.28
151.69,0,,70.74,28.22,4,-2,70.24,2.87,2.17,89.34,27.50,,69.24,36.64,0,1,67.51,-1.37,-3.68,35.96,34.76
151.78,0,,70.58,28.03,4,-2,69.31,6.65,4.62,95.57,28.83,,69.12,36.37,0,1,68.35,-0.84,-3.74,36.43,35.35
151.87,0,,70.58,28.03,4,-2,69.31,6.65,4.62,95.57,28.83,,69.01,36.12,0,1,67.49,-0.91,-3.57,36.53,35.11
151.99,0,,70.42,27.90,4,-2,69.83,7.58,5.24,97.12,29.14,,68.91,35.90,0,1,67.57,-1.62,-3.36,36.03,34.19
152.08,0,,70.35,27.86,4,-2,68.97,8.30,5.20,97.80,29.90,,68.80,35.69,0,1,67.47,-2.41,-3.57,35.03,33.61
152.17,0,,70.35,27.86,4,-2,68.97,8.30,5.20,97.80,29.90,,68.71,35.48,0,1,67.73,-2.48,-3.53,35.00,33.50
152.29,0,,70.19,27.82,4,-2,70.85,9.90,6.95,101.15,29.75,,68.61,35.29,0,1,68.11,-2.10,-3.29,35.62,33.64
152.38,0,,70.13,27.82,4,-2,71.33,11.92,6.81,103.03,31.91,,68.52,35.11,0,1,67.91,-1.22,-3.19,36.60,34.42
152.50,0,,70.08,27.85,4,-2,72.00,15.44,7.19,106.93,35.05,,68.44,34.95,0,1,67.79,-0.54,-2.90,37.57,34.81
152.59,0,,70.04,27.91,4,-2,72.06,15.33,6.91,106.54,35.22,,68.36,34.80,0,1,68.04,-0.73,-2.70,37.58,34.42
152.68,0,,70.04,27.91,4,-2,72.06,15.33,6.91,106.54,35.22,,68.29,34.66,0,1,68.16,-0.68,-2.65,37.68,34.42
152.77,0,,70.02,28.01,4,-2,72.52,14.48,6.14,104.92,35.14,,68.23,34.54,1,0,67.89,-0.73,-2.57,37.71,34.29
152.89,0,,70.03,28.31,4,-2,73.44,16.12,6.75,107.17,36.17,,68.17,34.43,1,0,68.20,-1.11,-2.59,37.31,33.93
153.01,0,,70.06,28.50,4,-2,72.67,17.92,7.69,109.91,37.03,,68.11,34.32,1,0,67.60,-1.26,-2.67,37.08,33.86
153.07,0,,70.06,28.50,4,-2,72.67,17.92,7.69,109.91,37.03,,68.06,34.23,1,0,67.58,-1.31,-2.65,37.05,33.79
153.19,0,,70.10,28.72,4,-2,69.95,19.20,9.05,112.55,36.95,,68.01,34.14,1,0,67.79,-1.07,-2.63,37.31,34.01
153.28,0,,70.17,29.21,4,-2,70.62,18.11,11.00,113.41,33.91,,67.97,34.06,1,0,67.91,-0.96,-2.67,37.38,34.16
153.37,0,,70.17,29.21,4,-2,70.62,18.11,11.00,113.41,33.91,,67.93,33.99,1,0,67.65,-1.13,-2.67,37.21,33.99
153.49,0,,70.24,29.72,4,-2,72.71,16.12,9.79,110.21,33.13,,67.89,33.93,1,0,67.49,-1.16,-2.72,37.13,34.01
153.58,0,,70.24,29.72,4,-2,72.71,16.12,9.79,110.21,33.13,,67.85,33.87,1,0,66.68,-1.35,-2.85,36.81,33.95
153.67,0,,70.28,29.97,4,-2,72.86,14.37,7.68,106.35,33.49,,67.82,33.82,1,0,68.10,-1.60,-2.95,36.46,33.80
153.79,0,,70.39,30.45,4,-2,73.14,14.18,6.18,104.66,34.80,,67.78,33.78,1,0,68.52,-1.41,-3.18,36.42,34.22
153.88,0,,70.47,30.69,4,-2,72.34,15.40,6.58,106.28,35.62,,67.76,33.74,1,0,70.12,0.11,-3.97,37.15,36.53
154.00,0,,70.54,30.94,4,-2,71.35,17.96,7.92,110.18,36.84,,67.75,33.73,1,0,70.99,2.04,-5.16,37.89,39.65
154.09,0,,70.61,31.19,4,-2,70.13,19.71,9.66,113.67,36.85,,67.76,33.75,1,0,71.18,1.88,-5.71,37.18,40.04
154.18,0,,70.61,31.19,4,-2,70.13,19.71,9.66,113.67,36.85,,67.80,33.80,1,0,73.26,2.23,-6.09,37.15,40.77
154.27,0,,70.67,31.45,4,-2,66.52,20.43,10.86,115.59,36.37,,67.85,33.90,2,-1,73.04,3.89,-6.99,37.91,43.33
154.39,0,,70.70,31.95,4,-2,68.44,19.55,12.86,116.71,33.49,,67.94,34.03,2,-1,72.37,3.79,-7.33,37.47,43.57
154.51,0,,70.68,32.19,4,-2,70.32,20.23,11.24,115.77,35.79,,68.03,34.21,2,-1,72.39,3.46,-7.22,37.25,43.13
154.57,0,,70.68,32.19,4,-2,70.32,20.23,11.24,115.77,35.79,,68.15,34.41,2,-1,71.97,3.64,-7.13,37.52,43.22
154.69,0,,70.66,32.42,4,-2,69.26,21.34,10.55,116.19,37.59,,68.27,34.65,1,0,72.61,3.59,-6.96,37.64,43.00
154.78,0,,70.63,32.89,4,-2,71.47,19.89,9.24,113.43,37.45,,68.41,34.92,1,0,72.63,3.67,-6.98,37.70,43.10
154.87,0,,70.63,32.89,4,-2,71.47,19.89,9.24,113.43,37.45,,68.56,35.20,1,0,72.02,3.60,-6.96,37.65,43.01
154.99,0,,70.62,33.38,4,-2,68.82,23.05,11.27,118.62,38.58,,68.71,35.50,1,0,72.46,3.64,-6.87,37.78,42.96
155.08,0,,70.60,33.62,4,-2,69.06,24.45,12.88,121.63,38.37,,68.87,35.81,1,0,72.33,3.95,-6.79,38.17,43.19
155.17,0,,70.60,33.62,4,-2,69.06,24.45,12.88,121.63,38.37,,69.03,36.13,1,0,72.63,4.40,-6.61,38.80,43.46
155.29,0,,70.55,34.12,4,-2,71.14,23.69,11.64,119.63,38.85,,69.20,36.46,1,0,72.85,4.70,-6.57,39.14,43.72
155.38,0,,70.52,34.37,4,-2,70.29,21.94,10.18,116.42,38.56,,69.36,36.80,1,0,72.64,4.66,-6.63,39.04,43.74
155.50,0,,70.51,34.62,4,-2,72.71,19.61,8.73,112.64,37.68,,69.54,37.14,1,0,73.38,4.54,-6.59,38.96,43.58
155.59,0,,70.50,34.86,4,-2,72.72,18.15,7.79,110.24,37.16,,69.71,37.48,1,0,71.82,4.28,-6.58,38.71,43.31
155.68,0,,70.50,34.86,4,-2,72.72,18.15,7.79,110.24,37.16,,69.88,37.83,1,0,73.32,4.09,-6.64,38.46,43.18
155.77,0,,70.50,35.09,4,-2,72.33,18.23,7.64,110.17,37.39,,70.05,38.16,1,0,72.98,4.43,-6.76,38.68,43.64
155.89,0,,70.54,35.52,4,-2,71.65,19.65,8.59,112.54,37.86,,70.22,38.50,1,0,73.31,4.72,-6.78,38.95,43.95
156.01,0,,70.57,35.72,4,-2,71.86,19.10,8.53,111.93,37.37,,70.39,38.83,1,0,73.18,4.55,-6.70,38.86,43.70
156.07,0,,70.57,35.72,4,-2,71.86,19.10,8.53,111.93,37.37,,70.56,39.15,1,0,72.96,4.54,-6.73,38.82,43.72
156.19,0,,70.60,35.91,4,-2,71.51,18.32,8.10,110.72,37.02,,70.72,39.47,1,0,71.29,3.81,-6.42,38.40,42.68
156.28,0,,70.68,36.25,4,-2,72.47,16.83,7.19,108.32,36.44,,70.87,39.77,1,0,70.66,2.19,-5.56,37.64,40.20
156.37,0,,70.68,36.25,4,-2,72.47,16.83,7.19,108.32,36.44,,71.01,40.04,1,0,70.68,1.81,-4.91,37.91,39.17
156.49,0,,70.78,36.53,4,-2,72.01,16.37,6.78,107.45,36.39,,71.13,40.28,1,0,70.85,2.14,-4.80,38.35,39.39
156.58,0,,70.84,36.64,4,-2,71.22,15.94,6.52,106.76,36.22,,71.23,40.49,1,0,69.50,0.62,-4.44,37.19,37.51
156.67,0,,70.84,36.64,4,-2,71.22,15.94,6.52,106.76,36.22,,71.31,40.66,1,0,67.65,-1.71,-3.64,35.66,34.38
156.79,0,,70.95,36.83,4,-2,70.98,15.45,6.17,105.92,36.08,,71.36,40.77,1,0,67.16,-2.90,-2.95,35.16,32.50
156.88,0,,71.00,36.91,4,-2,71.36,15.42,5.91,105.63,36.31,,71.39,40.83,1,0,67.58,-3.50,-2.84,34.67,31.79
157.00,0,,71.05,36.97,4,-2,71.64,15.68,5.84,105.82,36.64,,71.39,40.82,1,0,67.06,-4.35,-3.36,33.30,31.46
157.09,0,,71.10,37.03,4,-2,71.06,15.40,5.81,105.51,36.39,,71.36,40.77,1,0,68.17,-4.81,-3.83,32.37,31.47
157.18,0,,71.10,37.03,4,-2,71.06,15.40,5.81,105.51,36.39,,71.32,40.66,1,0,67.88,-4.57,-3.84,32.60,31.72
157.27,0,,71.14,37.07,4,-2,72.46,15.14,5.64,105.08,36.30,,71.26,40.51,1,0,67.19,-4.39,-3.58,33.04,31.64
157.39,0,,71.23,37.14,4,-2,71.50,15.63,5.75,105.68,36.68,,71.18,40.33,1,0,67.36,-4.32,-3.31,33.38,31.44
157.51,0,,71.27,37.16,4,-2,71.58,16.45,5.98,106.73,37.27,,71.09,40.12,1,0,67.58,-4.08,-3.18,33.75,31.55
157.57,0,,71.27,37.16,4,-2,71.58,16.45,5.98,106.73,37.27,,70.99,39.87,1,0,67.33,-3.96,-3.16,33.89,31.65
157.69,0,,71.30,37.19,4,-2,71.33,17.90,6.58,108.78,38.12,,70.88,39.61,1,0,67.36,-3.86,-3.11,34.04,31.70
157.78,0,,71.38,37.24,3,-1,73.39,17.92,6.70,108.92,38.02,,70.76,39.32,1,0,66.97,-3.39,-2.77,34.85,31.83
157.90,0,,71.42,37.27,3,-1,72.79,17.69,6.25,108.24,38.24,,70.63,39.03,1,0,67.59,-3.17,-2.53,35.31,31.81
157.99,0,,71.42,37.27,3,-1,72.79,17.69,6.25,108.24,38.24,,70.49,38.72,1,0,67.25,-3.47,-2.67,34.87,31.65
158.08,0,,71.52,37.33,3,-1,73.17,18.87,6.93,110.10,38.74,,70.36,38.40,1,0,67.09,-3.55,-2.71,34.75,31.61
158.26,0,,71.57,37.37,3,-1,71.52,19.43,7.27,111.00,38.96,,70.21,38.08,1,0,67.39,-3.59,-2.63,34.79,31.49
158.29,0,,71.61,37.42,3,-1,69.74,19.76,8.37,112.43,38.19,,70.07,37.75,1,0,67.50,-3.82,-2.64,34.55,31.27
158.38,0,,71.64,37.46,3,-1,70.18,19.37,8.85,112.52,37.32,,69.92,37.42,1,0,67.68,-4.32,-3.00,33.69,31.13
158.50,0,,71.66,37.50,3,-1,71.25,18.20,8.31,110.81,36.69,,69.78,37.08,1,0,67.68,-4.93,-3.58,32.50,31.10
158.59,0,,71.68,37.53,3,-1,71.72,17.90,8.32,110.52,36.38,,69.64,36.75,1,0,67.65,-4.91,-3.73,32.37,31.27
158.68,0,,71.68,37.53,3,-1,71.72,17.90,8.32,110.52,36.38,,69.50,36.42,1,0,67.67,-4.49,-3.44,33.08,31.40
158.80,0,,71.69,37.57,3,-1,71.37,20.76,9.43,114.49,38.13,,69.37,36.09,1,0,67.40,-4.51,-3.34,33.16,31.28
158.89,0,,71.69,37.59,3,-1,70.58,21.30,9.83,115.43,38.27,,69.24,35.77,1,0,67.49,-4.52,-3.34,33.15,31.27
159.01,0,,71.69,37.61,3,-1,70.80,21.87,9.99,116.16,38.68,,69.11,35.46,1,0,67.72,-4.33,-3.21,33.47,31.33
159.13,0,,71.68,37.63,3,-1,72.05,21.48,9.74,115.52,38.54,,68.99,35.16,1,0,67.41,-4.43,-3.27,33.31,31.29
159.19,0,,71.68,37.63,3,-1,72.05,21.48,9.74,115.52,38.54,,68.87,34.87,1,0,67.52,-4.38,-3.29,33.34,31.36
159.28,0,,71.68,37.66,3,-1,71.96,20.95,9.55,114.80,38.20,,68.76,34.58,1,0,67.26,-4.14,-3.15,33.72,31.46
159.40,0,,71.67,37.72,3,0,72.11,22.43,10.01,116.74,39.22,,68.65,34.31,1,0,66.97,-4.17,-3.12,33.72,31.40
159.49,0,,71.67,37.75,3,0,70.88,20.42,9.57,114.29,37.65,,68.54,34.05,1,0,67.20,-4.20,-3.10,33.71,31.35
159.58,0,,71.67,37.78,3,0,72.80,18.65,8.64,111.59,36.81,,68.43,33.80,1,0,67.53,-4.11,-3.07,33.83,31.41
159.76,0,,71.68,37.81,3,0,73.17,18.09,8.24,110.63,36.65,,68.33,33.56,1,0,66.82,-4.16,-3.04,33.81,31.33
159.79,0,,71.68,37.81,3,0,73.17,18.09,8.24,110.63,36.65,,68.24,33.34,1,0,67.09,-4.11,-2.93,33.97,31.27
159.88,0,,71.70,37.82,3,0,71.44,15.97,7.88,108.15,34.89,,68.14,33.13,1,0,67.08,-4.06,-2.87,34.08,31.26
160.00,0,,71.70,37.80,2,1,71.93,14.38,7.02,105.70,34.16,,68.05,32.92,1,0,67.23,-4.21,-2.93,33.87,31.17
160.09,0,,71.71,37.76,2,1,71.27,13.06,6.65,104.01,33.21,,67.97,32.73,1,0,66.97,-4.23,-2.91,33.87,31.13
160.18,0,,71.71,37.76,2,1,71.27,13.06,6.65,104.01,33.21,,67.88,32.55,1,0,67.59,-4.17,-2.89,33.95,31.17
160.30,0,,71.71,37.62,2,1,71.60,11.81,6.39,102.50,32.22,,67.81,32.38,1,0,67.13,-4.01,-2.88,34.12,31.32
160.39,0,,71.71,37.52,2,1,71.15,11.67,6.23,102.20,32.24,,67.74,32.23,1,0,66.87,-3.92,-2.76,34.33,31.29
160.51,0,,71.70,37.39,2,1,70.93,11.99,6.20,102.49,32.59,,67.67,32.08,1,0,67.53,-4.13,-2.77,34.11,31.09
160.60,0,,71.69,37.25,2,1,71.47,12.19,6.13,102.62,32.86,,67.60,31.94,1,0,66.87,-4.30,-2.81,33.90,30.96
160.69,0,,71.69,37.25,2,1,71.47,12.19,6.13,102.62,32.86,,67.54,31.81,1,0,67.18,-4.31,-2.76,33.94,30.90
160.78,0,,71.67,36.94,2,1,72.26,12.43,6.25,102.98,32.98,,67.49,31.69,1,0,67.55,-3.96,-2.78,34.27,31.27
160.90,0,,71.66,36.77,2,1,72.15,12.69,6.10,103.09,33.39,,67.44,31.58,1,0,67.28,-3.66,-2.71,34.64,31.50
160.99,0,,71.66,36.60,2,1,71.92,12.82,6.44,103.56,33.18,,67.39,31.48,1,0,67.33,-3.83,-2.66,34.52,31.28
161.08,0,,71.66,36.43,2,1,71.80,13.16,6.68,104.14,33.28,,67.35,31.39,1,0,66.52,-3.95,-2.67,34.39,31.17
161.27,0,,71.65,36.26,2,1,71.16,13.37,6.65,104.32,33.52,,67.31,31.31,1,0,67.25,-4.04,-2.59,34.38,31.00
161.29,0,,71.65,36.26,2,1,71.16,13.37,6.65,104.32,33.52,,67.27,31.24,1,0,67.43,-3.96,-2.63,34.42,31.12
161.38,0,,71.64,35.92,2,1,70.90,13.88,6.88,105.06,33.80,,67.24,31.17,1,0,67.19,-3.70,-2.66,34.65,31.41
161.50,0,,71.64,35.92,2,1,70.90,13.88,6.88,105.06,33.80,,67.21,31.11,1,0,67.27,-3.81,-2.55,34.65,31.19
161.59,0,,71.63,35.76,2,1,71.41,14.27,6.79,105.36,34.28,,67.18,31.06,1,0,67.41,-3.97,-2.50,34.54,30.98
161.68,0,,71.61,35.61,2,1,72.24,14.41,7.09,105.80,34.12,,67.16,31.01,1,0,67.38,-3.69,-2.50,34.82,31.26
161.80,0,,71.60,35.32,2,1,70.88,14.41,7.22,105.93,33.99,,67.14,30.97,1,0,68.24,-2.75,-2.56,35.70,32.26
161.89,0,,71.59,35.19,2,1,70.57,14.05,7.05,105.40,33.80,,67.14,30.94,1,0,68.89,-1.23,-2.83,36.95,34.05
162.01,0,,71.58,35.06,2,1,71.90,14.61,6.93,105.84,34.48,,67.14,30.93,1,0,68.64,-0.65,-2.97,37.39,34.77
162.10,0,,71.57,34.95,2,1,72.16,14.89,7.04,106.23,34.65,,67.15,30.95,1,0,68.41,-1.21,-2.69,37.11,33.93
162.19,0,,71.57,34.95,2,1,72.16,14.89,7.04,106.23,34.65,,67.16,30.98,1,0,68.93,-1.49,-2.51,37.01,33.47
162.28,0,,71.57,34.74,2,1,72.46,14.58,7.24,106.12,34.14,,67.19,31.02,1,0,68.00,-1.47,-2.56,36.98,33.54
162.40,0,,71.58,34.65,2,1,72.11,14.29,7.09,105.68,34.00,,67.21,31.07,1,0,68.21,-1.44,-2.49,37.08,33.50
162.49,0,,71.60,34.56,2,1,72.90,14.07,7.04,105.41,33.83,,67.24,31.13,1,0,67.93,-1.45,-2.39,37.17,33.39
162.58,0,,71.62,34.48,2,1,71.89,14.45,6.94,105.69,34.31,,67.27,31.20,1,0,68.27,-1.44,-2.52,37.05,33.53
162.76,0,,71.64,34.41,2,1,72.26,14.83,6.87,106.00,34.76,,67.31,31.27,1,0,68.34,-1.30,-2.58,37.13,33.73
162.79,0,,71.66,34.35,2,1,72.66,14.69,7.06,106.05,34.43,,67.34,31.36,1,0,68.23,-1.31,-2.44,37.26,33.58
162.88,0,,71.68,34.29,2,1,72.09,14.29,7.00,105.59,34.09,,67.38,31.44,1,0,68.13,-1.29,-2.40,37.32,33.56
163.00,0,,71.70,34.24,2,1,71.66,13.76,6.71,104.77,33.85,,67.42,31.53,1,0,68.24,-1.26,-2.37,37.38,33.56
163.09,0,,71.73,34.19,2,1,73.04,12.95,6.46,103.71,33.29,,67.46,31.62,1,0,68.31,-1.39,-2.36,37.26,33.42
163.18,0,,71.73,34.19,2,1,73.04,12.95,6.46,103.71,33.29,,67.50,31.71,1,0,67.99,-1.35,-2.49,37.17,33.59
163.30,0,,71.78,34.09,2,1,71.91,12.14,5.88,102.32,33.06,,67.53,31.81,1,0,68.12,-1.38,-2.45,37.18,33.52
163.39,0,,71.81,34.04,2,1,73.13,11.79,5.82,101.91,32.77,,67.57,31.90,1,0,68.34,-1.53,-2.30,37.18,33.22
163.51,0,,71.84,33.98,2,1,73.08,11.64,5.60,101.54,32.84,,67.61,31.99,1,0,68.08,-1.46,-2.29,37.26,33.28
163.60,0,,71.88,33.93,2,1,73.57,11.84,5.59,101.73,33.05,,67.65,32.08,2,-1,68.06,-1.57,-2.27,37.17,33.15
163.69,0,,71.88,33.93,2,1,73.57,11.84,5.59,101.73,33.05,,67.68,32.16,2,-1,67.83,-1.75,-2.24,37.02,32.94
163.79,0,,71.92,33.88,2,1,73.35,11.77,5.71,101.78,32.86,,67.72,32.25,2,-1,68.04,-1.81,-2.23,36.97,32.87
163.90,0,,72.02,33.77,2,1,73.18,12.50,5.91,102.71,33.39,,67.75,32.32,2,-1,67.93,-1.96,-2.19,36.86,32.68
163.99,0,,72.07,33.72,2,1,72.74,12.65,6.10,103.05,33.35,,67.78,32.39,2,-1,67.62,-1.99,-2.13,36.89,32.59
164.08,0,,72.12,33.68,2,1,71.89,12.91,6.00,103.21,33.71,,67.80,32.46,2,-1,67.84,-2.01,-2.16,36.84,32.60
164.26,0,,72.16,33.64,2,1,72.83,13.23,5.89,103.42,34.14,,67.82,32.52,2,-1,67.73,-2.08,-2.19,36.74,32.56
164.29,0,,72.16,33.64,2,1,72.83,13.23,5.89,103.42,34.14,,67.84,32.57,2,-1,67.72,-2.10,-2.18,36.73,32.53
164.38,0,,72.25,33.57,2,1,72.94,13.61,6.14,104.05,34.27,,67.86,32.62,2,-1,68.23,-2.17,-2.19,36.65,32.47
164.50,0,,72.29,33.55,2,1,73.06,14.31,6.33,104.94,34.78,,67.88,32.66,2,-1,67.74,-2.16,-2.19,36.66,32.48
164.59,0,,72.33,33.54,2,1,73.72,15.35,6.81,106.46,35.34,,67.89,32.69,2,-1,67.49,-2.27,-2.13,36.61,32.31
164.68,0,,72.33,33.54,2,1,73.72,15.35,6.81,106.46,35.34,,67.90,32.72,2,-1,67.05,-2.55,-2.06,36.40,31.96
164.80,0,,72.42,33.56,2,1,71.71,16.64,7.42,108.36,36.02,,67.91,32.74,2,-1,67.53,-2.74,-2.00,36.27,31.71
164.89,0,,72.46,33.58,2,1,72.63,15.79,7.12,107.21,35.47,,67.91,32.76,2,-1,67.53,-2.84,-2.00,36.17,31.61
165.01,0,,72.49,33.62,2,1,73.76,15.40,6.70,106.40,35.50,,67.91,32.76,2,-1,67.58,-2.87,-2.05,36.09,31.63
165.10,0,,72.52,33.66,2,1,72.05,15.37,6.40,106.07,35.77,,67.91,32.76,2,-1,66.97,-2.89,-1.96,36.16,31.52
165.19,0,,72.52,33.66,2,1,72.05,15.37,6.40,106.07,35.77,,67.90,32.75,2,-1,67.09,-2.95,-1.90,36.16,31.40
165.28,0,,72.58,33.77,2,1,73.48,14.77,5.98,105.05,35.59,,67.89,32.74,2,-1,67.38,-2.88,-2.04,36.09,31.61
165.40,0,,72.61,33.83,2,1,72.96,15.17,5.86,105.33,36.11,,67.87,32.72,2,-1,67.43,-2.74,-2.09,36.18,31.80
165.49,0,,72.64,33.90,2,1,73.42,16.39,6.39,107.08,36.80,,67.86,32.69,2,-1,67.35,-2.83,-1.98,36.20,31.60
165.58,0,,72.66,33.98,2,1,72.89,17.01,6.66,107.97,37.15,,67.84,32.66,2,-1,66.90,-2.88,-1.93,36.20,31.50
165.76,0,,72.69,34.06,2,1,73.86,15.63,6.09,106.02,36.34,,67.82,32.63,2,-1,67.05,-2.94,-1.91,36.16,31.42
165.79,0,,72.69,34.06,2,1,73.86,15.63,6.09,106.02,36.34,,67.80,32.60,2,-1,66.74,-3.09,-1.86,36.06,31.22
165.88,0,,72.74,34.24,2,1,72.36,14.46,5.82,104.58,35.44,,67.78,32.56,2,-1,66.79,-3.05,-1.90,36.06,31.30
166.00,0,,72.76,34.33,2,1,70.84,15.21,6.27,105.78,35.74,,67.75,32.51,2,-1,66.96,-3.05,-1.90,36.06,31.30
166.09,0,,72.77,34.41,2,1,71.67,14.85,6.52,105.67,35.13,,67.72,32.47,2,-1,67.15,-3.03,-1.87,36.11,31.29
166.18,0,,72.77,34.41,2,1,71.67,14.85,6.52,105.67,35.13,,67.69,32.42,2,-1,67.54,-2.96,-1.85,36.20,31.34
166.30,0,,72.76,34.57,2,1,73.22,15.13,6.12,105.55,35.81,,67.66,32.37,2,-1,66.47,-3.09,-1.75,36.17,31.11
166.39,0,,72.76,34.65,2,1,73.83,15.49,5.92,105.71,36.37,,67.63,32.32,2,-1,67.04,-3.18,-1.69,36.14,30.96
166.51,0,,72.77,34.73,2,1,72.96,15.34,5.80,105.44,36.34,,67.59,32.27,2,-1,66.90,-3.15,-1.71,36.15,31.01
166.60,0,,72.78,34.80,2,1,72.97,13.94,5.37,103.61,35.37,,67.56,32.21,2,-1,67.26,-3.13,-1.72,36.16,31.04
166.69,0,,72.78,34.80,2,1,72.97,13.94,5.37,103.61,35.37,,67.53,32.15,2,-1,66.98,-3.09,-1.69,36.23,31.05
166.78,0,,72.79,34.94,2,1,72.71,12.28,4.71,101.29,34.37,,67.50,32.10,2,-1,66.84,-3.15,-1.62,36.24,30.92
166.90,0,,72.79,35.00,2,1,73.06,11.95,4.47,100.72,34.28,,67.47,32.04,2,-1,67.10,-3.22,-1.52,36.27,30.75
166.99,0,,72.79,35.00,2,1,73.06,11.95,4.47,100.72,34.28,,67.44,31.98,2,-1,66.74,-3.17,-1.50,36.34,30.78
167.08,0,,72.79,35.08,2,1,72.44,12.29,4.71,101.30,34.38,,67.40,31.92,2,-1,67.16,-3.24,-1.57,36.20,30.78
167.26,0,,72.79,35.11,2,1,71.80,12.24,4.49,101.03,34.55,,67.37,31.86,2,-1,66.89,-3.28,-1.52,36.21,30.69
167.29,0,,72.79,35.11,2,1,71.80,12.24,4.49,101.03,34.55,,67.34,31.80,2,-1,66.44,-3.20,-1.41,36.40,30.66
167.38,0,,72.77,35.15,2,1,72.94,11.57,4.47,100.34,33.90,,67.31,31.74,2,-1,66.47,-3.24,-1.36,36.41,30.57
167.50,0,,72.77,35.15,2,1,73.93,11.47,4.22,99.99,34.05,,67.28,31.67,2,-1,66.61,-3.33,-1.38,36.30,30.50
167.59,0,,72.76,35.15,2,1,71.87,11.96,4.27,100.53,34.49,,67.25,31.61,2,-1,66.41,-3.42,-1.37,36.22,30.40
167.68,0,,72.76,35.15,2,1,71.87,11.96,4.27,100.53,34.49,,67.21,31.55,2,-1,66.71,-3.48,-1.35,36.18,30.32
167.80,0,,72.75,35.14,2,1,73.21,13.19,4.77,102.26,35.22,,67.18,31.49,2,-1,66.87,-3.39,-1.37,36.25,30.43
167.89,0,,72.75,35.14,2,1,72.20,13.17,4.98,102.45,34.99,,67.15,31.42,2,-1,66.76,-3.31,-1.32,36.38,30.46
168.01,0,,72.75,35.13,2,1,73.18,12.97,5.06,102.33,34.71,,67.11,31.36,2,-1,66.62,-3.37,-1.27,36.37,30.35
168.10,0,,72.74,35.12,2,1,72.17,12.75,4.97,102.02,34.58,,67.08,31.30,2,-1,66.89,-3.44,-1.24,36.33,30.25
168.19,0,,72.74,35.12,2,1,71.60,12.87,4.93,102.10,34.74,,67.06,31.24,2,-1,66.74,-3.51,-1.20,36.30,30.14
168.28,0,,72.74,35.12,2,1,71.60,12.87,4.93,102.10,34.74,,67.03,31.18,2,-1,66.81,-3.61,-1.21,36.19,30.05
168.40,0,,72.72,35.10,2,1,72.02,14.10,5.13,103.53,35.77,,67.00,31.12,2,-1,66.66,-3.55,-1.16,36.30,30.06
168.49,0,,72.70,35.09,2,1,72.61,14.19,5.27,103.76,35.72,,66.98,31.06,2,-1,66.34,-3.58,-1.03,36.40,29.90
168.58,0,,72.70,35.09,2,1,72.61,14.19,5.27,103.76,35.72,,66.95,30.99,2,-1,65.51,-4.70,-0.91,35.40,28.66
168.76,0,,72.67,35.10,2,1,71.91,13.56,5.04,102.90,35.32,,66.92,30.92,2,-1,64.55,-7.01,-0.83,33.17,26.27
168.79,0,,72.66,35.10,2,1,72.61,13.31,4.87,102.48,35.24,,66.88,30.83,2,-1,66.32,-8.45,-2.17,30.39,26.17
168.88,0,,72.64,35.11,2,1,73.33,13.51,4.98,102.79,35.33,,66.84,30.73,2,-1,67.79,-7.21,-4.53,29.27,29.77
169.00,0,,72.63,35.11,2,1,71.82,13.69,5.14,103.13,35.35,,66.81,30.64,2,-1,68.18,-4.54,-4.89,31.58,32.80
169.09,0,,72.62,35.12,2,1,72.25,13.79,5.30,103.39,35.29,,66.79,30.56,2,-1,67.97,-3.35,-4.01,33.65,33.11
169.18,0,,72.62,35.12,2,1,72.25,13.79,5.30,103.39,35.29,,66.77,30.50,2,-1,67.69,-2.86,-4.03,34.12,33.62
169.30,0,,72.59,35.13,2,1,71.56,14.15,5.41,103.86,35.54,,66.77,30.47,2,-1,68.43,-1.92,-3.67,35.42,34.20
169.39,0,,72.57,35.14,2,1,71.42,14.31,5.45,104.06,35.66,,66.78,30.47,2,-1,68.75,-1.70,-3.34,35.97,34.09
169.51,0,,72.55,35.15,2,1,72.49,14.68,5.55,104.53,35.93,,66.79,30.48,2,-1,68.43,-1.46,-3.26,36.29,34.25
169.60,0,,72.53,35.17,2,1,71.46,15.57,6.05,105.92,36.32,,66.82,30.52,2,-1,68.55,-1.27,-2.95,36.79,34.13
169.69,0,,72.53,35.17,2,1,71.46,15.57,6.05,105.92,36.32,,66.85,30.57,2,-1,68.29,-1.38,-2.98,36.65,34.05
169.78,0,,72.48,35.21,2,1,71.24,17.10,6.64,108.04,37.26,,66.89,30.64,2,-1,68.19,-1.23,-2.87,36.91,34.09
169.90,0,,72.45,35.25,2,1,71.95,17.46,6.76,108.52,37.50,,66.93,30.72,2,-1,68.49,-1.11,-2.77,37.13,34.11
169.99,0,,72.42,35.30,2,1,70.59,18.28,7.24,109.82,37.84,,66.97,30.81,2,-1,68.03,-1.12,-2.85,37.04,34.18
170.08,0,,72.38,35.35,2,1,72.71,18.50,7.32,110.12,37.98,,67.02,30.91,2,-1,68.61,-1.24,-2.82,36.95,34.03
170.26,0,,72.35,35.42,2,1,71.16,19.14,7.48,110.92,38.46,,67.07,31.02,2,-1,68.95,-1.26,-2.84,36.91,34.03
170.29,0,,72.31,35.49,2,1,70.70,19.79,7.87,111.96,38.72,,67.13,31.14,2,-1,68.54,-1.29,-2.79,36.93,33.95
170.38,0,,72.27,35.58,2,1,71.39,20.10,8.08,112.48,38.82,,67.19,31.26,2,-1,68.77,-1.31,-2.73,36.97,33.87
170.50,0,,72.23,35.68,2,1,71.63,20.23,8.12,112.65,38.91,,67.25,31.38,2,-1,69.31,-1.11,-2.76,37.14,34.10
170.59,0,,72.19,35.78,2,1,71.77,19.48,7.89,111.67,38.39,,67.32,31.51,2,-1,68.35,-0.85,-2.64,37.52,34.24
170.68,0,,72.19,35.78,2,1,71.77,19.48,7.89,111.67,38.39,,67.38,31.63,2,-1,68.48,-0.64,-2.43,37.94,34.24
170.80,0,,72.11,36.00,2,1,73.40,18.48,7.06,109.84,38.22,,67.45,31.76,2,-1,68.93,-0.47,-2.25,38.29,34.23
170.89,0,,72.08,36.11,2,1,73.49,18.11,6.93,109.34,37.98,,67.52,31.89,2,-1,69.37,-0.39,-2.07,38.55,34.13
171.01,0,,72.07,36.22,2,1,72.23,17.74,6.97,109.01,37.57,,67.59,32.02,2,-1,68.49,-0.49,-1.99,38.53,33.95
171.10,0,,72.06,36.33,2,1,73.99,18.15,7.18,109.63,37.77,,67.66,32.15,2,-1,68.55,-0.61,-1.87,38.53,33.71
171.19,0,,72.06,36.33,2,1,73.99,18.15,7.18,109.63,37.77,,67.72,32.27,2,-1,67.86,-0.48,-1.80,38.73,33.77
171.28,0,,72.05,36.54,2,1,72.03,19.23,7.80,111.33,38.23,,67.78,32.39,2,-1,68.13,-0.19,-1.80,39.02,34.06
171.40,0,,72.04,36.65,2,1,72.21,20.00,8.04,112.34,38.76,,67.84,32.51,2,-1,68.03,-0.14,-1.65,39.22,33.96
171.52,0,,72.04,36.75,2,1,72.29,21.20,8.52,114.02,39.48,,67.89,32.62,2,-1,67.88,-0.16,-1.55,39.30,33.84
171.58,0,,72.04,36.86,2,1,72.79,21.15,8.59,114.04,39.36,,67.94,32.73,2,-1,68.45,-0.07,-1.50,39.44,33.88
171.76,0,,72.04,36.97,2,1,71.81,21.27,8.66,114.23,39.41,,67.98,32.83,2,-1,68.38,-0.17,-1.45,39.39,33.73
171.79,0,,72.04,37.09,2,1,71.35,21.21,8.71,114.22,39.30,,68.02,32.93,2,-1,67.34,-0.23,-1.42,39.36,33.64
171.88,0,,72.04,37.09,2,1,71.35,21.21,8.71,114.22,39.30,,68.06,33.02,2,-1,68.07,-0.23,-1.40,39.38,33.62
172.00,0,,72.03,37.31,2,1,73.95,19.39,7.57,111.26,38.62,,68.09,33.11,2,-1,68.47,-0.14,-1.43,39.44,33.74
172.09,0,,72.03,37.31,2,1,73.95,19.39,7.57,111.26,38.62,,68.12,33.19,2,-1,67.74,-0.03,-1.35,39.63,33.77
172.18,0,,72.02,37.42,2,1,72.32,18.69,7.13,110.12,38.36,,68.14,33.26,2,-1,67.81,-0.23,-1.27,39.51,33.49
172.30,0,,72.02,37.61,2,1,72.56,15.90,6.26,106.46,36.44,,68.16,33.33,2,-1,67.99,-0.31,-1.35,39.35,33.49
172.39,0,,72.02,37.69,2,1,72.24,15.00,5.78,105.08,36.02,,68.18,33.39,2,-1,67.88,-0.29,-1.34,39.38,33.50
172.51,0,,72.03,37.75,2,1,72.66,14.75,5.60,104.65,35.95,,68.19,33.45,2,-1,68.07,-0.48,-1.28,39.25,33.25
172.60,0,,72.03,37.79,2,1,72.77,14.04,5.41,103.75,35.43,,68.20,33.49,2,-1,68.23,-0.58,-1.33,39.10,33.20
172.69,0,,72.03,37.79,2,1,72.77,14.04,5.41,103.75,35.43,,68.21,33.54,2,-1,68.59,-0.42,-1.33,39.26,33.36
172.78,0,,72.06,37.82,2,1,72.39,13.08,4.99,102.37,34.89,,68.22,33.57,2,-1,68.22,-0.22,-1.28,39.51,33.51
172.90,0,,72.07,37.80,2,1,72.09,12.71,4.74,101.75,34.77,,68.23,33.61,2,-1,67.62,-0.24,-1.28,39.49,33.49
172.99,0,,72.08,37.77,2,1,70.91,12.70,4.57,101.57,34.93,,68.24,33.63,2,-1,68.88,-0.31,-1.24,39.46,33.38
173.08,0,,72.08,37.73,2,1,72.40,12.57,4.58,101.45,34.79,,68.25,33.66,2,-1,67.94,-0.37,-1.27,39.37,33.35
173.26,0,,72.09,37.68,2,1,72.16,12.11,4.47,100.88,34.44,,68.25,33.68,2,-1,68.28,-0.75,-1.44,38.82,33.14
173.29,0,,72.09,37.68,2,1,72.16,12.11,4.47,100.88,34.44,,68.26,33.69,2,-1,67.99,-1.15,-1.67,38.19,32.97
173.38,0,,72.09,37.61,2,1,71.98,12.15,4.37,100.82,34.58,,68.26,33.70,2,-1,68.38,-1.25,-1.92,37.84,33.12
173.50,0,,72.10,37.45,2,1,70.90,13.87,5.03,103.20,35.64,,68.26,33.71,2,-1,68.53,-1.13,-2.04,37.84,33.36
173.59,0,,72.09,37.36,2,1,70.75,14.21,5.37,103.88,35.64,,68.27,33.71,2,-1,68.59,-1.07,-1.96,37.98,33.34
173.68,0,,72.09,37.36,2,1,70.75,14.21,5.37,103.88,35.64,,68.27,33.71,2,-1,68.05,-1.23,-1.95,37.83,33.17
173.80,0,,72.08,37.19,2,1,72.42,15.93,5.94,106.17,36.79,,68.28,33.70,2,-1,68.11,-1.30,-2.04,37.67,33.19
173.92,0,,72.07,37.11,2,1,70.69,16.13,6.28,106.71,36.65,,68.28,33.70,2,-1,68.22,-1.38,-2.10,37.53,33.17
174.01,0,,72.06,37.03,2,1,71.00,12.98,5.24,102.52,34.54,,68.28,33.69,2,-1,68.27,-1.36,-2.04,37.61,33.13
174.10,0,,72.04,36.95,2,1,70.85,11.86,4.18,100.34,34.48,,68.29,33.68,2,-1,68.37,-0.97,-1.77,38.27,33.25
174.28,0,,72.00,36.79,2,1,70.98,16.40,6.27,106.97,36.93,,68.29,33.66,1,0,68.19,-0.60,-1.43,38.98,33.28
174.28,0,,72.00,36.79,2,1,70.98,16.40,6.27,106.97,36.93,,68.29,33.65,1,0,67.69,-0.48,-1.22,39.31,33.19
174.40,0,,71.97,36.72,2,1,70.31,16.00,6.06,106.36,36.74,,68.29,33.63,1,0,68.23,-0.50,-1.21,39.30,33.16
174.49,0,,71.94,36.66,2,1,70.48,17.39,6.84,108.53,37.35,,68.28,33.62,1,0,67.86,-0.62,-1.23,39.16,33.06
174.58,0,,71.91,36.60,2,1,70.97,17.07,7.19,108.56,36.68,,68.28,33.60,0,1,67.25,-0.78,-1.19,39.04,32.86
174.76,0,,71.87,36.56,3,0,71.28,15.54,6.28,106.12,36.06,,68.27,33.58,0,1,68.08,-0.65,-1.12,39.24,32.92
174.79,0,,71.83,36.51,3,0,71.80,14.40,5.32,104.02,35.88,,68.26,33.56,0,1,67.62,-0.23,-0.98,39.80,33.20
174.88,0,,71.80,36.47,3,0,71.80,13.07,4.34,101.71,35.53,,68.25,33.54,0,1,68.13,-0.17,-0.92,39.92,33.20
175.00,0,,71.77,36.42,3,0,71.15,11.88,3.82,100.00,34.86,,68.23,33.52,0,1,68.23,-0.26,-0.97,39.78,33.16
175.09,0,,71.74,36.38,3,0,71.03,10.99,3.59,98.88,34.20,,68.22,33.50,0,1,68.35,-0.13,-0.93,39.95,33.25
175.18,0,,71.74,36.38,3,0,71.03,10.99,3.59,98.88,34.20,,68.21,33.47,0,1,67.55,-0.14,-0.83,40.04,33.14
175.30,0,,71.67,36.25,3,0,70.18,9.93,3.55,97.78,33.18,,68.20,33.45,0,1,67.75,-0.18,-0.80,40.03,33.07
175.39,0,,71.63,36.18,3,0,69.24,9.49,3.42,97.21,32.87,,68.19,33.43,0,1,67.53,-0.11,-0.78,40.12,33.12
175.51,0,,71.58,36.09,3,0,70.49,10.26,3.49,98.05,33.57,,68.17,33.41,0,1,67.81,-0.00,-0.73,40.28,33.18
175.60,0,,71.53,36.00,3,0,70.36,12.45,4.28,101.03,34.97,,68.16,33.39,0,1,68.06,0.09,-0.70,40.40,33.24
175.69,0,,71.53,36.00,3,0,70.36,12.45,4.28,101.03,34.97,,68.14,33.38,0,1,67.65,0.03,-0.65,40.39,33.13
175.78,0,,71.43,35.83,3,0,69.03,13.58,5.24,103.12,35.14,,68.12,33.36,0,1,67.10,-0.04,-0.64,40.33,33.05
175.90,0,,71.36,35.75,3,0,69.22,13.64,5.37,103.31,35.07,,68.10,33.34,0,1,67.47,-0.05,-0.63,40.33,33.03
175.99,0,,71.29,35.68,3,0,69.04,13.83,5.50,103.63,35.13,,68.08,33.32,0,1,67.61,-0.16,-0.60,40.25,32.89
176.08,0,,71.22,35.61,3,0,69.81,14.21,5.60,104.11,35.41,,68.06,33.30,0,1,67.96,-0.16,-0.64,40.21,32.93
176.26,0,,71.14,35.54,3,0,69.07,14.86,5.90,105.06,35.76,,68.04,33.29,0,1,67.75,-0.05,-0.63,40.33,33.03
176.30,0,,71.06,35.49,3,0,67.74,15.40,6.19,105.89,36.01,,68.02,33.27,0,1,68.07,-0.02,-0.60,40.39,33.03
176.38,0,,70.97,35.44,3,0,68.16,16.00,6.47,106.77,36.33,,68.00,33.25,0,1,67.57,-0.24,-0.75,40.02,32.96
176.50,0,,70.88,35.41,3,0,68.12,16.51,6.77,107.58,36.54,,67.98,33.23,0,1,68.60,-1.21,-1.90,37.90,33.14
176.59,0,,70.77,35.38,3,0,68.95,16.81,6.97,108.08,36.64,,67.97,33.21,0,1,65.22,-3.94,-2.69,34.38,31.20
176.68,0,,70.77,35.38,3,0,68.95,16.81,6.97,108.08,36.64,,67.94,33.18,0,1,66.31,-5.87,-1.67,33.47,28.25
176.80,0,,70.56,35.36,3,0,68.72,17.89,7.58,109.77,37.11,,67.91,33.14,0,1,68.94,-3.24,-2.35,35.42,31.56
176.89,0,,70.45,35.36,3,0,68.34,18.38,7.71,110.39,37.47,,67.88,33.09,0,1,69.16,-0.79,-4.15,36.07,35.81
177.01,0,,70.34,35.38,3,-1,68.95,18.97,7.84,111.11,37.93,,67.87,33.05,0,1,67.33,-2.86,-3.28,34.87,32.87
177.10,0,,70.23,35.41,3,-1,68.77,18.99,7.95,111.24,37.84,,67.85,33.01,0,1,66.46,-4.83,-2.64,33.54,30.26
177.19,0,,70.23,35.41,3,-1,68.77,18.99,7.95,111.24,37.84,,67.83,32.97,0,1,66.20,-5.43,-2.63,32.95,29.65
177.28,0,,70.02,35.50,3,-1,68.58,18.49,7.62,110.41,37.67,,67.80,32.91,0,1,66.55,-5.43,-2.06,33.52,29.08
177.40,0,,69.92,35.56,3,-1,68.33,18.04,7.48,109.82,37.36,,67.76,32.83,0,1,66.98,-4.77,-1.92,34.32,29.60
177.49,0,,69.82,35.62,3,-1,68.28,17.57,7.22,109.09,37.15,,67.73,32.75,0,1,66.06,-4.28,-1.58,35.15,29.75
177.58,0,,69.73,35.68,3,-1,69.02,17.47,7.12,108.89,37.15,,67.69,32.65,0,1,66.73,-4.09,-1.11,35.81,29.47
177.76,0,,69.64,35.75,3,-1,70.19,17.53,7.09,108.92,37.24,,67.65,32.55,0,1,66.38,-3.91,-1.42,35.68,29.96
177.79,0,,69.56,35.82,3,-1,68.84,17.49,7.12,108.91,37.17,,67.60,32.44,0,1,66.67,-3.85,-1.78,35.38,30.38
177.92,0,,69.48,35.89,3,-1,67.68,17.45,7.26,109.01,36.99,,67.55,32.33,2,-1,66.28,-3.93,-1.58,35.50,30.10
178.00,0,,69.40,35.95,3,-1,69.27,17.33,7.28,108.91,36.85,,67.51,32.22,2,-1,67.03,-3.77,-1.78,35.46,30.46
178.09,0,,69.33,36.02,3,-1,68.21,17.21,7.07,108.58,36.94,,67.46,32.12,2,-1,68.85,-2.78,-2.65,35.58,32.32
178.18,0,,69.33,36.02,3,-1,68.21,17.21,7.07,108.58,36.94,,67.43,32.02,2,-1,69.66,-0.81,-3.47,36.73,35.11
178.30,0,,69.20,36.15,3,-1,68.49,17.14,6.99,108.43,36.95,,67.41,31.96,2,-1,69.64,-0.16,-3.98,36.87,36.27
178.39,0,,69.13,36.21,3,-1,68.94,16.95,6.91,108.16,36.84,,67.41,31.92,2,-1,67.68,-1.25,-3.70,36.06,34.90
178.51,0,,69.07,36.27,3,-1,67.65,16.53,6.79,107.62,36.54,,67.41,31.90,1,0,67.48,-2.28,-2.39,36.34,32.56
178.60,0,,69.01,36.32,3,-1,67.72,15.87,6.67,106.84,36.00,,67.41,31.89,1,0,67.50,-3.25,-1.54,36.22,30.74
178.69,0,,69.01,36.32,3,-1,67.72,15.87,6.67,106.84,36.00,,67.41,31.87,1,0,66.95,-3.32,-1.81,35.88,30.94
178.78,0,,68.89,36.40,4,-2,68.98,14.71,5.97,104.98,35.54,,67.41,31.86,1,0,67.06,-3.31,-1.95,35.75,31.09
178.91,0,,68.83,36.43,4,-2,67.28,14.25,5.86,104.41,35.19,,67.40,31.83,1,0,67.33,-4.01,-2.19,34.81,30.63
178.99,0,,68.78,36.45,4,-2,68.54,13.89,5.78,103.97,34.91,,67.40,31.81,1,0,67.11,-4.03,-2.19,34.79,30.61
179.08,0,,68.73,36.46,4,-2,67.21,13.81,5.79,103.90,34.82,,67.40,31.78,1,0,67.83,-3.27,-1.66,36.08,30.84
179.26,0,,68.68,36.46,4,-2,68.26,14.01,6.00,104.31,34.81,,67.39,31.75,1,0,67.59,-2.27,-1.77,36.97,31.95
179.29,0,,68.62,36.44,4,-2,66.12,14.34,6.13,104.77,35.01,,67.39,31.72,2,-1,67.58,-1.66,-2.18,37.17,32.97
179.38,0,,68.56,36.43,4,-2,67.06,15.21,6.37,105.88,35.64,,67.39,31.70,2,-1,67.37,-1.78,-2.13,37.10,32.80
179.50,0,,68.50,36.40,4,-2,67.52,16.46,6.99,107.75,36.27,,67.39,31.69,2,-1,67.30,-2.30,-1.81,36.90,31.96
179.59,0,,68.44,36.39,4,-2,66.02,17.23,7.36,108.89,36.67,,67.39,31.68,2,-1,66.37,-2.56,-1.37,37.08,31.26
179.68,0,,68.44,36.39,4,-2,66.02,17.23,7.36,108.89,36.67,,67.38,31.67,2,-1,65.35,-3.19,-0.74,37.08,30.00
179.80,0,,68.30,36.36,4,-2,67.03,17.92,7.71,109.93,37.01,,67.37,31.65,2,-1,65.16,-4.61,-0.33,36.07,28.17
179.89,0,,68.23,36.35,4,-2,68.03,18.48,7.95,110.73,37.33,,67.34,31.61,2,-1,65.19,-5.46,-0.35,35.20,27.34
180.01,0,,68.16,36.35,4,-2,67.41,18.90,8.16,111.36,37.54,,67.30,31.56,2,-1,64.80,-5.81,-0.26,34.94,26.90
180.10,0,,68.10,36.36,4,-2,66.64,19.01,8.24,111.55,37.57,,67.25,31.48,2,-1,64.42,-5.95,-0.27,34.79,26.77
180.19,0,,68.10,36.36,4,-2,66.64,19.01,8.24,111.55,37.57,,67.19,31.38,2,-1,65.28,-5.94,-0.46,34.61,26.97
180.28,0,,67.98,36.39,4,-2,67.33,18.59,8.04,110.93,37.35,,67.13,31.27,2,-1,64.91,-6.52,-0.63,33.86,26.56
180.40,0,,67.92,36.41,4,-2,66.72,18.20,7.97,110.47,37.03,,67.06,31.14,2,-1,65.82,-7.98,-1.86,31.17,26.33
180.49,0,,67.87,36.43,4,-2,67.56,17.87,7.77,109.94,36.90,,66.99,31.00,2,-1,66.74,-8.86,-4.14,28.01,27.73
180.58,0,,67.82,36.45,4,-2,67.74,17.73,7.57,109.60,36.96,,66.92,30.85,2,-1,65.75,-7.26,-4.21,29.54,29.40
180.76,0,,67.77,36.48,4,-2,67.64,17.76,7.55,109.61,37.01,,66.86,30.71,2,-1,65.46,-6.13,-1.66,33.22,27.98
180.79,0,,67.73,36.50,4,-2,67.26,17.64,7.52,109.46,36.92,,66.79,30.57,2,-1,65.92,-6.77,-1.05,33.19,26.73
180.88,0,,67.69,36.53,4,-2,67.52,17.28,7.51,109.09,36.57,,66.73,30.42,2,-1,65.35,-6.03,-1.55,33.43,27.97
181.00,0,,67.65,36.55,4,-2,66.48,16.96,7.52,108.78,36.24,,66.66,30.27,2,-1,65.51,-5.65,-0.98,34.38,27.78
181.09,0,,67.61,36.56,4,-2,67.63,16.72,7.45,108.47,36.07,,66.60,30.12,2,-1,65.66,-5.92,-1.33,33.76,27.86
181.18,0,,67.61,36.56,4,-2,67.63,16.72,7.45,108.47,36.07,,66.53,29.98,2,-1,65.58,-5.70,-1.84,33.47,28.59
181.30,0,,67.54,36.59,4,-2,67.73,16.43,7.19,107.92,36.04,,66.47,29.84,2,-1,65.60,-5.62,-1.94,33.45,28.77
181.39,0,,67.51,36.59,4,-2,67.33,15.93,7.02,107.25,35.71,,66.41,29.71,2,-1,65.10,-5.21,-1.60,34.20,28.84
181.51,0,,67.48,36.59,4,-2,66.15,15.28,6.77,106.35,35.31,,66.35,29.59,2,-1,65.65,-4.59,-0.79,35.63,28.65
181.60,0,,67.45,36.58,4,-2,66.56,14.74,6.55,105.59,34.99,,66.29,29.48,2,-1,65.73,-3.98,-0.64,36.39,29.11
181.69,0,,67.45,36.58,4,-2,66.56,14.74,6.55,105.59,34.99,,66.23,29.37,2,-1,65.77,-3.41,-0.52,37.08,29.56
181.78,0,,67.38,36.53,4,-2,67.12,13.67,6.08,104.05,34.39,,66.17,29.28,2,-1,65.67,-3.26,-0.40,37.35,29.59
181.90,0,,67.35,36.50,4,-2,66.85,13.64,5.93,103.87,34.51,,66.12,29.20,2,-1,66.10,-3.17,-0.59,37.25,29.87
181.99,0,,67.31,36.46,4,-2,66.19,14.01,6.00,104.31,34.81,,66.08,29.13,2,-1,65.80,-3.06,-0.53,37.42,29.92
182.08,0,,67.28,36.41,4,-2,66.72,14.28,6.21,104.79,34.87,,66.04,29.08,2,-1,65.58,-3.01,-0.39,37.61,29.83
182.26,0,,67.24,36.35,4,-2,66.25,14.71,6.53,105.54,34.98,,65.99,29.03,2,-1,65.04,-2.76,-0.29,37.96,29.98
182.29,0,,67.24,36.35,4,-2,66.25,14.71,6.53,105.54,34.98,,65.95,29.00,2,-1,65.34,-2.57,-0.32,38.12,30.20
182.41,0,,67.17,36.24,4,-2,67.07,15.83,6.96,107.09,35.67,,65.91,28.97,2,-1,65.34,-2.63,-0.36,38.02,30.18
182.50,0,,67.13,36.19,4,-2,65.50,16.05,7.09,107.44,35.76,,65.87,28.95,2,-1,65.70,-2.96,-0.34,37.71,29.83
182.59,0,,67.09,36.14,4,-2,65.57,16.29,7.12,107.71,35.97,,65.83,28.94,2,-1,65.41,-3.22,-0.41,37.38,29.64
182.68,0,,67.09,36.14,4,-2,65.57,16.29,7.12,107.71,35.97,,65.80,28.94,2,-1,65.96,-3.18,-0.44,37.39,29.71
182.80,0,,67.01,36.06,4,-2,66.84,16.20,6.95,107.45,36.05,,65.77,28.94,2,-1,65.58,-2.68,-0.50,37.83,30.27
182.89,0,,67.01,36.06,4,-2,66.84,16.20,6.95,107.45,36.05,,65.74,28.95,2,-1,66.30,-1.87,-0.52,38.62,31.10
183.02,0,,66.93,35.99,4,-2,66.09,16.17,6.99,107.46,35.98,,65.72,28.97,2,-1,65.53,-2.17,-0.46,38.38,30.74
183.10,0,,66.89,35.96,4,-2,65.63,16.15,6.98,107.43,35.97,,65.69,29.00,2,-1,65.46,-3.49,-0.45,37.07,29.41
183.19,0,,66.89,35.96,4,-2,65.63,16.15,6.98,107.43,35.97,,65.67,29.03,2,-1,65.65,-3.64,-0.35,37.02,29.16
183.28,0,,66.82,35.91,4,-2,66.25,15.89,6.93,107.12,35.76,,65.66,29.05,2,-1,65.97,-3.09,-0.19,37.73,29.55
183.40,0,,66.78,35.89,4,-2,67.19,15.58,6.87,106.75,35.51,,65.64,29.08,2,-1,65.36,-2.97,-0.14,37.90,29.62
183.49,0,,66.75,35.87,4,-2,66.72,15.58,6.67,106.55,35.71,,65.63,29.11,2,-1,65.50,-2.52,-0.18,38.31,30.11
183.58,0,,66.72,35.85,4,-2,66.07,14.70,6.58,105.58,34.92,,65.61,29.14,2,-1,66.40,-1.98,-0.31,38.72,30.78
183.76,0,,66.69,35.83,4,-2,66.36,14.06,6.39,104.75,34.47,,65.61,29.17,2,-1,66.52,-1.43,-0.53,39.05,31.55
183.79,0,,66.69,35.83,4,-2,66.36,14.06,6.39,104.75,34.47,,65.61,29.22,2,-1,66.77,-1.24,-0.65,39.12,31.86
183.88,0,,66.64,35.77,4,-2,67.11,13.49,6.17,103.96,34.12,,65.61,29.27,2,-1,65.83,-1.89,-0.50,38.62,31.06
184.03,0,,66.62,35.73,4,-2,64.67,13.21,6.07,103.58,33.94,,65.61,29.33,2,-1,64.83,-2.60,-0.29,38.12,30.14
184.09,0,,66.59,35.68,4,-2,66.52,13.55,6.11,103.96,34.24,,65.61,29.39,2,-1,65.01,-2.62,-0.17,38.22,30.00
184.18,0,,66.59,35.68,4,-2,66.52,13.55,6.11,103.96,34.24,,65.61,29.45,2,-1,65.34,-1.64,-0.22,39.15,31.03
184.30,0,,66.53,35.58,4,-2,65.79,14.20,6.43,104.93,34.57,,65.61,29.51,2,-1,66.30,-1.05,-0.44,39.52,31.84
184.39,0,,66.50,35.53,4,-2,65.46,14.97,6.66,105.93,35.11,,65.61,29.58,2,-1,65.82,-1.46,-0.57,38.98,31.56
184.51,0,,66.46,35.48,4,-2,64.45,15.25,6.91,106.46,35.14,,65.61,29.65,2,-1,65.70,-1.53,-0.61,38.87,31.53
184.60,0,,66.42,35.44,4,-2,65.99,15.35,7.06,106.71,35.09,,65.61,29.72,2,-1,65.89,-1.70,-0.73,38.58,31.48
184.69,0,,66.42,35.44,4,-2,65.99,15.35,7.06,106.71,35.09,,65.62,29.80,2,-1,65.73,-2.26,-0.81,37.94,31.00
184.78,0,,66.32,35.35,4,-2,66.13,15.09,6.89,106.28,35.00,,65.62,29.88,2,-1,65.80,-2.16,-0.83,38.02,31.12
184.90,0,,66.28,35.32,4,-2,65.74,15.18,6.90,106.38,35.08,,65.62,29.95,2,-1,66.22,-1.87,-0.90,38.24,31.48
184.99,0,,66.24,35.28,4,-2,66.34,15.62,6.77,106.69,35.65,,65.63,30.03,2,-1,65.50,-2.39,-0.98,37.64,31.04
185.08,0,,66.20,35.25,4,-2,65.84,15.50,6.79,106.59,35.51,,65.64,30.10,2,-1,65.58,-3.61,-1.12,36.28,29.96
185.26,0,,66.16,35.23,4,-2,66.71,15.43,6.86,106.59,35.37,,65.64,30.17,2,-1,65.88,-4.52,-1.29,35.20,29.22
185.29,0,,66.13,35.21,4,-2,65.58,15.69,6.77,106.76,35.72,,65.65,30.22,2,-1,66.20,-4.12,-1.33,35.56,29.66
185.38,0,,66.10,35.19,4,-2,66.54,15.48,6.90,106.68,35.38,,65.66,30.27,2,-1,66.25,-3.28,-1.30,36.43,30.47
185.50,0,,66.08,35.18,4,-2,65.90,15.46,7.02,106.78,35.24,,65.67,30.31,2,-1,66.69,-3.04,-1.30,36.67,30.71
185.59,0,,66.06,35.17,4,-2,65.55,15.73,6.94,106.97,35.59,,65.68,30.35,2,-1,66.05,-2.98,-1.31,36.72,30.78
185.68,0,,66.06,35.17,4,-2,65.55,15.73,6.94,106.97,35.59,,65.70,30.38,2,-1,66.23,-2.78,-1.33,36.90,31.00
185.80,0,,66.01,35.15,4,-2,64.54,15.31,6.90,106.51,35.21,,65.72,30.42,2,-1,66.63,-2.67,-1.35,36.99,31.13
185.89,0,,65.97,35.15,4,-2,64.55,14.95,6.67,105.92,35.08,,65.74,30.46,2,-1,66.52,-2.75,-1.37,36.89,31.07
186.01,0,,65.94,35.14,4,-2,65.55,14.11,6.41,104.82,34.50,,65.76,30.49,2,-1,66.20,-2.80,-1.38,36.83,31.03
186.10,0,,65.90,35.13,4,-2,64.44,13.92,6.36,104.58,34.36,,65.78,30.53,2,-1,66.29,-2.62,-1.40,36.99,31.23
186.19,0,,65.90,35.13,4,-2,64.44,13.92,6.36,104.58,34.36,,65.81,30.57,2,-1,66.18,-2.41,-1.41,37.19,31.45
186.28,0,,65.82,35.11,4,-2,65.40,15.69,7.08,107.07,35.41,,65.83,30.60,2,-1,65.48,-2.39,-1.38,37.24,31.44
186.40,0,,65.78,35.10,4,-2,65.78,16.25,7.52,108.07,35.53,,65.85,30.64,2,-1,65.91,-2.43,-1.41,37.17,31.43
186.49,0,,65.74,35.10,4,-2,66.03,16.98,7.55,108.83,36.23,,65.87,30.68,2,-1,65.56,-2.44,-1.43,37.14,31.44
186.58,0,,65.71,35.10,4,-2,63.65,17.54,7.92,109.76,36.42,,65.88,30.72,2,-1,66.32,-2.46,-1.47,37.08,31.46
186.76,0,,65.67,35.11,4,-2,65.77,17.66,8.31,110.27,36.15,,65.90,30.76,2,-1,66.19,-2.52,-1.49,37.00,31.42
186.79,0,,65.67,35.11,4,-2,65.77,17.66,8.31,110.27,36.15,,65.91,30.80,2,-1,66.17,-2.49,-1.48,37.04,31.44
186.88,0,,65.60,35.15,4,-2,65.74,17.65,7.96,109.91,36.49,,65.93,30.84,2,-1,65.85,-2.24,-1.52,37.25,31.73
187.00,0,,65.56,35.17,4,-2,65.10,17.01,7.85,109.16,35.96,,65.94,30.88,2,-1,65.93,-2.23,-1.50,37.28,31.72
187.09,0,,65.53,35.20,4,-2,64.83,17.19,7.66,109.15,36.33,,65.95,30.92,2,-1,66.43,-2.36,-1.49,37.16,31.58
187.18,0,,65.53,35.20,4,-2,64.83,17.19,7.66,109.15,36.33,,65.96,30.96,2,-1,65.79,-2.34,-1.50,37.17,31.61
187.30,0,,65.46,35.27,4,-2,64.53,16.55,7.39,108.24,35.96,,65.98,31.00,2,-1,66.74,-2.50,-1.40,37.11,31.35
187.39,0,,65.42,35.31,4,-2,65.82,16.68,7.37,108.35,36.11,,65.99,31.03,2,-1,66.45,-2.61,-1.42,36.98,31.26
187.51,0,,65.39,35.34,4,-2,66.49,16.18,7.46,107.94,35.52,,66.00,31.07,2,-1,65.64,-2.67,-1.49,36.85,31.27
187.60,0,,65.36,35.37,4,-2,65.19,15.95,7.45,107.70,35.30,,66.02,31.10,2,-1,65.99,-2.76,-1.45,36.80,31.14
187.69,0,,65.36,35.37,4,-2,65.19,15.95,7.45,107.70,35.30,,66.03,31.13,2,-1,66.39,-2.62,-1.50,36.89,31.33
187.78,0,,65.32,35.43,4,-2,65.80,15.79,7.27,107.36,35.32,,66.04,31.16,2,-1,66.35,-2.59,-1.54,36.88,31.40
187.90,0,,65.30,35.45,4,-2,65.65,15.73,7.37,107.40,35.16,,66.05,31.18,2,-1,67.03,-2.65,-1.57,36.79,31.37
187.99,0,,65.28,35.47,4,-2,65.01,16.10,7.25,107.65,35.65,,66.07,31.21,2,-1,65.52,-2.63,-1.59,36.79,31.41
188.08,0,,65.27,35.49,4,-2,65.31,15.33,7.05,106.68,35.08,,66.08,31.23,2,-1,66.10,-2.77,-1.50,36.74,31.18
188.26,0,,65.26,35.51,4,-2,64.38,14.69,6.90,105.89,34.59,,66.09,31.25,2,-1,66.24,-2.85,-1.55,36.61,31.15
188.29,0,,65.24,35.51,4,-2,63.50,14.80,6.68,105.78,34.92,,66.10,31.27,2,-1,66.15,-2.88,-1.67,36.46,31.24
188.38,0,,65.21,35.52,4,-2,63.83,14.11,6.53,104.94,34.38,,66.11,31.28,2,-1,65.86,-2.90,-1.62,36.49,31.17
188.50,0,,65.18,35.51,4,-2,64.13,13.71,6.51,104.52,34.00,,66.12,31.30,2,-1,66.32,-2.72,-1.57,36.72,31.30
188.59,0,,65.15,35.50,4,-2,63.69,14.21,6.45,104.96,34.56,,66.12,31.31,2,-1,66.02,-2.68,-1.59,36.74,31.36
188.68,0,,65.15,35.50,4,-2,63.69,14.21,6.45,104.96,34.56,,66.13,31.32,2,-1,65.94,-2.79,-1.58,36.64,31.24
188.77,0,,65.07,35.46,4,-2,63.57,14.40,6.63,105.33,34.57,,66.13,31.33,2,-1,66.74,-2.72,-1.62,36.67,31.35
188.89,0,,65.02,35.44,4,-2,64.26,15.06,6.95,106.31,34.91,,66.14,31.34,2,-1,66.73,-2.67,-1.69,36.65,31.47
189.01,0,,64.98,35.42,4,-2,64.71,15.25,7.15,106.70,34.90,,66.15,31.34,2,-1,66.64,-2.80,-1.68,36.53,31.33
189.10,0,,64.94,35.39,4,-2,64.45,15.51,7.29,107.10,35.02,,66.16,31.35,2,-1,66.11,-2.90,-1.67,36.44,31.22
189.19,0,,64.94,35.39,4,-2,64.45,15.51,7.29,107.10,35.02,,66.17,31.36,2,-1,66.23,-2.95,-1.65,36.41,31.15
189.28,0,,64.86,35.35,4,-2,64.05,16.00,7.38,107.68,35.42,,66.18,31.36,2,-1,66.64,-2.88,-1.69,36.44,31.26
189.37,0,,64.82,35.33,4,-2,64.36,15.85,7.35,107.50,35.30,,66.19,31.36,2,-1,65.79,-2.69,-1.71,36.61,31.47
189.49,0,,64.79,35.31,4,-2,63.14,16.01,7.23,107.54,35.58,,66.20,31.37,2,-1,66.44,-2.73,-1.64,36.64,31.36
189.58,0,,64.75,35.30,4,-2,63.39,15.79,7.17,107.26,35.42,,66.21,31.37,2,-1,66.27,-2.78,-1.65,36.58,31.32
189.67,0,,64.70,35.29,4,-2,64.05,15.63,7.14,107.07,35.29,,66.22,31.37,2,-1,66.34,-2.67,-1.72,36.62,31.50
189.79,0,,64.66,35.28,4,-2,63.22,16.01,7.11,107.42,35.70,,66.23,31.37,2,-1,66.67,-2.70,-1.68,36.63,31.43
189.88,0,,64.61,35.27,4,-2,64.15,15.85,7.21,107.36,35.44,,66.23,31.38,2,-1,66.16,-2.77,-1.64,36.60,31.32
190.00,0,,64.56,35.27,4,-2,63.61,15.64,7.24,107.18,35.20,,66.24,31.38,2,-1,66.28,-2.76,-1.66,36.59,31.35
190.09,0,,64.52,35.26,4,-2,63.31,15.83,7.15,107.28,35.48,,66.25,31.38,2,-1,65.86,-2.68,-1.67,36.66,31.44
190.18,0,,64.52,35.26,4,-2,63.31,15.83,7.15,107.28,35.48,,66.25,31.38,2,-1,66.15,-2.51,-1.65,36.85,31.59
190.27,0,,64.42,35.26,4,-2,63.22,15.31,7.05,106.66,35.06,,66.26,31.38,2,-1,66.37,-2.44,-1.64,36.93,31.65
190.39,0,,64.37,35.25,4,-2,63.68,15.10,6.89,106.29,35.01,,66.26,31.39,2,-1,66.43,-2.44,-1.67,36.90,31.68
190.51,0,,64.33,35.25,4,-2,64.46,14.53,6.87,105.70,34.46,,66.26,31.39,2,-1,65.90,-2.44,-1.66,36.91,31.67
190.57,0,,64.28,35.24,4,-2,63.75,14.10,6.75,105.15,34.15,,66.27,31.40,2,-1,66.18,-2.53,-1.64,36.84,31.56
190.69,0,,64.28,35.24,4,-2,63.75,14.10,6.75,105.15,34.15,,66.27,31.41,2,-1,65.76,-2.58,-1.65,36.78,31.52
190.78,0,,64.20,35.21,4,-2,64.17,14.04,6.73,105.07,34.11,,66.27,31.41,2,-1,66.24,-2.59,-1.67,36.75,31.53
190.87,0,,64.20,35.21,4,-2,64.17,14.04,6.73,105.07,34.11,,66.26,31.42,2,-1,66.37,-2.54,-1.71,36.76,31.62
190.99,0,,64.12,35.16,4,-2,64.11,14.91,6.91,106.12,34.80,,66.26,31.43,2,-1,66.20,-2.36,-1.69,36.96,31.78
191.08,0,,64.09,35.13,4,-2,64.16,15.25,7.19,106.74,34.86,,66.26,31.43,2,-1,65.92,-2.27,-1.61,37.13,31.79
191.20,0,,64.05,35.11,4,-2,63.13,15.20,7.39,106.89,34.61,,66.26,31.44,2,-1,66.41,-2.32,-1.66,37.03,31.79
191.29,0,,64.02,35.08,4,-2,63.96,15.74,7.31,107.35,35.23,,66.26,31.45,2,-1,65.87,-2.30,-1.72,36.99,31.87
191.38,0,,63.99,35.06,4,-2,64.57,15.60,7.34,107.24,35.06,,66.25,31.46,1,0,65.95,-2.35,-1.65,37.01,31.75
191.50,0,,63.97,35.04,4,-2,64.00,15.37,7.40,107.07,34.77,,66.25,31.48,1,0,65.79,-2.39,-1.67,36.95,31.73
191.59,0,,63.95,35.02,4,-2,63.30,16.01,7.30,107.61,35.51,,66.24,31.49,1,0,66.13,-2.44,-1.68,36.89,31.69
191.68,0,,63.95,35.02,4,-2,63.30,16.01,7.30,107.61,35.51,,66.23,31.50,1,0,65.88,-2.49,-1.63,36.89,31.59
191.80,0,,63.89,35.00,4,-2,64.42,15.96,7.38,107.64,35.38,,66.22,31.51,1,0,66.22,-2.33,-1.68,37.00,31.80
191.89,0,,63.87,34.99,4,-2,63.59,16.15,7.35,107.80,35.60,,66.22,31.52,1,0,66.32,-2.16,-1.67,37.18,31.96
192.01,0,,63.85,34.99,4,-2,64.74,15.74,7.47,107.51,35.07,,66.21,31.54,1,0,66.06,-2.18,-1.63,37.20,31.90
192.10,0,,63.83,34.98,4,-2,65.09,15.45,7.32,107.07,34.93,,66.20,31.55,1,0,66.49,-2.24,-1.64,37.13,31.85
192.19,0,,63.83,34.98,4,-2,65.09,15.45,7.32,107.07,34.93,,66.20,31.57,1,0,66.27,-2.22,-1.61,37.18,31.84
192.28,0,,63.82,34.98,4,-2,63.83,15.30,7.13,106.73,34.97,,66.20,31.58,1,0,66.44,-2.21,-1.67,37.13,31.91
192.37,0,,63.82,34.98,4,-2,63.51,15.18,7.28,106.76,34.70,,66.19,31.59,1,0,66.68,-2.29,-1.70,37.02,31.86
192.49,0,,63.82,34.98,4,-2,64.06,16.23,7.42,107.95,35.61,,66.19,31.61,1,0,66.02,-2.29,-1.67,37.05,31.83
192.58,0,,63.82,34.99,4,-2,63.30,16.37,7.73,108.40,35.44,,66.20,31.62,1,0,66.72,-2.26,-1.65,37.10,31.84
192.67,0,,63.81,34.99,4,-2,64.63,16.16,7.80,108.26,35.16,,66.20,31.64,1,0,65.87,-2.16,-1.61,37.24,31.90
192.79,0,,63.81,35.00,4,-2,62.28,17.64,7.99,109.93,36.45,,66.20,31.65,0,1,66.36,-2.12,-1.62,37.27,31.95
192.88,0,,63.81,35.01,4,-2,64.60,18.44,8.51,111.25,36.73,,66.20,31.67,0,1,66.40,-2.20,-1.64,37.17,31.89
193.00,0,,63.80,35.03,4,-2,63.31,18.08,8.57,110.95,36.31,,66.20,31.68,0,1,65.76,-2.16,-1.60,37.25,31.89
193.09,0,,63.80,35.06,4,-2,63.46,18.79,8.48,111.57,37.11,,66.20,31.69,0,1,65.98,-2.25,-1.61,37.15,31.81
193.18,0,,63.80,35.06,4,-2,63.46,18.79,8.48,111.57,37.11,,66.20,31.71,0,1,66.40,-2.34,-1.65,37.02,31.76
193.30,0,,63.79,35.14,4,-2,64.19,19.51,8.82,112.63,37.49,,66.20,31.72,0,1,66.01,-2.30,-1.61,37.10,31.76
193.39,0,,63.79,35.20,4,-2,64.01,19.40,8.70,112.40,37.50,,66.20,31.73,0,1,66.15,-2.30,-1.57,37.14,31.72
193.51,0,,63.79,35.26,4,-2,65.22,19.07,8.50,111.87,37.37,,66.20,31.74,0,1,66.62,-2.17,-1.61,37.23,31.89
193.60,0,,63.80,35.33,4,-2,65.48,19.96,8.90,113.16,37.86,,66.20,31.75,0,1,66.35,-2.14,-1.61,37.26,31.92
193.69,0,,63.80,35.33,4,-2,65.48,19.96,8.90,113.16,37.86,,66.20,31.76,0,1,66.18,-2.21,-1.62,37.18,31.86
193.78,0,,63.85,35.49,4,-2,65.16,20.68,9.15,114.13,38.33,,66.21,31.77,0,1,66.29,-2.17,-1.67,37.17,31.95
193.87,0,,63.88,35.59,4,-2,67.00,21.02,9.33,114.65,38.49,,66.21,31.78,0,1,66.46,-2.24,-1.63,37.14,31.84
193.99,0,,63.92,35.69,4,-2,65.75,21.32,9.28,114.90,38.84,,66.21,31.78,0,1,66.19,-2.35,-1.61,37.05,31.71
194.08,0,,63.97,35.80,4,-2,66.44,21.45,9.32,115.07,38.93,,66.21,31.79,0,1,66.07,-2.41,-1.64,36.96,31.68
194.17,0,,64.03,35.91,4,-2,66.98,21.20,9.35,114.85,38.65,,66.22,31.80,1,0,66.40,-2.41,-1.64,36.96,31.68
194.29,0,,64.10,36.03,4,-2,66.02,20.19,8.82,113.31,38.17,,66.22,31.80,1,0,66.10,-2.28,-1.61,37.12,31.78
194.38,0,,64.18,36.15,4,-2,65.55,19.13,8.37,111.80,37.56,,66.22,31.81,1,0,66.03,-2.19,-1.64,37.18,31.90
194.50,0,,64.25,36.26,4,-2,66.50,18.33,8.16,110.79,36.97,,66.22,31.81,1,0,66.13,-2.23,-1.64,37.14,31.86
194.59,0,,64.33,36.37,4,-2,66.57,17.67,7.94,109.91,36.53,,66.22,31.81,1,0,66.29,-2.24,-1.60,37.17,31.81
194.68,0,,64.33,36.37,4,-2,66.57,17.67,7.94,109.91,36.53,,66.22,31.82,1,0,65.95,-2.25,-1.66,37.10,31.86
194.77,0,,64.50,36.55,4,-2,64.92,16.17,7.28,107.75,35.69,,66.22,31.82,1,0,66.07,-2.39,-1.70,36.92,31.76
194.89,0,,64.57,36.62,4,-2,66.33,15.94,7.18,107.42,35.56,,66.22,31.82,1,0,66.62,-2.62,-1.71,36.68,31.54
195.01,0,,64.65,36.67,4,-2,64.78,15.58,6.98,106.86,35.40,,66.22,31.82,1,0,66.31,-2.94,-1.73,36.34,31.24
195.07,0,,64.72,36.72,3,-1,65.72,15.45,6.85,106.60,35.40,,66.22,31.82,1,0,66.39,-3.14,-1.79,36.08,31.10
195.19,0,,64.72,36.72,3,-1,65.72,15.45,6.85,106.60,35.40,,66.22,31.81,1,0,67.19,-3.17,-1.92,35.92,31.20
195.28,0,,64.85,36.77,3,-1,66.97,16.26,7.16,107.72,35.90,,66.23,31.80,1,0,66.07,-3.15,-1.97,35.89,31.27
195.37,0,,64.91,36.79,3,-1,65.27,17.30,7.69,109.29,36.41,,66.23,31.79,1,0,66.67,-3.05,-1.84,36.12,31.24
195.49,0,,64.98,36.80,3,-1,65.44,18.53,8.16,110.99,37.17,,66.24,31.78,1,0,66.10,-2.96,-1.68,36.37,31.17
195.58,0,,65.04,36.81,3,-1,65.64,19.02,8.28,111.60,37.54,,66.25,31.76,1,0,66.37,-2.98,-1.59,36.44,31.06
195.67,0,,65.09,36.82,3,-1,66.09,19.28,8.30,111.88,37.78,,66.25,31.74,1,0,66.10,-2.93,-1.62,36.46,31.14
195.79,0,,65.15,36.84,3,-1,63.98,19.12,8.35,111.77,37.57,,66.26,31.72,1,0,66.46,-2.91,-1.63,36.47,31.17
195.88,0,,65.19,36.86,3,-1,65.62,18.68,8.36,111.34,37.12,,66.26,31.70,1,0,66.57,-2.84,-1.53,36.64,31.14
196.00,0,,65.23,36.88,3,-1,66.23,18.43,8.26,110.99,36.97,,66.27,31.68,1,0,66.08,-2.68,-1.51,36.82,31.28
196.09,0,,65.28,36.90,3,-1,66.12,18.42,8.11,110.83,37.11,,66.27,31.66,1,0,66.53,-2.76,-1.53,36.72,31.22
196.18,0,,65.28,36.90,3,-1,66.12,18.42,8.11,110.83,37.11,,66.28,31.64,1,0,65.95,-2.87,-1.55,36.59,31.13
196.27,0,,65.37,36.94,3,-1,66.42,18.25,7.81,110.36,37.24,,66.28,31.61,1,0,65.83,-2.89,-1.56,36.56,31.12
196.39,0,,65.37,36.94,3,-1,66.42,18.25,7.81,110.36,37.24,,66.28,31.59,1,0,66.51,-2.97,-1.57,36.47,31.05
196.53,0,,65.48,36.98,3,-1,66.25,19.48,8.07,111.85,38.21,,66.28,31.56,1,0,65.96,-3.04,-1.66,36.31,31.07
196.57,0,,65.53,37.00,3,-1,66.89,19.81,8.35,112.46,38.26,,66.28,31.54,1,0,65.99,-3.12,-1.64,36.25,30.97
196.69,0,,65.53,37.00,3,-1,66.89,19.81,8.35,112.46,38.26,,66.28,31.51,1,0,65.63,-3.05,-1.54,36.42,30.94
196.78,0,,65.65,37.06,3,-1,67.79,19.57,8.31,112.18,38.06,,66.27,31.49,1,0,65.85,-2.91,-1.50,36.60,31.04
196.87,0,,65.71,37.10,3,-1,67.52,18.05,7.38,109.73,37.47,,66.27,31.46,1,0,66.07,-2.95,-1.49,36.57,30.99
196.99,0,,65.77,37.13,3,-1,66.64,17.31,6.85,108.46,37.26,,66.26,31.44,1,0,65.89,-3.01,-1.49,36.51,30.93
197.08,0,,65.83,37.17,3,0,65.54,16.42,6.52,107.24,36.70,,66.25,31.41,1,0,65.67,-2.95,-1.48,36.58,30.98
197.17,0,,65.89,37.19,3,0,66.77,15.50,6.16,105.96,36.14,,66.24,31.38,1,0,66.57,-2.94,-1.49,36.58,31.00
197.29,0,,65.94,37.21,3,0,64.99,15.31,6.12,105.73,35.99,,66.23,31.36,1,0,65.81,-3.06,-1.49,36.46,30.88
197.38,0,,65.99,37.22,3,0,66.97,16.22,6.60,107.12,36.42,,66.22,31.33,1,0,65.92,-3.07,-1.42,36.52,30.80
197.50,0,,66.03,37.22,3,0,67.46,17.72,7.35,109.37,37.17,,66.21,31.31,1,0,66.00,-2.88,-1.38,36.75,30.95
197.59,0,,66.08,37.22,3,0,66.53,17.68,7.48,109.46,37.00,,66.20,31.28,1,0,65.70,-2.82,-1.40,36.79,31.03
197.68,0,,66.08,37.22,3,0,66.53,17.68,7.48,109.46,37.00,,66.18,31.26,1,0,65.62,-2.93,-1.42,36.66,30.94
197.77,0,,66.17,37.22,3,1,66.66,18.94,8.08,111.32,37.66,,66.17,31.23,1,0,65.66,-2.94,-1.42,36.65,30.93
197.89,0,,66.22,37.22,3,1,67.74,18.64,8.24,111.18,37.20,,66.15,31.21,1,0,65.85,-2.93,-1.41,36.67,30.93
198.01,0,,66.27,37.22,3,1,67.51,18.06,8.07,110.43,36.79,,66.14,31.19,1,0,66.50,-2.99,-1.39,36.63,30.85
198.07,0,,66.32,37.22,3,1,67.81,17.61,7.87,109.78,36.54,,66.13,31.16,1,0,66.10,-2.92,-1.43,36.66,30.96
198.19,0,,66.32,37.22,3,1,67.81,17.61,7.87,109.78,36.54,,66.11,31.14,2,-1,65.69,-2.70,-1.44,36.87,31.19
198.28,0,,66.43,37.20,3,1,67.66,15.83,6.98,107.11,35.65,,66.10,31.13,2,-1,65.75,-2.56,-1.41,37.04,31.30
198.37,0,,66.49,37.18,3,1,67.68,15.16,6.92,106.38,35.04,,66.09,31.11,2,-1,66.30,-2.58,-1.45,36.98,31.32
198.49,0,,66.55,37.15,3,1,67.38,14.18,6.83,105.31,34.15,,66.08,31.10,2,-1,65.72,-2.57,-1.47,36.97,31.35
198.58,0,,66.61,37.11,3,1,67.00,14.49,7.17,105.96,34.12,,66.07,31.09,2,-1,65.87,-2.51,-1.46,37.04,31.40
198.67,0,,66.66,37.05,3,1,66.71,16.29,7.89,108.48,35.20,,66.06,31.08,2,-1,66.31,-2.47,-1.45,37.09,31.43
198.79,0,,66.71,36.99,3,1,68.01,17.40,8.22,109.92,35.98,,66.05,31.08,2,-1,65.97,-2.41,-1.46,37.14,31.50
198.88,0,,66.76,36.93,3,1,67.83,17.67,8.39,110.36,36.08,,66.04,31.07,2,-1,66.00,-2.31,-1.45,37.25,31.59
199.00,0,,66.81,36.87,3,1,67.65,18.13,8.54,110.97,36.39,,66.03,31.08,2,-1,66.45,-2.25,-1.43,37.33,31.63
199.09,0,,66.86,36.81,3,1,67.23,18.46,8.64,111.40,36.62,,66.03,31.08,2,-1,66.23,-2.25,-1.43,37.33,31.63
199.18,0,,66.86,36.81,3,1,67.23,18.46,8.64,111.40,36.62,,66.02,31.09,2,-1,65.94,-2.24,-1.41,37.36,31.62
199.27,0,,66.96,36.72,3,1,67.49,19.44,9.06,112.80,37.18,,66.02,31.10,2,-1,65.59,-2.30,-1.41,37.30,31.56
199.39,0,,67.02,36.68,3,1,67.19,19.70,9.05,113.05,37.45,,66.02,31.11,2,-1,66.20,-2.36,-1.40,37.25,31.49
199.51,0,,67.06,36.65,3,1,68.39,20.24,9.30,113.84,37.74,,66.01,31.12,2,-1,66.19,-2.27,-1.40,37.34,31.58
199.57,0,,67.11,36.63,3,1,68.80,20.14,9.41,113.85,37.53,,66.01,31.14,2,-1,66.51,-2.15,-1.39,37.47,31.69
199.69,0,,67.11,36.63,3,1,68.80,20.14,9.41,113.85,37.53,,66.01,31.15,2,-1,65.90,-2.10,-1.35,37.56,31.70
199.78,0,,67.17,36.62,3,1,69.09,20.29,9.47,114.06,37.62,,66.01,31.17,2,-1,66.21,-2.11,-1.37,37.53,31.71
199.87,0,,67.29,36.62,0,2,68.55,21.67,10.02,115.99,38.45,,66.01,31.19,2,-1,66.02,-2.16,-1.33,37.52,31.62
199.99,0,,67.35,36.63,0,2,69.23,21.92,10.17,116.39,38.55,,66.01,31.21,2,-1,66.20,-2.23,-1.27,37.51,31.49
200.08,0,,67.42,36.65,0,2,69.01,21.81,10.15,116.26,38.46,,66.02,31.22,2,-1,66.16,-2.27,-1.33,37.41,31.51
200.17,0,,67.49,36.68,0,2,68.92,21.83,10.18,116.31,38.45,,66.02,31.24,2,-1,65.83,-2.33,-1.35,37.33,31.47
200.29,0,,67.56,36.72,0,2,70.01,22.10,10.30,116.70,38.60,,66.02,31.26,2,-1,66.29,-2.28,-1.32,37.41,31.49
200.38,0,,67.56,36.72,0,2,70.01,22.10,10.30,116.70,38.60,,66.02,31.28,2,-1,66.14,-2.07,-1.34,37.60,31.72
200.50,0,,67.71,36.82,0,2,69.18,22.71,10.46,117.47,39.05,,66.03,31.30,2,-1,65.89,-2.11,-1.29,37.61,31.63
200.59,0,,67.79,36.88,0,2,70.61,23.07,10.73,118.10,39.14,,66.03,31.31,2,-1,65.61,-2.21,-1.26,37.54,31.50
200.68,0,,67.79,36.88,0,2,70.61,23.07,10.73,118.10,39.14,,66.03,31.33,2,-1,66.10,-2.18,-1.29,37.54,31.56
200.77,0,,67.96,37.02,0,2,69.39,23.01,10.60,117.91,39.21,,66.03,31.35,2,-1,66.94,-2.24,-1.29,37.48,31.50
200.89,0,,68.05,37.10,0,2,69.00,23.48,10.82,118.60,39.46,,66.03,31.36,2,-1,65.96,-2.29,-1.30,37.42,31.46
201.01,0,,68.13,37.18,0,2,71.57,23.95,11.03,119.28,39.72,,66.04,31.38,2,-1,65.70,-2.44,-1.32,37.25,31.33
201.07,0,,68.22,37.27,0,2,69.68,23.88,11.06,119.24,39.62,,66.04,31.39,2,-1,66.07,-2.44,-1.34,37.23,31.35
201.19,0,,68.22,37.27,0,2,69.68,23.88,11.06,119.24,39.62,,66.04,31.40,2,-1,66.07,-2.22,-1.31,37.48,31.54
201.28,0,,68.39,37.46,0,2,69.75,23.39,10.98,118.67,39.21,,66.04,31.41,2,-1,65.79,-2.27,-1.24,37.50,31.42
201.38,0,,68.48,37.56,0,2,69.76,23.49,11.03,118.82,39.26,,66.04,31.42,2,-1,65.83,-2.36,-1.24,37.41,31.33
201.49,0,,68.56,37.65,0,2,69.77,23.02,10.90,118.22,38.92,,66.04,31.43,2,-1,65.78,-2.32,-1.26,37.43,31.39
201.58,0,,68.64,37.74,0,2,70.67,21.98,10.45,116.73,38.33,,66.04,31.44,2,-1,65.35,-2.38,-1.27,37.36,31.34
201.67,0,,68.72,37.83,0,2,68.48,22.70,10.82,117.82,38.68,,66.03,31.44,2,-1,65.89,-2.46,-1.28,37.27,31.27
201.79,0,,68.79,37.91,0,2,67.76,24.11,11.97,120.38,38.94,,66.03,31.45,2,-1,65.57,-2.53,-1.25,37.23,31.17
201.88,0,,68.85,37.99,0,2,69.21,24.65,12.41,121.36,39.04,,66.02,31.45,2,-1,65.45,-2.66,-1.23,37.12,31.02
202.01,0,,68.91,38.07,0,2,69.60,25.10,12.42,121.82,39.48,,66.01,31.45,2,-1,65.58,-2.63,-1.28,37.10,31.10
202.09,0,,68.96,38.15,0,2,70.36,24.85,12.31,121.46,39.34,,66.00,31.44,2,-1,65.78,-2.51,-1.25,37.25,31.19
202.18,0,,68.96,38.15,0,2,70.36,24.85,12.31,121.46,39.34,,65.98,31.44,2,-1,65.40,-2.45,-1.19,37.37,31.19
202.27,0,,69.08,38.30,0,2,70.27,24.72,11.91,120.93,39.61,,65.97,31.44,2,-1,65.55,-2.52,-1.19,37.30,31.12
202.39,0,,69.14,38.38,0,2,69.67,24.68,11.93,120.91,39.55,,65.95,31.43,2,-1,65.96,-2.57,-1.19,37.25,31.07
202.51,0,,69.19,38.45,0,2,69.39,24.57,11.99,120.86,39.38,,65.94,31.42,2,-1,65.92,-2.55,-1.22,37.24,31.12
202.57,0,,69.24,38.52,0,2,68.38,24.44,11.91,120.65,39.33,,65.93,31.41,2,-1,65.60,-2.63,-1.22,37.16,31.04
202.69,0,,69.24,38.52,0,2,68.38,24.44,11.91,120.65,39.33,,65.91,31.40,2,-1,65.26,-2.72,-1.20,37.09,30.93
202.78,0,,69.33,38.66,0,2,69.35,23.57,10.65,118.52,39.72,,65.90,31.39,2,-1,65.90,-2.75,-1.22,37.04,30.92
202.87,0,,69.37,38.72,0,2,69.85,23.07,10.23,117.60,39.64,,65.89,31.38,2,-1,65.47,-2.77,-1.23,37.01,30.91
202.99,0,,69.40,38.79,0,2,68.48,22.61,10.06,116.97,39.35,,65.87,31.36,2,-1,66.12,-2.64,-1.24,37.13,31.05
203.08,0,,69.43,38.85,0,2,68.41,21.71,9.71,115.72,38.80,,65.86,31.35,2,-1,65.37,-2.56,-1.23,37.22,31.12
203.17,0,,69.45,38.90,0,2,69.51,20.90,9.32,114.52,38.38,,65.85,31.33,2,-1,65.91,-2.67,-1.16,37.18,30.94
203.29,0,,69.47,38.95,0,2,68.20,20.45,9.04,113.79,38.21,,65.84,31.32,2,-1,65.95,-2.68,-1.18,37.15,30.95
203.38,0,,69.47,38.98,0,2,69.22,19.95,8.81,113.06,37.94,,65.83,31.30,2,-1,66.02,-2.64,-1.21,37.16,31.02
203.50,0,,69.48,39.01,0,2,67.91,19.36,8.64,112.30,37.52,,65.82,31.28,2,-1,66.05,-2.78,-1.15,37.08,30.82
203.59,0,,69.48,39.02,0,2,68.95,18.81,8.60,111.71,37.01,,65.81,31.27,2,-1,65.85,-2.86,-1.19,36.96,30.78
203.68,0,,69.48,39.02,0,2,68.95,18.81,8.60,111.71,37.01,,65.81,31.25,2,-1,65.82,-2.90,-1.21,36.90,30.76
203.77,0,,69.46,39.01,0,2,66.89,17.40,7.94,109.64,36.26,,65.80,31.23,2,-1,65.80,-2.91,-1.14,36.96,30.68
203.89,0,,69.44,38.98,0,2,67.82,16.87,7.92,109.09,35.75,,65.80,31.21,2,-1,65.76,-2.75,-1.11,37.15,30.81
204.01,0,,69.41,38.94,0,2,67.69,16.08,7.84,108.22,35.04,,65.80,31.19,2,-1,65.53,-2.76,-1.12,37.13,30.81
204.07,0,,69.38,38.88,0,2,68.28,15.62,7.61,107.53,34.81,,65.79,31.17,2,-1,65.89,-2.84,-1.14,37.03,30.75
204.19,0,,69.38,38.88,0,2,68.28,15.62,7.61,107.53,34.81,,65.79,31.15,2,-1,65.89,-2.72,-1.17,37.12,30.90
204.28,0,,69.31,38.70,0,2,68.37,15.70,7.73,107.73,34.77,,65.79,31.13,2,-1,65.96,-2.79,-1.18,37.04,30.84
204.37,0,,69.28,38.60,0,2,67.52,15.62,7.51,107.43,34.91,,65.78,31.11,1,0,65.10,-2.97,-1.12,36.92,30.60
204.49,0,,69.24,38.48,0,2,67.57,16.43,7.84,108.57,35.39,,65.78,31.09,1,0,65.67,-3.02,-1.09,36.90,30.52
204.58,0,,69.19,38.36,0,2,67.95,17.66,8.64,110.60,35.82,,65.77,31.06,1,0,65.79,-2.96,-1.12,36.93,30.61
204.67,0,,69.14,38.23,0,2,67.44,18.33,9.01,111.64,36.12,,65.77,31.04,1,0,65.45,-2.82,-1.15,37.04,30.78
204.79,0,,69.09,38.11,0,2,67.69,18.88,9.17,112.35,36.51,,65.76,31.02,1,0,65.08,-2.74,-1.13,37.14,30.84
204.88,0,,69.04,37.99,0,2,67.74,19.61,9.45,113.36,36.96,,65.75,31.00,1,0,65.48,-2.79,-1.07,37.15,30.73
205.00,0,,68.98,37.88,0,2,67.12,19.95,9.53,113.78,37.22,,65.74,30.98,1,0,65.50,-2.83,-1.05,37.13,30.67
205.09,0,,68.92,37.77,0,2,67.37,20.13,9.59,114.02,37.34,,65.73,30.96,1,0,65.56,-2.85,-1.04,37.12,30.64
205.18,0,,68.92,37.77,0,2,67.37,20.13,9.59,114.02,37.34,,65.72,30.94,1,0,66.19,-2.90,-1.07,37.04,30.62
205.27,0,,68.78,37.59,0,2,66.76,21.25,9.82,115.37,38.23,,65.72,30.92,1,0,65.26,-2.90,-1.14,36.97,30.69
205.39,0,,68.71,37.51,0,2,67.74,21.81,10.03,116.14,38.58,,65.71,30.90,1,0,65.31,-2.96,-1.11,36.94,30.60
205.51,0,,68.64,37.45,0,2,68.77,22.31,10.11,116.72,39.00,,65.70,30.89,1,0,66.02,-2.96,-1.11,36.94,30.60
205.57,0,,68.58,37.41,0,2,68.49,22.56,10.11,116.97,39.25,,65.69,30.87,1,0,65.39,-2.81,-1.11,37.09,30.75
205.69,0,,68.58,37.41,0,2,68.49,22.56,10.11,116.97,39.25,,65.68,30.85,1,0,65.98,-2.81,-1.01,37.19,30.65
205.78,0,,68.46,37.37,0,2,67.89,23.10,10.39,117.79,39.51,,65.68,30.83,1,0,66.14,-2.83,-1.04,37.14,30.66
205.87,0,,68.41,37.37,0,2,67.66,23.20,10.52,118.02,39.48,,65.67,30.82,1,0,65.37,-2.99,-1.07,36.95,30.53
205.99,0,,68.36,37.38,0,2,68.59,23.72,10.63,118.65,39.89,,65.67,30.80,1,0,65.03,-3.47,-0.99,36.55,29.97
206.08,0,,68.32,37.40,0,2,69.08,24.14,10.73,119.17,40.21,,65.66,30.78,1,0,66.01,-3.51,-1.02,36.48,29.96
206.17,0,,68.29,37.44,0,2,70.46,24.24,10.79,119.33,40.25,,65.66,30.76,1,0,65.40,-3.84,-1.15,36.02,29.76
206.29,0,,68.26,37.50,0,2,68.76,24.27,10.73,119.30,40.34,,65.65,30.73,1,0,65.12,-5.14,-1.34,34.53,28.65
206.38,0,,68.25,37.56,0,2,68.70,23.92,10.53,118.75,40.19,,65.65,30.70,1,0,65.32,-5.55,-1.46,34.00,28.36
206.50,0,,68.24,37.63,0,2,67.26,23.94,10.56,118.80,40.18,,65.64,30.65,1,0,65.75,-5.04,-1.30,34.67,28.71
206.59,0,,68.23,37.71,0,2,68.48,24.24,10.78,119.32,40.26,,65.63,30.60,1,0,65.19,-4.77,-1.08,35.16,28.76
206.68,0,,68.23,37.71,0,2,68.48,24.24,10.78,119.32,40.26,,65.62,30.55,1,0,64.78,-4.37,-0.91,35.73,28.99
206.77,0,,68.21,37.88,3,1,68.41,24.46,10.90,119.66,40.36,,65.61,30.49,1,0,65.44,-4.19,-0.78,36.04,29.04
206.89,0,,68.20,37.98,3,1,69.35,24.80,11.21,120.31,40.39,,65.60,30.42,1,0,65.64,-4.18,-0.86,35.97,29.13
207.04,0,,68.21,38.08,3,1,68.61,24.35,11.07,119.72,40.08,,65.58,30.36,1,0,65.14,-4.05,-0.87,36.09,29.27
207.07,0,,68.21,38.18,3,1,69.55,23.83,10.64,118.77,39.99,,65.57,30.30,1,0,65.68,-4.16,-0.73,36.12,29.02
207.19,0,,68.21,38.18,3,1,69.55,23.83,10.64,118.77,39.99,,65.56,30.23,1,0,65.27,-4.13,-0.76,36.12,29.08
207.28,0,,68.24,38.38,3,1,68.17,23.43,10.49,118.22,39.74,,65.55,30.17,1,0,64.85,-4.12,-0.73,36.16,29.06
207.40,0,,68.25,38.48,3,1,68.05,22.52,10.13,116.95,39.19,,65.54,30.11,1,0,65.35,-4.26,-0.67,36.08,28.86
207.49,0,,68.26,38.57,3,1,68.18,22.08,9.82,116.20,39.06,,65.52,30.04,1,0,65.27,-4.34,-0.70,35.97,28.81
207.58,0,,68.27,38.66,3,1,68.20,21.42,9.53,115.25,38.69,,65.51,29.98,1,0,65.19,-4.37,-0.72,35.92,28.80
207.67,0,,68.28,38.73,3,1,68.09,20.65,9.19,114.14,38.26,,65.49,29.91,1,0,64.43,-4.35,-0.74,35.92,28.84
207.79,0,,68.29,38.80,3,1,68.90,20.09,8.88,113.27,38.01,,65.47,29.85,1,0,64.32,-4.43,-0.73,35.85,28.75
207.88,0,,68.29,38.85,3,1,67.79,20.57,8.99,113.86,38.38,,65.45,29.78,1,0,64.95,-4.39,-0.74,35.88,28.80
208.00,0,,68.30,38.90,3,1,67.61,21.57,9.63,115.50,38.74,,65.43,29.72,1,0,65.19,-4.25,-0.75,36.01,28.95
208.09,0,,68.30,38.90,3,1,67.61,21.57,9.63,115.50,38.74,,65.40,29.66,1,0,64.82,-4.81,-0.87,35.33,28.51
208.18,0,,68.30,38.94,3,1,69.60,22.01,9.94,116.25,38.87,,65.38,29.60,1,0,65.62,-5.94,-1.38,33.69,27.89
208.27,0,,68.32,39.01,3,1,69.16,23.54,10.33,118.17,40.01,,65.36,29.53,1,0,65.14,-6.56,-2.04,32.41,27.93
208.39,0,,68.32,39.01,3,1,69.16,23.54,10.33,118.17,40.01,,65.34,29.47,1,0,66.83,-6.96,-3.36,30.69,28.85
208.51,0,,68.34,39.09,3,1,67.21,23.91,10.54,118.75,40.17,,65.34,29.41,1,0,67.26,-6.63,-4.94,29.44,30.76
208.57,0,,68.35,39.13,3,1,67.97,23.87,10.58,118.75,40.09,,65.34,29.36,1,0,67.84,-5.01,-5.12,30.88,32.56
208.69,0,,68.35,39.13,3,1,67.97,23.87,10.58,118.75,40.09,,65.36,29.33,1,0,68.85,-3.95,-4.74,32.32,33.24
208.78,0,,68.35,39.17,3,1,67.32,23.27,10.25,117.82,39.82,,65.40,29.34,1,0,69.50,-3.18,-4.66,33.17,33.93
208.87,0,,68.35,39.25,3,1,68.62,23.22,9.86,117.38,40.16,,65.45,29.36,1,0,69.02,-2.25,-4.19,34.57,34.39
208.99,0,,68.35,39.30,3,1,67.93,22.51,9.62,116.43,39.69,,65.52,29.41,1,0,68.26,-2.53,-4.35,34.13,34.27
209.08,0,,68.34,39.34,3,1,67.21,21.78,9.36,115.44,39.22,,65.60,29.49,1,0,67.40,-3.54,-4.65,32.82,33.56
209.17,0,,68.34,39.37,3,1,68.29,21.16,9.15,114.61,38.81,,65.68,29.58,1,0,68.64,-4.56,-4.86,31.59,32.75
209.29,0,,68.33,39.40,3,1,68.38,20.78,9.11,114.19,38.47,,65.78,29.68,1,0,69.25,-4.48,-5.35,31.18,33.32
209.38,0,,68.32,39.42,3,1,67.98,20.16,8.95,113.41,38.01,,65.88,29.79,1,0,69.70,-3.34,-4.71,32.96,33.82
209.51,0,,68.32,39.43,3,1,69.13,19.54,8.54,112.38,37.80,,65.99,29.92,1,0,69.46,-2.54,-4.16,34.31,34.07
209.59,0,,68.31,39.43,3,1,67.74,19.04,8.40,111.74,37.44,,66.11,30.05,1,0,69.65,-2.72,-4.44,33.85,34.17
209.68,0,,68.31,39.43,3,1,67.74,19.04,8.40,111.74,37.44,,66.24,30.19,1,0,69.54,-3.44,-4.28,33.29,33.29
209.77,0,,68.30,39.39,3,1,68.17,17.67,8.00,109.97,36.47,,66.37,30.34,1,0,69.54,-3.54,-3.75,33.72,32.66
209.89,0,,68.29,39.35,3,0,67.61,16.66,7.60,108.56,35.86,,66.51,30.49,1,0,69.16,-3.36,-2.92,34.73,32.01
210.01,0,,68.28,39.29,3,0,67.83,16.29,7.18,107.77,35.91,,66.65,30.62,1,0,68.86,-4.11,-3.31,33.59,31.65
210.07,0,,68.26,39.22,3,-1,67.44,16.47,7.08,107.85,36.19,,66.79,30.75,1,0,68.94,-5.23,-4.90,30.88,32.12
210.19,0,,68.26,39.22,3,-1,67.44,16.47,7.08,107.85,36.19,,66.93,30.88,1,0,69.16,-5.96,-5.67,29.38,32.16
210.28,0,,68.23,39.05,3,-1,67.39,16.49,7.19,107.98,36.10,,67.06,31.00,1,0,68.94,-7.02,-6.08,27.91,31.51
210.37,0,,68.21,38.96,3,-1,68.31,16.86,7.50,108.66,36.16,,67.19,31.11,1,0,68.93,-7.74,-6.35,26.92,31.06
210.49,0,,68.19,38.85,3,-1,67.90,17.67,7.87,109.84,36.60,,67.32,31.20,1,0,69.06,-6.87,-5.57,28.57,31.15
210.58,0,,68.17,38.75,3,-1,68.29,18.97,8.41,111.68,37.36,,67.45,31.29,1,0,68.28,-5.77,-4.27,30.97,30.95
210.67,0,,68.16,38.65,3,-1,67.78,19.81,8.76,112.87,37.85,,67.56,31.37,1,0,68.78,-5.53,-3.63,31.85,30.55
210.79,0,,68.14,38.55,3,-1,68.08,20.54,9.03,113.87,38.31,,67.67,31.43,1,0,68.36,-5.78,-3.52,31.71,30.19
210.88,0,,68.13,38.46,3,-1,69.16,20.62,9.00,113.92,38.42,,67.78,31.48,1,0,68.87,-6.02,-3.44,31.55,29.87
211.00,0,,68.12,38.38,3,-1,69.76,20.46,8.56,113.32,38.70,,67.88,31.51,1,0,68.73,-6.01,-3.53,31.47,29.97
211.09,0,,68.12,38.31,3,-1,70.31,21.26,8.63,114.19,39.43,,67.97,31.54,1,0,68.59,-5.98,-3.43,31.60,29.90
211.18,0,,68.12,38.31,3,-1,70.31,21.26,8.63,114.19,39.43,,68.06,31.55,1,0,68.25,-5.69,-3.04,32.28,29.80
211.27,0,,68.16,38.22,3,-1,69.16,21.46,8.86,114.62,39.40,,68.14,31.55,1,0,68.46,-5.08,-2.71,33.22,30.08
211.39,0,,68.19,38.19,3,-1,70.33,21.75,9.20,115.25,39.35,,68.21,31.54,1,0,68.35,-5.07,-2.56,33.38,29.94
211.54,0,,68.23,38.17,3,-1,70.29,22.36,9.36,116.02,39.80,,68.28,31.52,1,0,67.77,-5.76,-2.82,32.43,29.51
211.57,0,,68.27,38.16,3,-1,68.27,24.04,10.23,118.57,40.61,,68.33,31.49,1,0,68.66,-6.09,-3.10,31.82,29.46
211.69,0,,68.27,38.16,3,-1,68.27,24.04,10.23,118.57,40.61,,68.39,31.45,1,0,68.04,-5.94,-3.02,32.05,29.53
211.78,0,,68.35,38.18,3,-1,67.64,24.65,11.28,120.23,40.17,,68.43,31.41,1,0,68.07,-5.77,-2.81,32.43,29.49
211.87,0,,68.38,38.21,3,-1,67.48,24.88,11.38,120.56,40.30,,68.47,31.36,1,0,67.94,-5.54,-2.56,32.91,29.47
211.99,0,,68.40,38.25,3,-1,67.12,25.08,11.45,120.83,40.43,,68.50,31.30,1,0,67.99,-5.63,-2.45,32.93,29.27
212.08,0,,68.40,38.25,3,-1,67.12,25.08,11.45,120.83,40.43,,68.52,31.24,1,0,68.07,-6.03,-2.54,32.44,28.96
212.17,0,,68.42,38.35,3,-1,70.09,25.46,11.25,121.01,41.01,,68.54,31.17,1,0,67.47,-6.14,-2.58,32.29,28.89
212.32,0,,68.43,38.42,3,-1,68.14,25.62,11.47,121.39,40.95,,68.55,31.09,1,0,67.64,-6.11,-2.58,32.32,28.92
212.38,0,,68.45,38.49,3,-1,67.77,25.64,11.44,121.38,41.00,,68.56,31.01,1,0,68.27,-6.08,-2.52,32.41,28.89
212.50,0,,68.46,38.57,3,-1,70.47,25.96,11.35,121.61,41.41,,68.56,30.93,1,0,67.95,-5.89,-2.25,32.87,28.81
212.62,0,,68.47,38.66,3,-1,69.39,26.40,11.53,122.23,41.67,,68.56,30.84,1,0,68.06,-5.78,-2.05,33.18,28.72
212.68,0,,68.47,38.66,3,-1,69.39,26.40,11.53,122.23,41.67,,68.55,30.75,0,1,67.92,-6.00,-2.09,32.92,28.54
212.77,0,,68.53,38.86,3,-1,69.94,26.84,11.53,122.67,42.11,,68.55,30.66,0,1,67.89,-6.35,-2.09,32.57,28.19
212.89,0,,68.53,38.86,3,-1,69.94,26.84,11.53,122.67,42.11,,68.54,30.56,0,1,67.08,-6.52,-2.12,32.37,28.05
213.01,0,,68.60,39.10,3,-1,68.50,27.91,11.79,124.00,42.92,,68.52,30.46,0,1,67.45,-6.53,-2.13,32.35,28.05
213.07,0,,68.64,39.23,3,-1,69.86,28.49,12.19,124.98,43.10,,68.50,30.35,0,2,67.69,-6.55,-2.08,32.38,27.98
213.19,0,,68.64,39.23,3,-1,69.86,28.49,12.19,124.98,43.10,,68.47,30.24,0,2,67.63,-6.44,-1.97,32.60,27.98
213.28,0,,68.72,39.51,3,-1,69.02,28.04,12.57,124.91,42.27,,68.44,30.13,0,2,67.16,-6.20,-1.76,33.05,28.01
213.37,0,,68.77,39.65,3,-1,70.56,28.21,12.35,124.86,42.66,,68.41,30.02,0,2,67.51,-6.05,-1.63,33.33,28.03
213.49,0,,68.82,39.80,3,-1,71.28,27.91,12.28,124.49,42.43,,68.38,29.91,0,2,67.17,-6.11,-1.56,33.34,27.90
213.58,0,,68.87,39.94,3,-1,71.62,26.79,11.25,122.34,42.34,,68.34,29.79,0,2,66.71,-6.34,-1.51,33.16,27.62
213.67,0,,68.94,40.08,3,-1,72.39,25.58,10.27,120.15,42.11,,68.30,29.68,0,2,67.28,-6.28,-1.54,33.19,27.71
213.79,0,,69.02,40.22,3,-1,71.10,25.30,10.21,119.81,41.89,,68.26,29.57,0,2,67.22,-6.08,-1.53,33.40,27.90
213.88,0,,69.02,40.22,3,-1,71.10,25.30,10.21,119.81,41.89,,68.21,29.46,0,2,67.33,-6.28,-1.61,33.12,27.78
214.01,0,,69.19,40.49,3,-1,72.03,25.83,10.61,120.74,42.02,,68.16,29.35,0,2,67.50,-6.43,-1.91,32.67,27.93
214.09,0,,69.28,40.62,3,-1,70.87,25.09,10.56,119.95,41.33,,68.12,29.25,0,2,67.67,-6.45,-2.29,32.27,28.29
214.18,0,,69.28,40.62,3,-1,70.87,25.09,10.56,119.95,41.33,,68.08,29.15,0,2,67.47,-6.73,-2.64,31.64,28.36
214.27,0,,69.46,40.84,3,0,70.66,22.93,10.26,117.49,39.47,,68.03,29.05,0,2,67.69,-6.62,-2.77,31.62,28.60
214.39,0,,69.54,40.92,3,0,69.65,21.78,10.23,116.31,38.35,,68.00,28.97,0,2,68.04,-5.91,-2.57,32.53,29.11
214.51,0,,69.62,40.98,3,0,69.72,20.68,9.94,114.92,37.54,,67.96,28.89,0,2,67.21,-5.52,-2.05,33.44,28.98
214.60,0,,69.69,41.01,3,0,69.57,20.14,9.59,114.03,37.35,,67.92,28.82,0,2,67.23,-5.38,-1.45,34.18,28.52
214.69,0,,69.69,41.01,3,0,69.57,20.14,9.59,114.03,37.35,,67.89,28.76,0,2,66.92,-4.99,-1.19,34.83,28.65
214.82,0,,69.75,41.02,3,0,69.28,19.53,9.71,113.54,36.62,,67.85,28.70,0,2,67.08,-4.81,-0.98,35.22,28.62
214.87,0,,69.85,40.96,3,1,70.26,18.28,8.73,111.31,36.35,,67.81,28.65,0,2,67.07,-4.78,-0.57,35.66,28.24
214.99,0,,69.90,40.89,3,1,70.22,17.74,8.65,110.69,35.89,,67.77,28.60,0,2,66.79,-4.53,-0.29,36.19,28.21
215.11,0,,69.94,40.80,3,1,70.77,16.96,8.01,109.27,35.75,,67.73,28.55,0,2,66.63,-4.30,-0.10,36.61,28.25
215.17,0,,69.99,40.69,3,1,71.21,18.56,8.04,110.90,37.32,,67.69,28.51,0,2,66.80,-4.27,0.09,36.83,28.09
215.29,0,,69.99,40.69,3,1,71.21,18.56,8.04,110.90,37.32,,67.65,28.47,0,2,66.46,-4.24,0.20,36.97,28.01
215.38,0,,70.08,40.46,3,1,70.45,19.92,9.22,113.44,37.50,,67.60,28.43,0,1,66.75,-4.14,0.36,37.23,27.95
215.50,0,,70.12,40.33,3,1,68.57,18.52,8.56,111.38,36.76,,67.55,28.39,0,1,66.33,-4.28,0.49,37.22,27.68
215.59,0,,70.15,40.20,3,1,68.47,18.93,9.00,112.23,36.73,,67.51,28.35,0,1,66.64,-4.43,0.53,37.11,27.49
215.68,0,,70.15,40.20,3,1,68.47,18.93,9.00,112.23,36.73,,67.46,28.32,0,1,66.58,-4.44,0.61,37.18,27.40
215.77,0,,70.17,39.91,3,1,68.91,14.64,8.23,107.17,33.21,,67.41,28.27,0,1,66.86,-4.64,0.62,36.99,27.19
215.89,0,,70.16,39.74,3,1,67.36,17.16,8.16,109.62,35.80,,67.36,28.23,0,1,66.39,-4.78,0.63,36.86,27.04
216.01,0,,70.14,39.56,3,1,70.94,24.49,10.73,119.52,40.56,,67.32,28.19,0,1,66.40,-4.83,0.70,36.88,26.92
216.07,0,,70.12,39.41,3,1,67.97,24.05,11.80,120.15,39.05,,67.27,28.14,0,1,66.86,-4.87,0.78,36.92,26.80
216.19,0,,70.12,39.41,3,1,67.97,24.05,11.80,120.15,39.05,,67.22,28.09,0,1,65.34,-4.83,0.93,37.11,26.69
216.28,0,,70.07,39.13,3,1,68.38,25.26,11.98,121.54,40.08,,67.17,28.04,0,1,65.46,-4.91,1.10,37.20,26.44
216.37,0,,70.04,39.02,3,1,70.15,26.17,12.21,122.68,40.76,,67.12,27.98,0,1,66.10,-4.99,1.15,37.17,26.31
216.52,0,,70.02,38.93,3,1,70.63,26.33,12.36,122.99,40.77,,67.06,27.92,0,1,65.92,-4.97,1.21,37.25,26.27
216.61,0,,69.99,38.86,3,1,66.82,27.09,12.68,124.07,41.21,,67.00,27.85,0,1,66.53,-4.88,1.29,37.42,26.28
216.67,0,,69.95,38.80,3,1,69.02,27.38,13.84,125.52,40.34,,66.95,27.79,0,1,65.72,-4.79,1.36,37.58,26.30
216.79,0,,69.95,38.80,3,1,69.02,27.38,13.84,125.52,40.34,,66.89,27.72,0,1,65.46,-4.98,1.56,37.59,25.91
216.88,0,,69.91,38.76,3,1,67.88,26.11,15.03,125.44,37.88,,66.84,27.65,0,1,65.65,-5.16,1.80,37.65,25.49
217.00,0,,69.82,38.67,3,1,69.31,22.54,13.99,120.83,35.35,,66.78,27.57,0,1,65.36,-5.14,1.85,37.72,25.46
217.09,0,,69.76,38.61,3,1,67.29,26.53,15.40,126.23,37.93,,66.72,27.49,0,1,65.26,-5.19,1.92,37.74,25.34
217.18,0,,69.76,38.61,3,1,67.29,26.53,15.40,126.23,37.93,,66.66,27.40,0,1,65.28,-5.13,2.09,37.97,25.23
217.27,0,,69.64,38.48,3,1,67.38,25.34,15.01,124.65,37.13,,66.59,27.31,0,1,65.62,-4.80,2.15,38.36,25.50
217.39,0,,69.58,38.42,3,1,69.02,24.68,14.48,123.46,37.00,,66.53,27.22,0,1,65.26,-4.51,2.22,38.72,25.72
217.51,0,,69.52,38.36,3,1,70.18,24.07,14.02,122.39,36.85,,66.47,27.14,0,1,66.20,-4.45,2.26,38.82,25.74
217.57,0,,69.47,38.29,3,1,70.20,24.37,14.13,122.80,37.04,,66.41,27.05,0,1,65.73,-4.50,2.27,38.78,25.68
217.69,0,,69.47,38.29,3,1,70.20,24.37,14.13,122.80,37.04,,66.35,26.96,0,1,65.29,-4.56,2.36,38.81,25.53
217.78,0,,69.41,38.16,3,1,71.35,22.28,13.72,120.30,35.36,,66.29,26.87,0,1,64.91,-4.62,2.41,38.80,25.42
217.87,0,,69.39,38.08,3,1,69.26,21.47,13.04,118.81,35.23,,66.23,26.79,0,1,65.38,-4.71,2.50,38.80,25.24
217.99,0,,69.38,37.99,3,1,71.08,20.46,12.63,117.39,34.63,,66.18,26.70,0,1,66.24,-4.68,2.61,38.94,25.16
218.08,0,,69.38,37.89,3,1,70.42,20.28,12.19,116.77,34.89,,66.12,26.62,1,0,65.03,-4.50,2.67,39.18,25.28
218.17,0,,69.39,37.78,3,1,69.45,20.85,12.56,117.71,35.09,,66.07,26.53,1,0,65.37,-4.47,2.78,39.32,25.20
218.29,0,,69.40,37.67,3,1,72.15,20.77,12.97,118.04,34.60,,66.02,26.45,1,0,64.62,-4.51,2.82,39.32,25.12
218.38,0,,69.42,37.56,3,1,71.87,20.37,12.65,117.32,34.52,,65.97,26.37,1,0,65.13,-4.54,2.81,39.28,25.10
218.50,0,,69.45,37.43,3,1,71.62,20.11,12.41,116.82,34.50,,65.92,26.28,1,0,65.66,-4.64,2.83,39.20,24.98
218.59,0,,69.49,37.31,3,1,70.36,19.68,12.41,116.39,34.07,,65.87,26.20,1,0,65.41,-4.78,2.76,38.99,24.91
218.68,0,,69.49,37.31,3,1,70.36,19.68,12.41,116.39,34.07,,65.82,26.12,1,0,64.94,-4.88,2.79,38.92,24.78
218.77,0,,69.60,37.04,3,1,73.69,19.08,11.88,115.26,34.00,,65.77,26.04,1,0,64.95,-4.94,2.86,38.93,24.65
218.89,0,,69.67,36.89,3,1,73.46,19.50,12.10,115.90,34.20,,65.73,25.97,1,0,65.63,-5.04,2.63,38.60,24.78
219.01,0,,69.76,36.75,3,1,74.71,18.67,11.74,114.71,33.73,,65.69,25.89,1,0,66.42,-5.25,1.71,37.47,25.49
219.07,0,,69.76,36.75,3,1,74.71,18.67,11.74,114.71,33.73,,65.65,25.82,1,0,66.41,-5.67,0.64,35.98,26.14
219.19,0,,69.86,36.60,3,1,72.00,17.77,10.97,113.04,33.60,,65.63,25.76,1,0,66.05,-5.96,0.60,35.65,25.89
219.28,0,,70.08,36.31,3,1,71.14,19.77,11.07,115.14,35.50,,65.61,25.70,1,0,66.38,-6.08,0.69,35.62,25.68
219.37,0,,70.18,36.18,3,1,72.22,20.80,11.90,117.00,35.70,,65.59,25.65,1,0,66.46,-6.19,0.26,35.08,26.00
219.49,0,,70.29,36.05,3,1,72.44,19.68,11.84,115.82,34.64,,65.59,25.61,1,0,66.59,-5.94,0.23,35.30,26.28
219.58,0,,70.40,35.94,3,1,72.21,20.06,11.90,116.26,34.96,,65.58,25.58,1,0,66.50,-5.88,0.15,35.28,26.42
219.67,0,,70.51,35.82,3,1,72.49,20.57,12.38,117.25,34.99,,65.59,25.55,1,0,66.14,-6.27,0.21,34.95,25.97
219.79,0,,70.61,35.72,3,1,72.08,19.16,11.72,115.18,34.24,,65.60,25.53,1,0,65.27,-6.29,1.02,35.74,25.14
219.89,0,,70.72,35.61,3,1,73.43,18.53,10.84,113.67,34.49,,65.60,25.51,1,0,65.21,-6.05,1.76,36.72,24.64
220.00,0,,70.83,35.52,3,1,72.38,18.45,10.65,113.40,34.60,,65.60,25.48,1,0,64.51,-6.08,2.00,36.93,24.37
220.09,0,,70.94,35.42,3,1,74.08,18.30,10.61,113.21,34.49,,65.60,25.46,1,0,64.87,-6.23,2.07,36.85,24.15
220.18,0,,70.94,35.42,3,1,74.08,18.30,10.61,113.21,34.49,,65.59,25.42,1,0,65.17,-6.03,2.19,37.17,24.23
220.27,0,,71.16,35.25,3,1,72.45,17.59,10.97,112.86,33.42,,65.58,25.39,1,0,64.81,-6.02,2.25,37.24,24.18
220.39,0,,71.27,35.16,3,1,73.49,16.88,10.38,111.56,33.30,,65.57,25.35,1,0,65.45,-6.22,2.27,37.06,23.96
220.51,0,,71.37,35.07,3,1,72.51,17.92,10.26,112.48,34.46,,65.55,25.31,4,-2,64.55,-6.00,2.50,37.51,23.95
220.57,0,,71.47,34.99,3,1,72.02,19.52,11.11,114.93,35.21,,65.54,25.26,4,-2,65.46,-5.99,2.66,37.68,23.80
220.69,0,,71.47,34.99,3,1,72.02,19.52,11.11,114.93,35.21,,65.52,25.21,4,-2,64.72,-6.17,2.57,37.41,23.71
220.78,0,,71.67,34.85,3,1,73.79,18.97,11.62,114.89,34.15,,65.50,25.15,4,-2,65.17,-5.98,2.49,37.52,23.98
220.87,0,,71.77,34.78,3,1,74.41,17.50,10.91,112.71,33.39,,65.48,25.10,4,-2,65.49,-5.55,2.36,37.82,24.54
220.99,0,,71.88,34.72,3,1,74.24,16.16,10.08,110.54,32.88,,65.47,25.05,4,-2,64.95,-5.27,2.30,38.04,24.88
221.08,0,,71.98,34.65,3,1,74.84,14.86,9.12,108.28,32.54,,65.45,25.00,4,-2,65.01,-5.42,2.49,38.08,24.54
221.17,0,,72.10,34.58,3,1,73.69,13.75,8.16,106.21,32.39,,65.43,24.95,4,-2,65.17,-5.36,2.61,38.26,24.48
221.29,0,,72.21,34.50,3,1,75.21,15.57,9.20,109.07,33.17,,65.41,24.91,4,-2,65.32,-5.43,2.61,38.19,24.41
221.38,0,,72.32,34.42,3,1,72.90,18.47,11.08,113.85,34.19,,65.40,24.87,4,-2,65.43,-5.83,2.63,37.81,23.99
221.53,0,,72.43,34.35,0,2,74.14,18.74,11.16,114.20,34.38,,65.38,24.82,4,-2,64.95,-5.80,2.68,37.89,23.97
221.59,0,,72.54,34.29,0,2,71.99,18.90,11.58,114.78,34.12,,65.36,24.78,4,-2,65.57,-5.77,2.74,37.98,23.94
221.74,0,,72.63,34.23,0,2,75.07,18.86,12.02,115.18,33.64,,65.35,24.74,4,-2,64.52,-5.92,2.97,38.06,23.56
221.80,0,,72.73,34.17,0,2,74.58,18.05,11.31,113.66,33.54,,65.33,24.69,4,-2,64.75,-5.89,3.42,38.54,23.14
221.89,0,,72.83,34.12,0,2,73.83,18.09,11.25,113.64,33.64,,65.32,24.64,4,-2,64.24,-5.86,3.47,38.62,23.12
222.01,0,,72.92,34.07,0,2,75.42,18.22,11.23,113.75,33.79,,65.29,24.59,4,-2,64.08,-5.85,3.27,38.43,23.33
222.07,0,,73.02,34.02,0,2,75.06,17.81,10.87,112.98,33.74,,65.27,24.53,4,-2,64.12,-5.76,3.28,38.53,23.41
222.19,0,,73.02,34.02,0,2,75.06,17.81,10.87,112.98,33.74,,65.23,24.48,4,-2,64.25,-5.72,3.51,38.80,23.22
222.28,0,,73.22,33.94,0,2,76.63,17.59,10.83,112.72,33.56,,65.20,24.42,4,-2,64.32,-5.61,3.76,39.16,23.08
222.37,0,,73.33,33.90,0,2,75.82,17.25,10.45,112.00,33.60,,65.17,24.36,4,-2,63.81,-5.55,3.65,39.11,23.25
222.49,0,,73.45,33.86,0,2,75.62,17.60,10.69,112.59,33.71,,65.13,24.30,4,-2,63.51,-5.61,3.61,39.01,23.23
222.58,0,,73.56,33.83,0,2,76.01,19.38,11.58,115.26,34.60,,65.08,24.24,4,-2,64.31,-5.53,3.69,39.17,23.23
222.67,0,,73.68,33.80,0,2,75.02,20.47,12.24,117.01,35.03,,65.04,24.18,4,-2,64.26,-5.53,3.53,39.01,23.39
222.82,0,,73.79,33.78,0,2,76.12,19.26,12.19,115.75,33.87,,64.99,24.12,4,-2,64.56,-5.71,3.48,38.78,23.26
222.91,0,,73.90,33.77,0,2,76.77,16.84,11.05,112.19,32.59,,64.95,24.06,4,-2,63.64,-5.74,3.55,38.82,23.16
223.00,0,,74.02,33.75,0,2,76.45,15.83,9.96,110.09,32.67,,64.91,24.01,4,-2,63.69,-5.56,3.63,39.08,23.26
223.09,0,,74.14,33.72,0,2,75.57,16.87,10.15,111.32,33.52,,64.86,23.95,4,-2,63.92,-5.41,3.65,39.25,23.39
223.18,0,,74.14,33.72,0,2,75.57,16.87,10.15,111.32,33.52,,64.81,23.90,4,-2,63.58,-5.51,3.63,39.13,23.31
223.27,0,,74.38,33.68,0,2,76.93,17.63,11.18,113.11,33.25,,64.76,23.85,4,-2,64.15,-5.59,3.72,39.14,23.14
223.39,0,,74.49,33.66,0,2,75.86,15.89,10.45,110.64,32.24,,64.71,23.80,4,-2,64.77,-5.60,3.79,39.20,23.06
223.51,0,,74.61,33.63,0,2,76.81,15.06,9.63,108.99,32.23,,64.67,23.75,4,-2,64.00,-5.97,3.79,38.83,22.69
223.57,0,,74.73,33.60,0,2,77.69,15.61,9.55,109.46,32.86,,64.63,23.70,4,-2,64.11,-6.49,3.77,38.29,22.19
223.69,0,,74.73,33.60,0,2,77.69,15.61,9.55,109.46,32.86,,64.58,23.65,4,-2,64.06,-6.52,3.74,38.23,22.19
223.78,0,,74.96,33.54,0,2,76.04,17.38,10.63,112.31,33.55,,64.54,23.59,4,-2,64.09,-6.26,3.84,38.59,22.35
223.87,0,,75.07,33.51,0,2,76.60,16.82,10.71,111.83,32.91,,64.51,23.54,4,-2,63.84,-6.15,4.05,38.91,22.25
223.99,0,,75.18,33.48,0,2,77.29,14.03,9.49,107.82,31.34,,64.47,23.48,4,-2,63.38,-5.95,4.16,39.22,22.34
224.08,0,,75.29,33.44,0,2,77.63,13.32,8.73,106.35,31.39,,64.43,23.42,4,-2,63.47,-5.88,4.22,39.35,22.35
224.17,0,,75.40,33.40,0,2,76.21,14.16,8.94,107.40,32.02,,64.38,23.36,4,-2,63.20,-6.01,4.32,39.32,22.12
224.29,0,,75.50,33.35,0,2,77.20,13.20,8.65,106.15,31.35,,64.34,23.30,4,-2,64.11,-5.96,4.40,39.45,22.09
224.38,0,,75.61,33.29,0,2,77.95,12.49,8.19,104.98,31.10,,64.30,23.24,4,-2,63.82,-5.78,4.46,39.69,22.21
224.50,0,,75.71,33.23,0,2,77.48,11.88,7.77,103.95,30.91,,64.26,23.18,4,-2,63.42,-5.72,4.56,39.85,22.17
224.59,0,,75.82,33.16,0,2,77.68,10.81,7.16,102.27,30.45,,64.22,23.12,4,-2,64.13,-5.77,4.58,39.82,22.10
224.68,0,,75.82,33.16,0,2,77.68,10.81,7.16,102.27,30.45,,64.18,23.06,4,-2,63.62,-5.78,4.51,39.74,22.16
224.77,0,,76.03,33.01,0,2,76.19,15.28,9.05,108.63,33.03,,64.15,23.00,4,-2,64.52,-5.85,4.52,39.68,22.08
224.89,0,,76.13,32.94,0,2,76.57,18.07,10.30,112.67,34.57,,64.12,22.94,4,-2,63.87,-5.99,4.45,39.47,22.01
225.01,0,,76.22,32.89,0,2,76.08,21.28,11.77,117.35,36.31,,64.09,22.88,4,-2,63.51,-6.08,4.36,39.29,22.01
225.07,0,,76.22,32.89,0,2,76.08,21.28,11.77,117.35,36.31,,64.06,22.83,4,-2,63.06,-6.13,4.37,39.25,21.95
225.19,0,,76.30,32.86,0,2,75.85,22.15,12.23,118.68,36.72,,64.03,22.77,4,-2,64.13,-5.99,4.37,39.39,22.09
225.28,0,,76.44,32.88,0,2,76.94,25.88,13.27,123.45,39.41,,64.00,22.72,4,-2,63.49,-5.88,4.44,39.57,22.13
225.37,0,,76.51,32.94,0,2,75.77,25.96,13.11,123.37,39.65,,63.97,22.66,4,-2,63.48,-5.98,4.49,39.52,21.98
225.49,0,,76.57,33.03,0,2,79.00,25.33,13.14,122.77,38.99,,63.95,22.61,4,-2,63.06,-6.05,4.51,39.47,21.89
225.58,0,,76.57,33.03,0,2,79.00,25.33,13.14,122.77,38.99,,63.92,22.56,2,-1,63.64,-6.17,4.66,39.50,21.62
225.67,0,,76.69,33.29,0,2,76.93,23.57,11.41,119.28,38.96,,63.89,22.51,2,-1,63.22,-6.34,4.76,39.43,21.35
225.79,0,,76.75,33.44,0,2,76.90,24.12,12.11,120.53,38.81,,63.86,22.46,2,-1,63.16,-6.19,4.72,39.54,21.54
225.88,0,,76.80,33.61,0,2,77.34,22.90,11.87,119.07,37.83,,63.83,22.41,2,-1,63.10,-5.87,4.78,39.92,21.80
226.01,0,,76.85,33.79,0,2,76.47,21.10,11.17,116.57,36.73,,63.79,22.36,2,-1,62.31,-5.84,4.84,40.01,21.77
226.09,0,,76.89,33.97,0,2,75.75,19.66,10.59,114.55,35.87,,63.76,22.32,2,-1,63.14,-5.87,4.83,39.97,21.75
226.18,0,,76.89,33.97,0,2,75.75,19.66,10.59,114.55,35.87,,63.72,22.27,2,-1,62.68,-5.73,4.90,40.18,21.82
226.27,0,,76.94,34.30,0,2,73.30,19.44,9.67,113.41,36.57,,63.68,22.23,2,-1,62.61,-5.77,4.94,40.18,21.74
226.39,0,,76.94,34.45,0,2,74.86,18.91,10.18,113.39,35.53,,63.64,22.18,2,-1,62.84,-5.74,4.89,40.16,21.82
226.51,0,,76.93,34.60,0,2,76.31,17.76,9.34,111.40,35.22,,63.60,22.14,2,-1,63.23,-5.45,4.89,40.45,22.11
226.57,0,,76.91,34.74,0,2,75.12,20.19,9.73,114.22,37.26,,63.56,22.11,2,-1,62.82,-5.30,4.84,40.55,22.31
226.69,0,,76.91,34.74,0,2,75.12,20.19,9.73,114.22,37.26,,63.52,22.08,2,-1,62.77,-5.39,4.75,40.37,22.31
226.78,0,,76.86,35.01,0,2,75.80,20.49,10.43,115.22,36.86,,63.48,22.05,2,-1,62.64,-5.47,4.75,40.29,22.23
226.87,0,,76.82,35.14,0,2,75.46,21.24,10.91,116.45,37.13,,63.44,22.03,2,-1,62.68,-5.61,4.69,40.09,22.15
226.99,0,,76.78,35.27,0,2,75.59,20.16,10.80,115.26,36.16,,63.40,22.01,2,-1,62.83,-5.93,4.54,39.62,21.98
227.08,0,,76.74,35.39,0,2,75.74,20.55,10.21,115.06,37.14,,63.36,21.99,2,-1,63.76,-5.97,4.48,39.52,22.00
227.17,0,,76.70,35.51,0,2,75.93,20.81,10.02,115.13,37.59,,63.33,21.98,2,-1,63.54,-5.68,4.45,39.78,22.32
227.29,0,,76.65,35.62,0,2,76.47,20.41,10.01,114.72,37.20,,63.30,21.96,2,-1,63.48,-5.62,4.45,39.84,22.38
227.38,0,,76.61,35.74,0,2,76.22,21.76,9.98,116.04,38.58,,63.28,21.95,2,-1,63.22,-5.79,4.34,39.56,22.32
227.51,0,,76.58,35.86,0,2,76.37,22.89,10.36,117.55,39.33,,63.25,21.95,2,-1,63.59,-5.81,4.09,39.29,22.55
227.59,0,,76.54,35.99,0,2,75.17,22.82,11.28,118.40,38.34,,63.24,21.95,2,-1,63.22,-5.80,3.97,39.18,22.68
227.68,0,,76.54,35.99,0,2,75.17,22.82,11.28,118.40,38.34,,63.22,21.95,2,-1,63.18,-5.97,3.94,38.98,22.54
227.77,0,,76.46,36.23,0,2,75.98,21.68,10.59,116.57,37.89,,63.21,21.96,2,-1,63.19,-5.96,3.94,38.99,22.55
227.89,0,,76.42,36.35,0,2,75.60,21.70,10.27,116.27,38.23,,63.19,21.97,2,-1,63.72,-5.64,3.98,39.35,22.83
228.01,0,,76.38,36.47,0,2,76.34,22.18,10.02,116.50,38.96,,63.18,21.98,2,-1,63.42,-5.46,4.03,39.58,22.96
228.07,0,,76.34,36.59,0,2,75.18,22.65,10.09,117.04,39.36,,63.18,22.00,2,-1,63.35,-5.47,4.10,39.64,22.88
228.19,0,,76.34,36.59,0,2,75.18,22.65,10.09,117.04,39.36,,63.17,22.02,2,-1,63.61,-5.38,4.08,39.71,22.99
228.28,0,,76.30,36.72,0,2,75.86,22.01,10.00,116.31,38.81,,63.17,22.04,2,-1,62.99,-5.31,4.06,39.76,23.08
228.37,0,,76.22,36.96,0,2,75.69,23.83,10.37,118.50,40.26,,63.17,22.07,2,-1,63.05,-5.30,4.17,39.88,22.98
228.49,0,,76.19,37.09,0,2,77.05,24.18,10.94,119.42,40.04,,63.17,22.10,2,-1,63.57,-5.16,4.07,39.92,23.22
228.58,0,,76.16,37.23,0,2,77.44,24.38,10.60,119.28,40.58,,63.16,22.13,2,-1,63.26,-4.95,4.05,40.11,23.45
228.67,0,,76.14,37.37,0,2,75.73,25.68,10.71,120.69,41.77,,63.16,22.17,2,-1,62.82,-4.93,4.39,40.47,23.13
228.79,0,,76.12,37.52,0,2,76.30,25.91,11.45,121.66,41.26,,63.16,22.21,2,-1,62.96,-5.14,4.64,40.51,22.67
228.88,0,,76.10,37.67,0,2,76.54,25.28,11.07,120.65,41.01,,63.16,22.25,2,-1,62.44,-5.62,4.69,40.08,22.14
229.00,0,,76.09,37.83,0,2,75.82,25.58,10.77,120.65,41.61,,63.15,22.28,2,-1,62.56,-6.28,4.68,39.41,21.49
229.09,0,,76.08,38.00,0,2,76.21,24.94,10.86,120.10,40.88,,63.14,22.30,2,-1,62.15,-6.45,4.72,39.28,21.28
229.18,0,,76.08,38.00,0,2,76.21,24.94,10.86,120.10,40.88,,63.13,22.32,2,-1,62.75,-6.40,4.76,39.37,21.29
229.27,0,,76.06,38.32,0,2,76.58,24.65,9.99,118.94,41.46,,63.11,22.33,2,-1,62.60,-6.33,4.86,39.54,21.26
229.39,0,,76.06,38.49,0,2,76.39,24.79,10.22,119.31,41.37,,63.10,22.33,2,-1,62.39,-5.97,5.24,40.28,21.24
229.54,0,,76.06,38.65,0,2,76.77,24.93,10.11,119.34,41.62,,63.08,22.32,2,-1,62.35,-6.05,5.42,40.38,20.98
229.57,0,,76.06,38.65,0,2,76.77,24.93,10.11,119.34,41.62,,63.06,22.31,2,-1,62.65,-6.61,5.20,39.60,20.64
229.69,0,,76.06,38.81,0,2,76.98,25.23,9.97,119.50,42.06,,63.04,22.29,2,-1,61.92,-6.90,5.21,39.32,20.34
229.78,0,,76.08,39.14,0,2,77.64,25.14,10.22,119.66,41.72,,63.01,22.26,2,-1,62.57,-6.75,5.38,39.64,20.32
229.87,0,,76.10,39.31,0,2,76.15,25.20,9.89,119.39,42.11,,62.99,22.22,2,-1,63.23,-6.53,5.50,39.98,20.42
229.99,0,,76.11,39.47,0,2,77.52,24.98,10.10,119.38,41.68,,62.97,22.18,2,-1,62.63,-6.37,5.75,40.39,20.33
230.08,0,,76.13,39.62,0,2,75.17,24.59,9.98,118.87,41.41,,62.94,22.13,2,-1,62.24,-6.33,5.91,40.59,20.21
230.17,0,,76.15,39.77,0,2,76.26,23.52,9.77,117.59,40.55,,62.92,22.07,2,-1,62.12,-6.64,5.85,40.22,19.96
230.29,0,,76.17,39.91,0,2,76.43,20.70,9.48,114.48,38.02,,62.90,22.01,2,-1,61.98,-6.98,5.69,39.72,19.78
230.38,0,,76.18,40.02,0,2,75.46,17.58,7.98,109.86,36.40,,62.87,21.94,2,-1,62.46,-7.16,5.61,39.46,19.68
230.50,0,,76.19,40.10,0,2,74.44,15.31,6.58,106.19,35.53,,62.84,21.86,2,-1,62.30,-7.18,5.70,39.53,19.57
230.59,0,,76.18,40.14,0,2,73.24,12.40,5.55,102.25,33.65,,62.81,21.78,2,-1,62.57,-6.87,5.91,40.05,19.67
230.68,0,,76.18,40.14,0,2,73.24,12.40,5.55,102.25,33.65,,62.79,21.70,2,-1,62.72,-6.55,6.06,40.52,19.84
230.77,0,,76.14,40.09,0,2,76.11,4.62,1.74,90.66,29.68,,62.76,21.61,2,-1,62.41,-6.82,5.88,40.07,19.75
230.89,0,,76.12,39.99,0,2,77.88,3.64,1.17,89.11,29.27,,62.74,21.52,2,-1,62.06,-7.13,5.55,39.43,19.77
231.02,0,,76.11,39.83,0,2,78.43,2.37,0.21,86.88,28.96,,62.72,21.43,2,-1,62.70,-6.93,5.59,39.67,19.93
231.07,0,,76.11,39.63,0,2,78.15,1.14,-0.82,84.62,28.76,,62.69,21.34,2,-1,62.64,-7.07,5.45,39.39,19.93
231.19,0,,76.11,39.63,0,2,78.15,1.14,-0.82,84.62,28.76,,62.68,21.26,2,-1,64.42,-7.47,4.33,37.87,20.65
231.28,0,,76.12,39.39,0,2,76.95,1.41,-1.04,84.67,29.25,,62.67,21.18,2,-1,64.81,-7.25,2.98,36.74,22.22
231.40,0,,76.14,38.80,0,2,75.78,0.88,-1.35,83.83,29.03,,62.67,21.11,2,-1,64.44,-6.93,2.26,36.34,23.26
231.49,0,,76.15,38.47,0,2,75.62,-1.77,-2.64,79.89,27.67,,62.69,21.06,2,-1,64.41,-6.98,1.75,35.78,23.72
231.58,0,,76.15,38.12,0,2,77.30,-1.27,-2.48,80.55,28.01,,62.71,21.04,2,-1,64.59,-6.63,1.69,36.07,24.13
231.67,0,,76.15,37.74,0,2,75.87,-0.28,-1.44,82.58,27.96,,62.74,21.03,2,-1,63.80,-6.87,1.79,35.93,23.79
231.79,0,,76.16,37.34,0,2,76.66,-2.60,-2.40,79.30,26.60,,62.78,21.04,2,-1,63.08,-8.47,1.33,33.87,22.65
231.88,0,,76.17,36.92,0,2,77.69,-3.14,-2.90,78.26,26.56,,62.81,21.05,2,-1,62.16,-8.96,1.56,33.61,21.93
232.00,0,,76.18,36.49,0,2,78.48,-2.25,-1.79,80.26,26.34,,62.83,21.08,2,-1,62.43,-8.41,2.03,34.63,22.01
232.09,0,,76.21,36.04,0,2,78.66,-2.76,-1.76,79.78,25.80,,62.85,21.10,2,-1,62.74,-7.92,1.81,34.90,22.72
232.18,0,,76.21,36.04,0,2,78.66,-2.76,-1.76,79.78,25.80,,62.87,21.13,2,-1,62.90,-7.19,1.69,35.51,23.57
232.27,0,,76.30,35.11,0,2,78.20,-5.54,-3.81,74.95,25.07,,62.89,21.18,2,-1,63.44,-7.12,1.52,35.41,23.81
232.39,0,,76.35,34.63,0,2,77.02,-7.66,-5.45,71.19,24.59,,62.91,21.23,2,-1,63.96,-6.97,1.21,35.25,24.27
232.52,0,,76.40,34.14,0,2,77.47,-8.59,-6.28,69.43,24.49,,62.93,21.30,2,-1,65.09,-6.38,1.07,35.70,25.00
232.58,0,,76.45,33.65,0,2,77.41,-6.73,-5.01,72.56,25.08,,62.96,21.38,2,-1,65.20,-6.11,1.49,36.39,24.85
232.69,0,,76.45,33.65,0,2,77.41,-6.73,-5.01,72.56,25.08,,63.00,21.47,2,-1,64.49,-5.87,2.39,37.53,24.19
232.78,0,,76.55,32.68,0,2,75.35,-2.16,-2.41,79.73,27.05,,63.05,21.57,2,-1,64.47,-5.52,2.69,38.18,24.24
232.87,0,,76.58,32.22,0,2,75.71,0.24,-0.83,83.71,27.87,,63.10,21.67,2,-1,65.23,-5.29,2.44,38.16,24.72
232.99,0,,76.61,31.78,1,1,74.86,-1.15,-1.48,81.67,27.13,,63.16,21.78,2,-1,64.98,-5.32,2.16,37.85,24.97
233.08,0,,76.63,31.36,1,1,76.13,-3.01,-3.20,78.09,26.99,,63.22,21.90,2,-1,65.13,-5.30,1.66,37.37,25.49
233.17,0,,76.63,31.36,1,1,76.13,-3.01,-3.20,78.09,26.99,,63.28,22.03,2,-1,64.95,-5.45,1.34,36.90,25.66
233.29,0,,76.64,30.57,1,1,76.21,-2.71,-2.82,78.77,26.91,,63.35,22.16,2,-1,65.14,-5.51,1.20,36.70,25.74
233.38,0,,76.64,30.21,2,0,74.67,-0.52,-1.80,81.98,28.08,,63.43,22.30,2,-1,65.69,-5.41,0.83,36.43,26.21
233.50,0,,76.63,29.87,2,0,75.49,2.38,0.12,86.80,29.06,,63.50,22.45,2,-1,65.43,-5.53,0.56,36.04,26.36
233.59,0,,76.62,29.56,2,0,76.03,3.76,1.68,89.74,28.88,,63.58,22.61,2,-1,65.84,-5.04,0.60,36.57,26.81
233.68,0,,76.62,29.56,2,0,76.03,3.76,1.68,89.74,28.88,,63.67,22.77,2,-1,65.71,-4.52,0.57,37.06,27.36
233.77,0,,76.60,29.28,2,0,76.77,3.74,2.18,90.22,28.36,,63.76,22.94,2,-1,66.05,-4.62,0.29,36.68,27.54
233.92,0,,76.59,28.80,2,0,75.99,9.02,5.65,98.97,30.17,,63.85,23.13,2,-1,65.68,-4.31,0.24,36.94,27.90
234.01,0,,76.59,28.60,2,0,75.93,10.42,6.31,101.03,30.91,,63.94,23.32,2,-1,65.37,-4.23,0.11,36.89,28.11
234.07,0,,76.59,28.60,2,0,75.93,10.42,6.31,101.03,30.91,,64.04,23.52,2,-1,65.50,-4.66,-0.34,36.01,28.13
234.19,0,,76.58,28.44,2,0,76.37,11.61,6.67,102.58,31.74,,64.13,23.72,2,-1,65.10,-4.87,-0.54,35.60,28.12
234.28,0,,76.57,28.22,2,0,77.94,12.04,8.23,104.57,30.61,,64.21,23.93,2,-1,64.68,-5.23,-0.71,35.07,27.93
234.37,0,,76.57,28.22,2,0,77.94,12.04,8.23,104.57,30.61,,64.29,24.14,2,-1,64.97,-5.40,-0.90,34.71,27.95
234.49,0,,76.59,28.09,2,0,78.59,6.92,4.50,95.72,29.22,,64.37,24.35,2,-1,64.31,-5.42,-0.93,34.66,27.96
234.58,0,,76.61,28.05,2,0,77.77,8.60,5.16,98.06,30.24,,64.44,24.56,2,-1,64.58,-5.98,-1.00,34.03,27.47
234.67,0,,76.61,28.05,2,0,77.77,8.60,5.16,98.06,30.24,,64.50,24.76,2,-1,64.78,-6.09,-1.12,33.80,27.48
234.79,0,,76.67,28.02,2,0,76.27,10.56,6.27,101.13,31.09,,64.56,24.96,1,0,65.04,-5.39,-1.20,34.42,28.26
234.88,0,,76.67,28.02,2,0,76.27,10.56,6.27,101.13,31.09,,64.61,25.16,1,0,64.30,-5.28,-1.02,34.71,28.19
235.03,0,,76.70,28.08,2,0,76.86,17.54,9.72,111.56,34.62,,64.65,25.35,1,0,64.56,-5.87,-0.86,34.28,27.44
235.09,0,,76.70,28.15,2,0,77.59,16.18,9.92,110.40,33.06,,64.70,25.54,1,0,64.32,-5.82,-1.03,34.16,27.66
235.18,0,,76.70,28.15,2,0,77.59,16.18,9.92,110.40,33.06,,64.73,25.72,1,0,65.46,-5.23,-1.28,34.50,28.50
235.27,0,,76.71,28.24,2,0,75.89,15.54,8.96,108.80,33.38,,64.76,25.89,1,0,64.70,-5.20,-1.42,34.39,28.67
235.39,0,,76.71,28.49,2,0,76.41,16.14,9.52,109.96,33.42,,64.79,26.06,0,1,63.99,-5.80,-0.91,34.30,27.56
235.51,0,,76.70,28.64,2,0,76.65,18.46,10.14,112.90,35.12,,64.82,26.23,0,1,64.19,-6.19,-0.35,34.47,26.61
235.57,0,,76.70,28.64,2,0,76.65,18.46,10.14,112.90,35.12,,64.84,26.38,0,1,64.78,-5.83,-0.58,34.60,27.20
235.69,0,,76.69,28.82,2,0,73.59,21.03,11.31,116.64,36.52,,64.85,26.52,0,1,65.53,-5.45,-0.60,34.96,27.60
235.78,0,,76.63,29.24,2,0,76.06,22.27,12.18,118.75,36.89,,64.87,26.65,0,1,65.96,-5.20,-0.99,34.82,28.24
235.87,0,,76.63,29.24,2,0,76.06,22.27,12.18,118.75,36.89,,64.89,26.78,0,1,65.69,-4.57,-1.77,34.67,29.65
235.99,0,,76.57,29.74,2,0,76.65,22.45,12.70,119.45,36.55,,64.91,26.90,0,1,65.85,-4.64,-1.37,35.00,29.18
236.08,0,,76.54,30.01,2,0,75.09,24.24,13.12,121.66,37.92,,64.94,27.03,0,1,65.89,-5.12,-1.28,34.61,28.61
236.17,0,,76.54,30.01,2,0,75.09,24.24,13.12,121.66,37.92,,64.97,27.16,0,1,66.66,-4.47,-1.87,34.67,29.85
236.29,0,,76.46,30.60,2,0,74.44,25.38,13.80,123.48,38.38,,65.01,27.29,0,1,67.08,-3.75,-1.89,35.37,30.59
236.39,0,,76.41,30.92,2,0,75.67,24.67,13.51,122.48,37.96,,65.05,27.42,0,1,67.77,-3.62,-2.14,35.25,30.97
236.50,0,,76.36,31.25,2,0,76.03,24.04,12.72,121.06,38.12,,65.11,27.56,0,1,66.40,-4.12,-2.21,34.68,30.54
236.59,0,,76.31,31.58,2,0,76.74,23.60,12.65,120.55,37.75,,65.16,27.70,0,1,65.87,-5.39,-1.57,34.05,28.63
236.68,0,,76.31,31.58,2,0,76.74,23.60,12.65,120.55,37.75,,65.22,27.83,0,1,65.64,-5.93,-1.13,33.95,27.65
236.77,0,,76.27,31.92,2,0,76.94,22.44,12.29,119.03,36.95,,65.27,27.95,0,1,65.50,-5.94,-1.11,33.96,27.62
236.89,0,,76.20,32.56,2,0,77.48,21.43,11.55,117.28,36.68,,65.32,28.05,0,1,65.25,-6.07,-1.21,33.73,27.59
237.01,0,,76.18,32.87,2,0,76.85,21.16,11.33,116.79,36.63,,65.36,28.14,0,1,64.62,-5.87,-0.74,34.40,27.32
237.07,0,,76.18,32.87,2,0,76.85,21.16,11.33,116.79,36.63,,65.39,28.21,0,1,64.49,-5.80,0.37,35.58,26.28
237.19,0,,76.16,33.17,2,0,74.92,20.63,11.02,115.95,36.41,,65.42,28.27,0,1,64.26,-5.35,1.20,36.86,25.90
237.28,0,,76.13,33.73,2,0,77.36,20.15,10.43,114.88,36.52,,65.44,28.31,0,1,64.11,-4.20,1.73,38.54,26.52
237.37,0,,76.13,33.73,2,0,77.36,20.15,10.43,114.88,36.52,,65.44,28.33,0,1,64.04,-3.76,2.07,39.32,26.62
237.49,0,,76.13,34.24,2,0,77.54,19.26,10.06,113.62,36.00,,65.44,28.34,0,1,63.56,-4.27,1.93,38.67,26.25
237.58,0,,76.14,34.47,2,0,79.94,19.41,10.04,113.75,36.17,,65.42,28.34,0,1,63.15,-4.30,1.89,38.60,26.26
237.67,0,,76.14,34.47,2,0,79.94,19.41,10.04,113.75,36.17,,65.40,28.32,0,1,63.81,-4.02,1.95,38.94,26.48
237.79,0,,76.20,34.89,2,0,77.42,18.26,9.60,112.16,35.46,,65.37,28.30,0,1,63.57,-4.36,1.87,38.52,26.22
237.89,0,,76.23,35.08,2,0,76.42,18.11,9.21,111.62,35.70,,65.33,28.26,0,1,64.20,-4.45,1.85,38.41,26.15
238.00,0,,76.27,35.24,2,0,78.25,17.27,8.49,110.06,35.58,,65.29,28.22,0,1,63.35,-4.28,1.79,38.52,26.38
238.09,0,,76.31,35.39,2,0,77.20,16.45,8.35,109.10,34.90,,65.24,28.17,0,1,63.82,-4.35,1.79,38.45,26.31
238.18,0,,76.31,35.39,2,0,77.20,16.45,8.35,109.10,34.90,,65.19,28.12,0,1,63.06,-4.36,1.82,38.47,26.27
238.27,0,,76.36,35.53,2,0,76.80,16.47,8.33,109.10,34.94,,65.13,28.06,0,1,63.46,-4.33,1.78,38.46,26.34
238.39,0,,76.45,35.75,2,0,77.75,17.90,9.05,111.25,35.65,,65.07,27.99,0,1,63.21,-4.31,1.75,38.45,26.39
238.51,0,,76.51,35.84,2,0,78.46,20.06,9.95,114.31,36.91,,65.00,27.93,0,1,63.79,-4.40,1.73,38.34,26.32
238.57,0,,76.51,35.84,2,0,78.46,20.06,9.95,114.31,36.91,,64.93,27.86,0,1,63.33,-4.52,1.72,38.21,26.21
238.69,0,,76.57,35.93,2,0,78.99,21.64,10.52,116.46,37.92,,64.87,27.79,0,1,63.84,-4.47,1.72,38.26,26.26
238.78,0,,76.69,36.11,2,0,76.75,23.17,11.36,118.83,38.61,,64.80,27.72,0,1,64.04,-4.34,1.73,38.40,26.38
238.87,0,,76.69,36.11,2,0,76.75,23.17,11.36,118.83,38.61,,64.73,27.64,0,1,63.41,-4.20,1.74,38.55,26.51
238.99,0,,76.78,36.30,2,0,77.96,21.81,11.04,117.15,37.57,,64.67,27.57,0,1,63.87,-4.17,1.76,38.60,26.52
239.08,0,,76.84,36.40,2,0,79.28,21.00,10.68,115.98,37.12,,64.60,27.50,0,1,63.34,-4.11,1.74,38.64,26.60
239.17,0,,76.84,36.40,2,0,79.28,21.00,10.68,115.98,37.12,,64.54,27.43,0,1,63.00,-4.20,1.77,38.58,26.48
239.29,0,,76.95,36.57,2,0,78.79,18.65,9.72,112.67,35.73,,64.47,27.36,0,1,63.55,-4.31,1.82,38.52,26.32
239.38,0,,77.01,36.65,2,0,76.63,17.62,8.88,110.80,35.54,,64.41,27.30,0,1,63.17,-4.28,1.75,38.48,26.42
239.50,0,,77.07,36.70,2,0,80.75,17.02,8.31,109.63,35.51,,64.34,27.23,0,1,63.62,-4.29,1.75,38.47,26.41
239.59,0,,77.14,36.74,2,0,80.25,15.84,8.35,108.49,34.29,,64.28,27.17,0,1,63.31,-4.13,1.77,38.65,26.55
239.68,0,,77.14,36.74,2,0,80.25,15.84,8.35,108.49,34.29,,64.22,27.11,0,1,63.49,-4.01,1.72,38.72,26.72
239.77,0,,77.22,36.77,2,0,80.01,14.62,7.74,106.66,33.68,,64.16,27.06,0,1,63.18,-4.15,1.71,38.57,26.59
239.89,0,,77.40,36.76,2,0,79.00,13.06,6.87,104.23,32.99,,64.10,27.01,0,1,63.15,-4.20,1.70,38.51,26.55
240.02,0,,77.49,36.72,1,1,80.35,12.69,6.27,103.26,33.22,,64.04,26.96,0,1,63.83,-4.27,1.65,38.39,26.53
240.07,0,,77.49,36.72,1,1,80.35,12.69,6.27,103.26,33.22,,63.99,26.91,0,1,63.42,-4.37,1.66,38.30,26.42
240.19,0,,77.58,36.67,1,1,79.45,12.97,6.16,103.43,33.61,,63.94,26.86,0,1,62.87,-4.36,1.68,38.33,26.41
240.28,0,,77.78,36.53,1,1,80.78,12.74,6.45,103.49,33.09,,63.88,26.82,0,1,63.52,-4.25,1.68,38.44,26.52
240.37,0,,77.78,36.53,1,1,80.78,12.74,6.45,103.49,33.09,,63.84,26.78,0,1,63.53,-4.12,1.73,38.62,26.60
240.49,0,,77.99,36.34,1,1,78.51,15.06,7.56,106.92,34.30,,63.79,26.74,0,1,63.04,-4.09,1.72,38.64,26.64
240.58,0,,78.08,36.24,1,1,78.87,17.32,8.70,110.32,35.42,,63.75,26.71,0,1,63.05,-4.12,1.63,38.52,26.70
240.67,0,,78.08,36.24,1,1,78.87,17.32,8.70,110.32,35.42,,63.70,26.68,0,1,63.21,-4.20,1.61,38.42,26.64
240.79,0,,78.25,36.07,1,1,77.77,18.95,10.00,113.25,35.75,,63.66,26.65,0,1,63.83,-4.31,1.56,38.26,26.58
240.88,0,,78.32,35.99,1,1,77.76,20.22,10.50,115.02,36.52,,63.62,26.63,0,1,63.32,-4.39,1.48,38.10,26.58
241.00,0,,78.38,35.93,1,1,80.11,20.81,10.49,115.60,37.12,,63.59,26.61,0,1,64.10,-4.43,1.47,38.05,26.55
241.09,0,,78.44,35.87,0,2,78.49,21.00,10.98,116.28,36.82,,63.56,26.59,0,1,63.27,-4.41,1.47,38.07,26.57
241.18,0,,78.44,35.87,0,2,78.49,21.00,10.98,116.28,36.82,,63.53,26.57,0,1,63.79,-4.45,1.45,38.01,26.55
241.27,0,,78.50,35.83,0,2,78.32,22.06,11.48,117.84,37.38,,63.51,26.55,0,1,63.22,-4.44,1.38,37.95,26.63
241.39,0,,78.59,35.80,0,2,78.52,24.74,12.63,121.67,38.91,,63.49,26.54,0,1,63.62,-4.44,1.35,37.92,26.66
241.51,0,,78.63,35.81,0,2,79.51,24.61,12.56,121.47,38.85,,63.47,26.52,0,1,63.45,-4.57,1.33,37.77,26.55
241.57,0,,78.63,35.81,0,2,79.51,24.61,12.56,121.47,38.85,,63.45,26.51,0,1,63.75,-4.70,1.31,37.62,26.44
241.69,0,,78.67,35.83,0,2,78.32,24.49,12.56,121.35,38.73,,63.44,26.50,0,1,63.73,-4.69,1.31,37.63,26.45
241.78,0,,78.73,35.92,0,2,79.74,22.96,11.83,119.09,37.93,,63.43,26.49,1,0,63.55,-4.47,1.26,37.80,26.72
241.87,0,,78.73,35.92,0,2,79.74,22.96,11.83,119.09,37.93,,63.42,26.49,1,0,63.80,-4.46,1.30,37.85,26.69
241.99,0,,78.80,36.04,0,2,81.09,22.59,11.76,118.65,37.63,,63.41,26.48,1,0,62.95,-4.56,1.34,37.79,26.55
242.08,0,,78.85,36.10,0,2,80.01,22.00,11.40,117.70,37.40,,63.41,26.48,1,0,63.30,-4.47,1.33,37.87,26.65
242.17,0,,78.85,36.10,0,2,80.01,22.00,11.40,117.70,37.40,,63.40,26.47,1,0,63.74,-4.48,1.35,37.88,26.62
242.29,0,,78.94,36.23,0,2,80.20,21.50,11.40,117.20,36.90,,63.39,26.47,1,0,63.72,-4.51,1.33,37.83,26.61
242.38,0,,78.99,36.30,0,2,80.51,21.70,11.30,117.30,37.20,,63.39,26.47,1,0,62.96,-4.47,1.34,37.88,26.64
242.50,0,,79.05,36.36,0,2,79.52,22.69,11.37,118.36,38.12,,63.39,26.47,1,0,63.88,-4.36,1.40,38.05,26.69
242.59,0,,79.09,36.43,0,2,77.91,23.61,12.14,120.05,38.27,,63.39,26.47,1,0,63.62,-4.21,1.43,38.23,26.81
242.68,0,,79.09,36.43,0,2,77.91,23.61,12.14,120.05,38.27,,63.39,26.48,2,-1,63.87,-4.20,1.47,38.28,26.78
242.77,0,,79.13,36.49,0,2,79.01,23.96,12.70,120.96,38.06,,63.39,26.48,2,-1,63.02,-4.19,1.49,38.31,26.77
242.89,0,,79.20,36.64,0,2,78.39,26.14,13.45,123.89,39.49,,63.39,26.49,2,-1,63.14,-4.13,1.53,38.41,26.79
243.02,0,,79.22,36.73,0,2,79.32,26.68,13.69,124.67,39.79,,63.39,26.49,2,-1,63.20,-4.20,1.57,38.38,26.68
243.07,0,,79.22,36.73,0,2,79.32,26.68,13.69,124.67,39.79,,63.39,26.50,2,-1,62.84,-4.23,1.56,38.34,26.66
243.19,0,,79.24,36.82,0,2,78.12,28.02,14.07,126.39,40.75,,63.38,26.51,2,-1,63.45,-4.04,1.56,38.53,26.85
243.28,0,,79.25,37.05,0,2,79.46,28.93,14.80,128.03,40.93,,63.38,26.52,2,-1,62.92,-3.90,1.60,38.71,26.95
243.37,0,,79.25,37.05,0,2,79.46,28.93,14.80,128.03,40.93,,63.37,26.53,2,-1,62.85,-3.85,1.69,38.85,26.91
243.49,0,,79.25,37.31,0,2,79.93,29.37,15.43,129.10,40.74,,63.36,26.54,2,-1,63.09,-3.81,1.70,38.90,26.94
243.58,0,,79.25,37.46,0,2,79.16,29.32,15.29,128.91,40.83,,63.36,26.55,2,-1,63.63,-3.88,1.69,38.82,26.88
243.67,0,,79.25,37.46,0,2,79.16,29.32,15.29,128.91,40.83,,63.35,26.56,2,-1,62.76,-3.97,1.70,38.74,26.78
243.79,0,,79.25,37.76,0,2,79.19,28.35,15.14,127.79,40.01,,63.34,26.58,2,-1,63.35,-4.07,1.62,38.56,26.76
243.88,0,,79.24,37.91,0,2,80.82,26.81,14.38,125.49,39.23,,63.33,26.59,2,-1,62.94,-4.13,1.57,38.45,26.75
244.00,0,,79.24,37.91,0,2,80.82,26.81,14.38,125.49,39.23,,63.32,26.60,2,-1,63.24,-4.06,1.62,38.57,26.77
244.09,0,,79.26,38.18,0,2,82.62,23.89,13.21,121.40,37.48,,63.31,26.61,2,-1,62.49,-4.15,1.63,38.49,26.67
244.18,0,,79.26,38.18,0,2,82.62,23.89,13.21,121.40,37.48,,63.30,26.62,2,-1,62.67,-4.27,1.59,38.33,26.59
244.27,0,,79.29,38.29,0,2,80.82,22.66,12.60,119.56,36.86,,63.28,26.63,2,-1,62.88,-4.32,1.57,38.26,26.56
244.39,0,,79.38,38.46,0,2,81.78,20.67,11.47,116.44,36.00,,63.27,26.64,2,-1,62.90,-4.50,1.46,37.97,26.49
244.51,0,,79.43,38.51,0,2,79.39,19.27,10.78,114.35,35.29,,63.25,26.65,2,-1,63.41,-4.70,1.30,37.61,26.45
244.57,0,,79.43,38.51,0,2,79.39,19.27,10.78,114.35,35.29,,63.24,26.65,2,-1,63.13,-4.86,1.32,37.47,26.27
244.69,0,,79.48,38.54,0,2,79.94,18.34,10.03,112.67,35.11,,63.22,26.65,2,-1,62.93,-5.04,1.25,37.22,26.16
244.78,0,,79.57,38.53,0,2,80.06,16.84,9.02,110.16,34.62,,63.21,26.65,2,-1,63.27,-5.26,1.07,36.82,26.12
244.87,0,,79.57,38.53,0,2,80.06,16.84,9.02,110.16,34.62,,63.20,26.65,2,-1,62.85,-5.01,1.25,37.25,26.19
245.08,0,,79.71,38.36,0,2,81.68,16.03,8.73,109.06,34.10,,63.19,26.64,2,-1,63.02,-4.63,1.48,37.86,26.34
245.08,0,,79.71,38.36,0,2,81.68,16.03,8.73,109.06,34.10,,63.17,26.63,2,-1,63.78,-4.77,1.46,37.70,26.22
245.17,0,,79.71,38.36,0,2,81.68,16.03,8.73,109.06,34.10,,63.17,26.62,2,-1,63.00,-4.92,1.48,37.57,26.05
245.29,0,,79.81,38.17,0,2,81.33,15.86,8.58,108.74,34.08,,63.16,26.61,2,-1,62.97,-5.04,1.50,37.47,25.91
245.38,0,,79.86,38.05,0,2,79.99,15.55,8.38,108.23,33.97,,63.15,26.60,2,-1,62.65,-5.02,1.58,37.57,25.85
245.50,0,,79.90,37.92,0,2,79.47,15.87,7.90,108.07,34.77,,63.14,26.58,2,-1,63.08,-4.75,1.74,38.00,25.96
245.59,0,,79.94,37.79,0,2,79.68,16.24,8.30,108.84,34.74,,63.13,26.56,2,-1,62.51,-4.76,1.78,38.03,25.91
245.68,0,,79.94,37.79,0,2,79.68,16.24,8.30,108.84,34.74,,63.12,26.54,2,-1,62.93,-4.91,1.78,37.88,25.76
245.77,0,,79.98,37.65,0,2,79.91,16.04,8.57,108.91,34.27,,63.11,26.52,2,-1,62.84,-5.58,1.39,36.82,25.48
245.89,0,,80.03,37.37,0,2,80.17,17.71,9.17,111.18,35.34,,63.10,26.49,2,-1,63.44,-6.61,0.56,34.96,25.28
246.04,0,,80.05,37.23,0,2,79.17,18.25,9.61,112.16,35.44,,63.09,26.46,2,-1,63.69,-6.64,0.31,34.68,25.50
246.07,0,,80.05,37.23,0,2,79.17,18.25,9.61,112.16,35.44,,63.08,26.43,2,-1,63.63,-6.16,0.38,35.23,25.91
246.19,0,,80.07,37.10,0,2,79.52,18.54,9.55,112.39,35.79,,63.08,26.39,2,-1,63.11,-6.20,0.13,34.94,26.12
246.28,0,,80.08,36.85,0,2,78.20,18.80,9.67,112.77,35.93,,63.08,26.36,2,-1,63.17,-6.04,0.49,35.46,25.92
246.37,0,,80.08,36.85,0,2,78.20,18.80,9.67,112.77,35.93,,63.08,26.33,2,-1,63.11,-6.08,1.05,35.98,25.32
246.49,0,,80.06,36.63,0,2,78.66,19.78,10.16,114.24,36.42,,63.08,26.30,2,-1,63.56,-6.57,0.74,35.18,25.14
246.58,0,,80.04,36.53,0,2,78.00,20.62,10.59,115.51,36.83,,63.08,26.26,2,-1,63.40,-6.62,0.58,34.97,25.25
246.67,0,,80.04,36.53,0,2,78.00,20.62,10.59,115.51,36.83,,63.09,26.22,2,-1,63.06,-6.57,0.93,35.37,24.95
246.79,0,,79.97,36.39,0,2,78.52,23.13,11.70,119.13,38.23,,63.09,26.18,2,-1,63.15,-6.57,1.11,35.55,24.77
246.88,0,,79.94,36.34,0,2,77.98,23.26,12.00,119.56,38.06,,63.10,26.13,2,-1,63.40,-6.45,1.16,35.72,24.84
247.00,0,,79.89,36.30,0,2,77.97,23.66,11.98,119.94,38.48,,63.10,26.08,2,-1,63.30,-6.51,1.16,35.66,24.78
247.09,0,,79.84,36.29,0,2,77.85,23.89,12.36,120.55,38.33,,63.11,26.03,2,-1,62.96,-6.59,1.18,35.60,24.68
247.18,0,,79.84,36.29,0,2,77.85,23.89,12.36,120.55,38.33,,63.11,25.98,2,-1,62.69,-6.63,1.19,35.57,24.63
247.27,0,,79.78,36.28,0,2,77.61,23.89,12.50,120.69,38.19,,63.11,25.92,2,-1,62.54,-6.75,1.20,35.46,24.50
247.39,0,,79.64,36.32,0,2,76.09,25.07,12.92,122.29,38.95,,63.11,25.86,2,-1,62.56,-6.73,1.28,35.56,24.44
247.51,0,,79.56,36.35,0,2,78.09,25.49,13.21,123.00,39.08,,63.11,25.80,2,-1,63.29,-6.55,1.28,35.74,24.62
247.57,0,,79.56,36.35,0,2,78.09,25.49,13.21,123.00,39.08,,63.10,25.74,2,-1,62.80,-6.42,1.32,35.91,24.71
247.69,0,,79.48,36.40,0,2,76.82,25.92,13.29,123.51,39.43,,63.10,25.68,2,-1,62.77,-6.36,1.42,36.07,24.67
247.78,0,,79.30,36.52,0,2,79.01,23.71,12.55,120.56,37.96,,63.09,25.62,2,-1,62.70,-6.32,1.51,36.20,24.62
247.87,0,,79.30,36.52,0,2,79.01,23.71,12.55,120.56,37.96,,63.08,25.56,2,-1,62.51,-6.30,1.60,36.31,24.55
247.99,0,,79.14,36.66,0,2,78.08,23.40,12.33,120.03,37.87,,63.07,25.50,2,-1,62.11,-6.27,1.68,36.42,24.50
248.08,0,,79.07,36.73,0,1,79.90,24.41,13.12,121.83,38.09,,63.06,25.44,2,-1,63.04,-6.09,1.77,36.69,24.59
248.17,0,,79.07,36.73,0,1,79.90,24.41,13.12,121.83,38.09,,63.04,25.39,2,-1,62.23,-5.77,1.85,37.09,24.83
248.29,0,,78.96,36.87,0,1,80.74,23.35,12.69,120.34,37.46,,63.03,25.33,2,-1,62.16,-5.70,1.94,37.25,24.81
248.38,0,,78.92,36.94,0,1,78.66,22.11,12.19,118.60,36.72,,63.01,25.28,2,-1,62.34,-5.82,1.99,37.18,24.64
248.50,0,,78.89,37.00,0,1,78.01,21.38,11.59,117.27,36.59,,62.99,25.23,2,-1,62.09,-5.81,2.04,37.24,24.60
248.59,0,,78.86,37.05,0,1,78.16,20.28,11.16,115.74,35.92,,62.96,25.18,2,-1,62.17,-5.81,2.05,37.25,24.59
248.68,0,,78.86,37.05,0,1,78.16,20.28,11.16,115.74,35.92,,62.93,25.13,2,-1,61.40,-5.90,2.04,37.15,24.51
248.77,0,,78.82,37.08,0,1,78.12,19.67,10.99,114.96,35.48,,62.90,25.08,2,-1,62.51,-5.92,2.10,37.19,24.43
248.89,0,,78.75,37.12,0,1,76.62,19.26,10.47,114.03,35.59,,62.87,25.04,2,-1,62.74,-5.81,2.06,37.26,24.58
249.01,0,,78.70,37.13,0,1,76.68,18.56,10.28,113.14,35.08,,62.84,25.00,2,-1,62.33,-5.75,2.00,37.26,24.70
249.07,0,,78.70,37.13,0,1,76.68,18.56,10.28,113.14,35.08,,62.81,24.96,2,-1,62.94,-5.82,2.08,37.27,24.55
249.19,0,,78.66,37.12,0,1,78.68,16.86,9.37,110.53,34.29,,62.79,24.92,2,-1,62.10,-5.88,2.11,37.24,24.46
249.28,0,,78.56,37.05,0,1,78.43,13.87,7.60,105.77,33.07,,62.76,24.88,2,-1,62.20,-6.00,2.10,37.11,24.35
249.37,0,,78.56,37.05,0,1,78.43,13.87,7.60,105.77,33.07,,62.73,24.84,2,-1,61.88,-6.10,2.13,37.04,24.22
249.49,0,,78.48,36.91,0,1,77.78,12.37,6.73,103.40,32.44,,62.70,24.81,2,-1,61.67,-6.17,2.14,36.98,24.14
249.58,0,,78.43,36.81,0,1,78.09,11.73,6.76,102.79,31.77,,62.67,24.77,2,-1,61.82,-6.20,2.15,36.96,24.10
249.67,0,,78.43,36.81,0,1,78.09,11.73,6.76,102.79,31.77,,62.64,24.73,2,-1,62.23,-6.11,2.13,37.03,24.21
249.79,0,,78.36,36.56,0,1,78.34,9.72,5.57,99.59,30.95,,62.60,24.70,2,-1,62.24,-6.07,2.13,37.07,24.25
249.89,0,,78.36,36.56,0,1,78.34,9.72,5.57,99.59,30.95,,62.57,24.66,2,-1,61.40,-6.10,2.15,37.06,24.20
250.00,0,,78.30,36.24,0,1,76.74,10.98,5.72,101.00,32.06,,62.54,24.63,2,-1,62.02,-6.16,2.21,37.06,24.08
250.09,0,,78.26,36.06,0,1,76.97,10.54,5.63,100.47,31.71,,62.50,24.60,2,-1,61.87,-6.31,2.24,36.94,23.90
250.18,0,,78.26,36.06,0,1,76.97,10.54,5.63,100.47,31.71,,62.47,24.56,2,-1,61.52,-6.37,2.22,36.86,23.86
250.27,0,,78.22,35.88,0,1,75.97,11.36,6.04,101.70,32.12,,62.43,24.53,2,-1,61.36,-6.38,2.21,36.84,23.86
250.39,0,,78.12,35.53,0,1,74.99,18.03,9.55,111.88,35.28,,62.39,24.49,1,0,61.52,-6.40,2.25,36.86,23.80
250.51,0,,78.05,35.37,0,1,74.72,19.42,10.85,114.57,35.37,,62.35,24.46,1,0,61.40,-6.35,2.29,36.95,23.81
250.57,0,,78.05,35.37,0,1,74.72,19.42,10.85,114.57,35.37,,62.31,24.42,1,0,61.44,-6.37,2.29,36.93,23.79
250.69,0,,77.97,35.24,0,1,76.63,21.42,11.86,117.58,36.36,,62.27,24.39,1,0,61.61,-6.46,2.30,36.85,23.69
250.78,0,,77.82,35.00,0,1,77.96,15.85,9.60,109.75,33.05,,62.23,24.35,1,0,60.98,-6.51,2.31,36.81,23.63
250.87,0,,77.82,35.00,0,1,77.96,15.85,9.60,109.75,33.05,,62.19,24.32,1,0,61.39,-6.59,2.30,36.72,23.56
250.99,0,,77.69,34.80,0,1,76.82,22.97,12.37,119.64,37.40,,62.14,24.28,1,0,61.85,-6.63,2.31,36.69,23.51
251.08,0,,77.63,34.73,0,1,77.04,23.33,12.37,120.00,37.76,,62.10,24.24,1,0,60.94,-6.58,2.34,36.77,23.53
251.17,0,,77.63,34.73,0,1,77.04,23.33,12.37,120.00,37.76,,62.06,24.20,1,0,61.39,-6.53,2.41,36.89,23.51
251.29,0,,77.50,34.67,0,1,77.81,25.32,13.02,122.64,39.10,,62.01,24.17,1,0,61.81,-6.50,2.46,36.97,23.49
251.39,0,,77.45,34.68,0,1,80.04,23.75,13.69,121.74,36.86,,61.97,24.13,1,0,61.50,-6.48,2.46,36.99,23.51
251.50,0,,77.41,34.70,0,1,80.56,20.55,12.93,117.78,34.42,,61.93,24.09,1,0,61.17,-6.57,2.47,36.91,23.41
251.59,0,,77.40,34.71,0,1,80.77,19.03,12.19,115.52,33.64,,61.90,24.05,1,0,61.54,-6.65,2.51,36.87,23.29
251.68,0,,77.40,34.71,0,1,80.77,19.03,12.19,115.52,33.64,,61.86,24.01,1,0,60.98,-6.64,2.48,36.85,23.33
251.77,0,,77.40,34.73,2,-1,78.86,20.45,13.05,117.80,34.20,,61.82,23.98,1,0,61.74,-6.64,2.47,36.84,23.34
251.89,0,,77.45,34.74,2,-1,78.18,20.46,13.34,118.10,33.92,,61.79,23.94,1,0,61.54,-6.58,2.55,36.98,23.32
252.01,0,,77.48,34.74,2,-1,80.77,19.56,13.05,116.91,33.31,,61.75,23.90,1,0,61.52,-6.55,2.59,37.05,23.31
252.07,0,,77.48,34.74,2,-1,80.77,19.56,13.05,116.91,33.31,,61.72,23.86,1,0,60.90,-6.64,2.59,36.96,23.22
252.19,0,,77.53,34.73,2,-1,78.48,19.95,12.75,117.00,34.00,,61.69,23.83,1,0,61.52,-6.69,2.62,36.94,23.14
252.28,0,,77.62,34.70,2,-1,78.56,20.80,13.64,118.74,33.96,,61.66,23.79,1,0,61.09,-6.75,2.64,36.90,23.06
252.37,0,,77.62,34.70,2,-1,78.56,20.80,13.64,118.74,33.96,,61.63,23.75,1,0,60.97,-6.85,2.67,36.83,22.93
252.49,0,,77.71,34.67,2,-1,77.37,19.45,12.49,116.24,33.76,,61.60,23.71,1,0,61.59,-6.87,2.70,36.84,22.88
252.58,0,,77.75,34.65,2,-1,77.46,18.73,12.28,115.31,33.25,,61.57,23.67,1,0,60.91,-6.82,2.72,36.91,22.91
252.67,0,,77.75,34.65,2,-1,77.46,18.73,12.28,115.31,33.25,,61.55,23.63,1,0,61.02,-6.83,2.77,36.95,22.85
252.79,0,,77.81,34.59,2,-1,78.39,18.10,11.95,114.35,32.95,,61.52,23.59,1,0,61.24,-6.90,2.78,36.89,22.77
252.88,0,,77.84,34.55,2,-1,77.91,17.37,12.02,113.69,32.15,,61.49,23.55,1,0,61.15,-6.90,2.75,36.86,22.80
253.00,0,,77.87,34.50,2,-1,78.65,17.40,11.63,113.33,32.57,,61.46,23.51,1,0,61.41,-6.93,2.78,36.86,22.74
253.10,0,,77.90,34.45,2,-1,79.10,17.37,11.61,113.28,32.56,,61.44,23.47,1,0,61.18,-7.03,2.81,36.79,22.61
253.18,0,,77.90,34.45,2,-1,79.10,17.37,11.61,113.28,32.56,,61.42,23.43,1,0,60.94,-7.21,2.79,36.59,22.45
253.27,0,,77.93,34.39,2,-1,78.88,16.90,11.87,113.07,31.83,,61.39,23.39,1,0,61.52,-6.97,2.77,36.81,22.71
253.39,0,,78.01,34.24,2,-1,78.73,15.44,10.74,110.48,31.50,,61.37,23.35,1,0,61.01,-6.54,2.79,37.26,23.12
253.51,0,,78.04,34.16,2,-1,77.07,14.33,10.31,108.94,30.82,,61.35,23.30,1,0,61.06,-8.05,2.64,35.60,21.76
253.57,0,,78.04,34.16,2,-1,77.07,14.33,10.31,108.94,30.82,,61.33,23.26,1,0,60.45,-9.98,2.32,33.35,20.15
253.69,0,,78.07,34.07,2,-1,75.52,13.74,9.28,107.32,31.26,,61.31,23.20,1,0,60.46,-9.74,2.47,33.74,20.24
253.78,0,,78.07,33.87,2,-1,74.82,14.05,8.09,106.44,32.76,,61.29,23.13,1,0,61.52,-9.61,2.45,33.85,20.39
253.87,0,,78.07,33.87,2,-1,74.82,14.05,8.09,106.44,32.76,,61.26,23.05,1,0,60.66,-10.20,2.04,32.85,20.21
253.99,0,,78.00,33.68,2,-1,74.13,15.05,7.81,107.16,34.04,,61.24,22.97,1,0,60.84,-9.72,2.56,33.85,20.17
254.08,0,,77.95,33.61,2,-1,75.97,16.07,8.41,108.78,34.46,,61.22,22.87,1,0,62.66,-8.30,3.10,35.81,21.05
254.17,0,,77.95,33.61,2,-1,75.97,16.07,8.41,108.78,34.46,,61.21,22.78,1,0,62.38,-6.16,2.52,37.37,23.77
254.29,0,,77.79,33.49,2,-1,73.88,16.08,8.16,108.54,34.72,,61.21,22.71,1,0,66.09,-4.41,1.15,37.75,26.89
254.38,0,,77.69,33.45,2,-1,72.89,16.31,8.73,109.34,34.38,,61.23,22.67,1,0,65.59,-3.06,-0.29,37.66,29.68
254.51,0,,77.58,33.42,2,-1,74.35,15.48,8.53,108.31,33.75,,61.28,22.66,1,0,65.26,-3.25,-0.16,37.60,29.36
254.59,0,,77.46,33.40,2,-1,74.95,14.95,8.13,107.38,33.62,,61.35,22.70,1,0,65.97,-4.17,0.31,37.15,27.97
254.68,0,,77.46,33.40,2,-1,74.95,14.95,8.13,107.38,33.62,,61.43,22.76,1,0,63.85,-4.27,0.72,37.46,27.46
254.77,0,,77.33,33.38,2,-1,73.60,16.96,9.19,110.45,34.57,,61.52,22.85,1,0,63.37,-5.93,2.17,37.25,24.35
254.89,0,,77.07,33.37,2,-1,73.85,20.67,10.78,115.75,36.69,,61.62,22.93,1,0,64.96,-5.56,2.01,37.46,24.88
255.01,0,,76.93,33.40,2,-1,73.36,21.35,11.38,117.03,36.77,,61.72,23.03,1,0,66.29,-3.27,0.65,38.39,28.53
255.07,0,,76.93,33.40,2,-1,73.36,21.35,11.38,117.03,36.77,,61.84,23.14,1,0,64.66,-3.62,0.37,37.76,28.46
255.19,0,,76.79,33.44,2,-1,73.19,21.68,11.45,117.43,37.03,,61.96,23.26,1,0,64.09,-4.95,0.92,36.98,26.58
255.28,0,,76.49,33.57,2,-1,74.57,20.89,11.49,116.68,36.20,,62.08,23.40,1,0,64.87,-5.60,1.16,36.57,25.69
255.37,0,,76.49,33.57,2,-1,74.57,20.89,11.49,116.68,36.20,,62.21,23.53,1,0,65.03,-5.19,0.32,36.14,26.94
255.49,0,,76.21,33.73,2,-1,74.68,20.43,11.46,116.19,35.77,,62.34,23.68,1,0,66.20,-4.63,-0.08,36.30,27.90
255.58,0,,76.08,33.82,2,-1,74.87,22.73,12.73,119.76,36.80,,62.47,23.82,1,0,63.41,-5.13,0.84,36.72,26.48
255.67,0,,76.08,33.82,2,-1,74.87,22.73,12.73,119.76,36.80,,62.60,23.97,1,0,63.14,-6.50,2.38,36.89,23.57
255.79,0,,75.84,34.02,2,-1,74.72,25.03,13.85,123.18,37.98,,62.72,24.10,1,0,63.36,-6.64,2.78,37.15,23.03
255.88,0,,75.84,34.02,2,-1,74.72,25.03,13.85,123.18,37.98,,62.83,24.22,1,0,65.34,-5.14,1.59,37.46,25.72
256.00,0,,75.62,34.26,4,-2,72.68,22.60,13.27,120.17,36.13,,62.94,24.33,1,0,66.10,-3.91,0.15,37.25,28.39
256.09,0,,75.51,34.38,4,-2,74.76,21.70,12.80,118.80,35.70,,63.06,24.45,1,0,66.35,-3.70,-0.35,36.96,29.10
256.18,0,,75.51,34.38,4,-2,74.76,21.70,12.80,118.80,35.70,,63.19,24.59,1,0,65.82,-4.21,0.00,36.80,28.24
256.27,0,,75.41,34.50,4,-2,74.97,23.88,13.18,121.36,37.50,,63.31,24.73,1,0,65.37,-4.99,-0.17,35.85,27.63
256.39,0,,75.22,34.76,4,-2,73.94,24.84,14.63,123.77,37.01,,63.44,24.87,1,0,64.22,-6.33,0.13,34.81,25.99
256.51,0,,75.14,34.89,4,-2,73.49,23.19,13.87,121.36,36.12,,63.56,25.00,1,0,65.55,-6.61,0.87,35.27,24.97
256.57,0,,75.14,34.89,4,-2,73.49,23.19,13.87,121.36,36.12,,63.68,25.13,1,0,65.86,-5.48,0.39,35.92,26.58
256.69,0,,75.05,35.01,4,-2,74.60,21.46,13.17,118.93,35.09,,63.79,25.25,1,0,66.35,-4.62,-0.14,36.25,27.97
256.78,0,,74.89,35.22,4,-2,73.75,17.81,10.40,112.51,34.21,,63.91,25.37,1,0,65.92,-4.23,0.02,36.80,28.20
256.87,0,,74.89,35.22,4,-2,73.75,17.81,10.40,112.51,34.21,,64.03,25.49,1,0,65.39,-4.51,0.36,36.86,27.58
256.99,0,,74.72,35.37,4,-2,72.48,19.65,11.66,115.61,34.79,,64.15,25.61,1,0,65.35,-5.31,0.94,36.64,26.20
257.08,0,,74.63,35.43,4,-2,72.62,19.70,11.63,115.63,34.87,,64.26,25.72,1,0,64.78,-5.94,1.31,36.38,25.20
257.17,0,,74.63,35.43,4,-2,72.62,19.70,11.63,115.63,34.87,,64.36,25.82,1,0,66.01,-5.58,0.95,36.38,25.92
257.29,0,,74.44,35.52,4,-2,71.56,18.83,10.65,113.78,34.98,,64.46,25.92,1,0,66.03,-4.73,0.54,36.82,27.18
257.38,0,,74.34,35.55,4,-2,72.93,18.27,10.35,112.92,34.72,,64.56,26.00,1,0,66.15,-4.38,0.44,37.07,27.63
257.50,0,,74.24,35.58,4,-2,72.73,18.05,9.93,112.28,34.92,,64.65,26.09,1,0,66.00,-4.22,0.37,37.16,27.86
257.59,0,,74.13,35.60,4,-2,70.48,17.72,9.62,111.64,34.90,,64.75,26.18,1,0,65.81,-4.18,0.42,37.25,27.85
257.68,0,,74.13,35.60,4,-2,70.48,17.72,9.62,111.64,34.90,,64.84,26.27,1,0,65.07,-4.49,0.67,37.19,27.29
257.77,0,,74.02,35.61,4,-2,70.77,17.68,9.66,111.64,34.82,,64.92,26.35,1,0,65.17,-4.88,0.97,37.10,26.60
257.89,0,,73.80,35.62,4,-2,71.94,17.36,9.02,110.68,35.14,,65.00,26.43,1,0,65.34,-4.79,0.96,37.18,26.70
258.01,0,,73.69,35.62,4,-2,71.73,17.84,9.47,111.61,35.17,,65.07,26.50,0,1,65.52,-3.92,0.53,37.62,28.00
258.07,0,,73.69,35.62,4,-2,71.73,17.84,9.47,111.61,35.17,,65.13,26.57,0,1,64.19,-3.56,0.69,38.14,28.20
258.19,0,,73.58,35.62,4,-2,71.76,18.86,9.98,113.14,35.68,,65.19,26.65,0,1,65.01,-4.13,1.28,38.16,27.04
258.28,0,,73.36,35.61,4,-2,72.73,17.03,9.50,110.83,34.33,,65.23,26.72,0,1,65.04,-3.90,0.65,37.76,27.90
258.37,0,,73.36,35.61,4,-2,72.73,17.03,9.50,110.83,34.33,,65.27,26.79,0,1,64.82,-3.88,-0.46,36.67,29.03
258.49,0,,73.16,35.59,4,-2,73.44,19.70,9.38,113.38,37.12,,65.31,26.86,0,1,63.38,-4.82,-0.49,35.70,28.12
258.58,0,,73.07,35.59,4,-2,73.87,22.08,10.82,117.20,38.06,,65.32,26.93,0,1,62.81,-5.65,0.25,35.61,26.55
258.67,0,,73.07,35.59,4,-2,73.87,22.08,10.82,117.20,38.06,,65.32,26.99,0,1,61.95,-5.89,1.01,36.13,25.55
258.79,0,,72.94,35.63,4,-2,73.31,20.66,10.50,115.46,36.96,,65.31,27.04,0,1,62.20,-5.08,1.19,37.12,26.18
258.88,0,,72.88,35.66,4,-2,73.99,20.08,10.12,114.50,36.76,,65.27,27.08,0,1,62.54,-4.54,1.12,37.59,26.79
259.00,0,,72.84,35.69,4,-2,74.14,21.69,9.77,115.76,38.72,,65.23,27.12,0,1,61.94,-4.55,1.30,37.76,26.60
259.09,0,,72.81,35.74,4,-2,73.21,23.05,9.92,117.27,39.93,,65.17,27.14,0,1,62.71,-4.20,1.43,38.24,26.82
259.18,0,,72.81,35.74,4,-2,73.21,23.05,9.92,117.27,39.93,,65.10,27.17,0,2,62.26,-3.95,1.52,38.58,26.98
259.27,0,,72.78,35.80,4,-2,73.54,22.42,9.99,116.71,39.23,,65.02,27.18,0,2,63.20,-3.80,1.46,38.67,27.19
259.39,0,,72.74,35.97,4,-2,74.11,19.48,8.60,112.38,37.68,,64.94,27.20,0,2,62.54,-3.68,1.24,38.57,27.53
259.52,0,,72.73,36.05,4,-2,73.12,18.50,8.29,111.09,37.01,,64.85,27.22,0,2,63.05,-3.50,1.23,38.74,27.72
259.57,0,,72.73,36.05,4,-2,73.12,18.50,8.29,111.09,37.01,,64.77,27.24,0,2,62.78,-3.40,1.25,38.86,27.80
259.69,0,,72.73,36.14,4,-2,74.54,19.70,8.49,112.49,38.01,,64.68,27.25,0,2,62.30,-3.52,1.14,38.63,27.79
259.78,0,,72.75,36.32,4,-2,73.79,20.22,8.70,113.22,38.32,,64.58,27.27,0,2,62.81,-3.31,1.14,38.84,28.00
259.87,0,,72.75,36.32,4,-2,73.79,20.22,8.70,113.22,38.32,,64.49,27.30,0,2,63.41,-2.62,1.23,39.62,28.60
260.02,0,,72.80,36.51,4,-2,73.38,23.32,10.25,117.87,39.87,,64.40,27.33,0,2,64.23,-1.88,1.28,40.41,29.29
260.08,0,,72.83,36.62,4,-2,73.74,23.52,10.94,118.76,39.38,,64.32,27.36,0,2,64.37,-1.36,1.26,40.91,29.83
260.17,0,,72.83,36.62,4,-2,73.74,23.52,10.94,118.76,39.38,,64.24,27.41,0,2,63.62,-1.15,1.20,41.06,30.10
260.29,0,,72.89,36.85,4,-2,73.13,25.81,11.20,121.31,41.41,,64.17,27.47,0,2,63.96,-1.05,1.24,41.20,30.16
260.38,0,,72.93,36.99,4,-2,74.00,26.46,11.85,122.61,41.41,,64.11,27.53,0,2,64.36,-0.83,1.23,41.41,30.39
260.50,0,,72.96,37.13,4,-2,74.36,25.94,11.43,121.67,41.31,,64.05,27.61,0,2,64.02,-0.62,1.07,41.46,30.76
260.59,0,,73.00,37.29,4,-2,73.69,25.58,11.36,121.24,41.02,,64.00,27.70,0,2,63.74,-0.48,1.12,41.65,30.85
260.68,0,,73.00,37.29,4,-2,73.69,25.58,11.36,121.24,41.02,,63.96,27.79,0,2,64.02,-0.45,1.30,41.86,30.70
260.77,0,,73.04,37.44,4,-2,72.75,25.64,11.93,121.87,40.51,,63.92,27.90,0,2,65.25,-0.24,1.24,42.01,30.97
260.89,0,,73.12,37.77,4,-2,73.90,26.62,12.56,123.48,40.86,,63.89,28.01,0,2,65.06,-0.15,1.17,42.03,31.13
261.01,0,,73.16,37.93,4,-2,75.14,26.83,12.90,124.03,40.73,,63.87,28.12,0,2,64.14,-0.57,1.15,41.59,30.73
261.07,0,,73.16,37.93,4,-2,75.14,26.83,12.90,124.03,40.73,,63.85,28.24,0,2,62.56,-2.11,1.55,40.45,28.79
261.19,0,,73.20,38.10,4,-2,74.54,27.16,12.96,124.42,41.00,,63.83,28.34,0,2,61.87,-4.78,2.53,38.76,25.14
261.28,0,,73.31,38.42,4,-2,75.03,26.28,12.41,122.99,40.67,,63.80,28.42,0,2,64.13,-5.95,1.48,36.54,25.02
261.37,0,,73.31,38.42,4,-2,75.03,26.28,12.41,122.99,40.67,,63.78,28.48,0,2,64.10,-5.21,-0.63,35.17,27.87
261.52,0,,73.46,38.73,4,-2,75.91,25.08,11.85,121.23,40.03,,63.75,28.52,0,2,63.50,-4.71,-0.40,35.90,28.14
261.58,0,,73.54,38.87,4,-2,75.37,24.75,11.61,120.66,39.94,,63.74,28.56,0,2,64.06,-4.94,0.12,36.19,27.39
261.67,0,,73.54,38.87,4,-2,75.37,24.75,11.61,120.66,39.94,,63.72,28.58,0,2,64.06,-4.76,0.00,36.25,27.69
261.79,0,,73.71,39.14,4,-2,74.90,23.63,10.79,118.72,39.64,,63.71,28.60,0,2,63.35,-4.09,0.74,37.66,27.62
261.88,0,,73.80,39.25,4,-2,74.45,23.61,11.02,118.93,39.39,,63.69,28.61,0,2,63.46,-3.82,1.00,38.19,27.63
262.04,0,,73.88,39.36,4,-2,74.76,23.52,10.67,118.49,39.65,,63.68,28.61,0,2,63.76,-3.45,1.07,38.63,27.93
262.09,0,,73.96,39.45,4,-2,76.45,23.37,10.48,118.15,39.69,,63.67,28.62,0,2,64.67,-2.06,1.18,40.13,29.21
262.18,0,,73.96,39.45,4,-2,76.45,23.37,10.48,118.15,39.69,,63.67,28.62,0,2,65.34,-0.18,0.49,41.32,31.78
262.27,0,,74.04,39.54,4,-2,75.34,23.68,10.75,118.73,39.73,,63.67,28.64,0,2,65.44,0.52,-0.42,41.11,33.39
262.39,0,,74.21,39.70,4,-2,76.34,23.48,10.64,118.42,39.64,,63.69,28.69,0,1,65.98,0.29,-1.15,40.15,33.89
262.52,0,,74.30,39.76,4,-2,75.45,22.65,10.08,117.03,39.37,,63.72,28.76,0,1,66.29,0.80,-1.75,40.06,35.00
262.57,0,,74.30,39.76,4,-2,75.45,22.65,10.08,117.03,39.37,,63.76,28.86,0,1,66.03,1.16,-2.03,40.14,35.64
262.69,0,,74.38,39.82,4,-2,76.46,23.27,9.76,117.33,40.31,,63.80,28.99,0,1,65.68,0.03,-1.38,39.66,33.86
262.78,0,,74.57,39.93,4,-2,77.52,24.29,10.28,118.87,40.81,,63.86,29.12,0,1,64.73,-4.93,-1.14,34.94,28.66
262.87,0,,74.57,39.93,4,-2,77.52,24.29,10.28,118.87,40.81,,63.91,29.25,0,1,67.85,-7.30,-2.95,30.76,28.10
263.02,0,,74.76,40.04,4,-2,75.94,26.18,10.94,121.42,42.04,,63.98,29.36,0,1,65.54,-3.99,-3.81,33.21,32.27
263.08,0,,74.85,40.10,4,-2,76.48,26.61,11.74,122.65,41.67,,64.06,29.47,0,1,68.70,-3.98,-3.06,33.97,31.53
263.17,0,,74.85,40.10,4,-2,76.48,26.61,11.74,122.65,41.67,,64.15,29.59,0,1,68.61,-3.83,-4.44,32.74,33.06
263.29,0,,75.03,40.22,4,-2,74.74,25.18,11.53,121.01,40.45,,64.26,29.71,0,1,68.68,-2.59,-5.58,32.84,35.44
263.38,0,,75.11,40.28,4,-2,75.82,23.39,11.16,118.85,39.03,,64.38,29.85,0,1,65.99,-5.34,-4.16,31.51,31.27
263.50,0,,75.18,40.32,4,-2,75.63,22.81,10.93,118.04,38.68,,64.50,29.98,0,1,65.53,-4.47,-2.37,34.17,30.35
263.59,0,,75.25,40.35,4,-2,75.70,24.07,11.75,120.12,39.12,,64.61,30.10,0,1,66.13,-1.75,-0.72,38.54,31.42
263.68,0,,75.25,40.35,4,-2,75.70,24.07,11.75,120.12,39.12,,64.72,30.22,0,1,66.97,-2.07,-1.91,37.03,32.29
263.77,0,,75.31,40.37,4,-2,76.33,23.88,12.28,120.46,38.40,,64.83,30.34,0,1,66.35,-2.98,-3.55,34.48,33.02
263.89,0,,75.43,40.37,4,-2,75.56,22.29,10.35,116.94,38.74,,64.94,30.46,0,1,65.98,-2.95,-2.62,35.44,32.12
264.01,0,,75.49,40.35,4,-2,74.29,20.93,10.42,115.65,37.31,,65.04,30.58,0,1,66.54,-2.83,-2.59,35.59,32.21
264.07,0,,75.49,40.35,4,-2,74.29,20.93,10.42,115.65,37.31,,65.15,30.69,0,1,67.14,-2.02,-2.73,36.26,33.16
264.19,0,,75.53,40.32,4,-2,75.26,16.49,8.66,109.45,34.63,,65.25,30.81,0,1,68.48,0.34,-2.20,39.15,34.99
264.28,0,,75.60,40.17,4,-2,76.74,16.48,7.68,108.46,35.60,,65.36,30.94,0,1,68.52,1.49,-2.66,39.84,36.60
264.37,0,,75.60,40.17,4,-2,76.74,16.48,7.68,108.46,35.60,,65.48,31.09,0,1,67.88,1.60,-2.78,39.83,36.83
264.53,0,,75.68,39.94,4,-2,75.12,16.42,7.22,107.94,36.00,,65.60,31.26,0,1,68.60,1.06,-2.52,39.55,36.03
264.61,0,,75.71,39.81,4,-2,75.43,18.15,7.72,110.17,37.23,,65.72,31.43,0,1,68.48,0.91,-2.25,39.67,35.61
264.67,0,,75.71,39.81,4,-2,75.43,18.15,7.72,110.17,37.23,,65.85,31.62,0,1,67.98,1.33,-2.12,40.22,35.90
264.79,0,,75.77,39.55,4,-2,76.33,18.98,7.78,111.06,38.00,,65.97,31.80,0,1,68.74,1.34,-2.45,39.90,36.24
264.88,0,,75.80,39.42,4,-2,77.87,18.90,7.83,111.03,37.87,,66.10,32.00,0,1,68.22,1.76,-2.50,40.27,36.71
265.00,0,,75.84,39.30,4,-2,77.75,19.59,7.78,111.67,38.61,,66.23,32.20,0,1,68.79,2.04,-2.28,40.77,36.77
265.09,0,,75.88,39.18,3,-1,77.19,19.84,8.03,112.17,38.61,,66.36,32.41,0,1,68.71,2.42,-2.27,41.16,37.14
265.18,0,,75.88,39.18,3,-1,77.19,19.84,8.03,112.17,38.61,,66.49,32.62,0,1,68.71,2.92,-2.05,41.88,37.42
265.27,0,,75.92,39.08,3,-1,76.21,19.75,8.24,112.29,38.31,,66.62,32.84,0,1,68.83,2.53,-1.67,41.87,36.65
265.39,0,,76.01,38.90,2,1,77.09,21.59,8.51,114.40,39.88,,66.75,33.06,0,1,69.58,2.42,-2.30,41.13,37.17
265.51,0,,76.06,38.83,2,1,78.08,21.83,8.89,115.02,39.74,,66.88,33.27,0,1,68.67,1.79,-3.16,39.64,37.40
265.57,0,,76.06,38.83,2,1,78.08,21.83,8.89,115.02,39.74,,67.01,33.49,0,1,69.97,0.64,-3.37,38.28,36.46
265.69,0,,76.11,38.77,2,1,77.09,23.02,9.14,116.46,40.68,,67.14,33.71,0,1,69.86,2.02,-3.56,39.47,38.03
265.78,0,,76.22,38.71,2,1,78.22,23.12,9.31,116.73,40.61,,67.27,33.93,0,1,69.52,3.19,-3.73,40.47,39.37
265.87,0,,76.22,38.71,2,1,78.22,23.12,9.31,116.73,40.61,,67.40,34.15,0,1,69.98,2.32,-3.78,39.55,38.55
266.03,0,,76.35,38.70,2,1,79.45,23.22,9.50,117.02,40.52,,67.54,34.38,0,1,69.75,2.64,-3.94,39.71,39.03
266.08,0,,76.43,38.71,2,1,78.40,22.40,9.27,115.97,39.93,,67.67,34.61,0,1,70.18,2.91,-3.99,39.93,39.35
266.17,0,,76.43,38.71,2,1,78.40,22.40,9.27,115.97,39.93,,67.80,34.84,0,1,70.26,2.67,-3.96,39.72,39.08
266.29,0,,76.60,38.76,2,1,78.45,22.94,9.45,116.69,40.29,,67.94,35.08,0,1,69.70,1.55,-4.39,38.17,38.39
266.38,0,,76.60,38.76,2,1,78.45,22.94,9.45,116.69,40.29,,68.07,35.30,0,1,69.81,-0.95,-4.99,35.07,36.49
266.50,0,,76.77,38.83,2,1,77.60,24.20,9.69,118.19,41.31,,68.19,35.51,0,1,69.70,-2.06,-4.83,34.12,35.22
266.59,0,,76.86,38.88,2,1,78.84,25.03,10.13,119.46,41.70,,68.31,35.70,0,1,69.00,-2.94,-4.82,33.25,34.33
266.68,0,,76.86,38.88,2,1,78.84,25.03,10.13,119.46,41.70,,68.43,35.86,0,1,68.95,-4.47,-5.37,31.17,33.35
266.77,0,,76.95,38.94,1,1,78.99,25.71,10.80,120.81,41.71,,68.53,35.99,0,1,69.20,-4.84,-5.39,30.78,33.00
266.89,0,,77.14,39.09,0,2,79.68,25.69,10.58,120.57,41.91,,68.63,36.09,0,1,69.37,-4.59,-5.24,31.18,33.10
267.02,0,,77.24,39.18,0,2,79.10,26.58,10.85,121.73,42.53,,68.72,36.16,0,1,70.32,-2.97,-5.06,32.98,34.54
267.07,0,,77.24,39.18,0,2,79.10,26.58,10.85,121.73,42.53,,68.81,36.21,0,1,68.37,-2.26,-5.00,33.75,35.19
267.19,0,,77.34,39.28,0,2,80.52,27.93,11.04,123.27,43.69,,68.89,36.25,0,1,68.89,-5.13,-5.41,30.47,32.73
267.28,0,,77.57,39.52,0,2,80.73,29.43,11.70,125.43,44.53,,68.96,36.27,0,1,69.82,-5.17,-5.61,30.23,32.89
267.37,0,,77.57,39.52,0,2,80.73,29.43,11.70,125.43,44.53,,69.03,36.27,0,1,69.36,-3.45,-5.38,32.18,34.38
267.52,0,,77.80,39.83,0,2,80.95,29.96,12.00,126.26,44.76,,69.09,36.25,0,1,69.54,-4.10,-4.96,31.95,33.31
267.58,0,,77.93,40.00,0,2,79.83,30.25,12.20,126.75,44.85,,69.15,36.22,0,1,69.19,-3.51,-4.57,32.93,33.51
267.67,0,,77.93,40.00,0,2,79.83,30.25,12.20,126.75,44.85,,69.21,36.18,0,1,69.80,-2.71,-4.32,33.98,34.06
267.79,0,,78.18,40.37,0,2,82.35,30.98,12.50,127.78,45.28,,69.26,36.13,0,1,69.01,-2.84,-4.36,33.81,33.97
267.88,0,,78.31,40.57,0,2,79.96,30.94,12.64,127.88,45.10,,69.30,36.07,0,1,69.20,-3.64,-4.60,32.77,33.41
268.00,0,,78.44,40.78,0,2,80.42,30.95,12.39,127.64,45.36,,69.34,36.00,0,1,68.79,-5.39,-4.73,30.89,31.79
268.09,0,,78.57,40.99,0,2,80.69,30.94,12.43,127.67,45.31,,69.37,35.91,0,1,69.44,-5.34,-4.59,31.08,31.70
268.18,0,,78.57,40.99,0,2,80.69,30.94,12.43,127.67,45.31,,69.40,35.81,0,1,69.41,-4.72,-4.38,31.91,32.11
268.27,0,,78.70,41.20,0,2,81.97,31.20,12.75,128.25,45.25,,69.42,35.70,0,2,68.92,-5.56,-4.45,31.00,31.34
268.39,0,,78.97,41.63,0,2,81.58,31.27,12.70,128.27,45.37,,69.45,35.58,0,2,68.92,-5.89,-4.35,30.77,30.91
268.52,0,,79.12,41.85,0,2,81.57,31.18,12.78,128.26,45.20,,69.46,35.44,0,2,69.27,-5.53,-4.16,31.32,31.08
268.58,0,,79.12,41.85,0,2,81.57,31.18,12.78,128.26,45.20,,69.47,35.29,0,2,69.13,-5.21,-4.22,31.58,31.46
268.69,0,,79.26,42.06,0,2,81.98,30.22,12.26,126.78,44.76,,69.48,35.13,0,2,69.88,-4.45,-4.20,32.36,32.20
268.78,0,,79.54,42.46,0,2,81.91,27.14,10.81,122.25,43.13,,69.49,34.98,0,2,69.42,-3.69,-4.08,33.24,32.84
268.87,0,,79.54,42.46,0,2,81.91,27.14,10.81,122.25,43.13,,69.50,34.82,0,2,69.81,-3.50,-3.85,33.66,32.80
269.02,0,,79.81,42.79,0,2,82.25,24.21,9.71,118.22,41.30,,69.51,34.67,0,2,68.96,-3.74,-3.73,33.54,32.44
269.08,0,,79.94,42.92,0,2,81.08,23.29,9.12,116.71,40.97,,69.52,34.53,0,2,68.86,-4.34,-3.75,32.92,31.86
269.17,0,,79.94,42.92,0,2,81.08,23.29,9.12,116.71,40.97,,69.52,34.38,0,2,68.39,-4.97,-3.43,32.61,30.91
269.29,0,,80.20,43.12,0,2,83.18,26.45,10.33,121.08,42.92,,69.51,34.23,0,2,68.22,-5.13,-3.11,32.77,30.43
269.39,0,,80.32,43.19,0,2,82.24,27.73,11.21,123.24,43.32,,69.50,34.07,0,2,68.62,-4.81,-3.10,33.10,30.74
269.50,0,,80.45,43.26,0,2,82.04,28.49,11.40,124.19,43.89,,69.48,33.91,0,2,68.78,-4.44,-3.03,33.54,31.04
269.59,0,,80.57,43.33,0,2,82.09,29.00,11.71,125.01,44.09,,69.46,33.75,0,2,68.90,-4.44,-3.08,33.49,31.09
269.68,0,,80.57,43.33,0,2,82.09,29.00,11.71,125.01,44.09,,69.44,33.59,0,2,68.88,-4.68,-3.11,33.22,30.88
269.77,0,,80.69,43.40,0,2,82.37,29.47,11.88,125.65,44.39,,69.42,33.43,0,2,69.01,-4.48,-2.96,33.57,30.93
269.89,0,,80.92,43.53,0,2,83.79,30.70,12.19,127.19,45.31,,69.40,33.27,0,2,68.65,-4.37,-2.86,33.78,30.94
270.01,0,,81.04,43.60,0,2,82.68,30.37,12.12,126.79,45.05,,69.38,33.12,0,2,68.46,-4.77,-2.70,33.54,30.38
270.07,0,,81.04,43.60,0,2,82.68,30.37,12.12,126.79,45.05,,69.35,32.97,0,2,68.30,-4.70,-2.56,33.75,30.31
270.19,0,,81.16,43.67,0,2,83.75,30.57,11.91,126.78,45.46,,69.32,32.81,0,2,68.57,-4.35,-2.57,34.09,30.67
270.28,0,,81.39,43.82,0,2,83.13,30.54,12.35,127.19,44.99,,69.29,32.67,0,2,68.62,-3.82,-2.46,34.73,31.09
270.37,0,,81.39,43.82,0,2,83.13,30.54,12.35,127.19,44.99,,69.26,32.52,0,2,68.71,-2.71,-2.07,36.23,31.81
270.52,0,,81.62,43.97,0,2,84.26,30.47,12.14,126.91,45.13,,69.23,32.39,0,2,68.37,-1.96,-1.40,37.65,31.89
270.58,0,,81.73,44.04,0,2,83.82,29.57,11.68,125.55,44.69,,69.19,32.27,0,2,68.32,-2.28,-1.00,37.73,31.17
270.67,0,,81.73,44.04,0,2,83.82,29.57,11.68,125.55,44.69,,69.16,32.15,0,2,68.31,-2.63,-1.42,36.96,31.24
270.79,0,,81.97,44.18,0,2,83.63,28.40,11.02,123.72,44.18,,69.12,32.05,0,2,68.95,-1.95,-1.86,37.20,32.36
270.89,0,,82.10,44.24,0,2,82.89,26.81,10.63,121.74,42.98,,69.09,31.95,0,2,68.69,-1.29,-1.61,38.11,32.77
271.00,0,,82.21,44.29,0,2,82.97,26.47,10.10,120.87,43.17,,69.06,31.87,0,2,68.68,-1.66,-1.22,38.13,32.01
271.09,0,,82.32,44.32,0,2,84.12,25.84,10.01,120.15,42.63,,69.03,31.80,0,2,68.41,-2.30,-1.26,37.45,31.41
271.18,0,,82.32,44.32,0,2,84.12,25.84,10.01,120.15,42.63,,68.99,31.73,0,2,68.08,-3.82,-1.60,35.59,30.23
271.27,0,,82.43,44.34,0,2,84.68,24.49,9.65,118.44,41.64,,68.96,31.66,0,2,67.35,-6.03,-1.93,33.05,28.35
271.39,0,,82.64,44.33,0,2,83.90,22.67,8.47,115.44,41.00,,68.92,31.58,0,2,67.22,-7.84,-2.32,30.85,26.93
271.51,0,,82.75,44.30,0,2,84.55,21.71,8.02,114.03,40.49,,68.87,31.48,0,2,66.53,-9.93,-2.97,28.11,25.49
271.57,0,,82.75,44.30,0,2,84.55,21.71,8.02,114.03,40.49,,68.82,31.36,0,2,66.63,-11.51,-3.36,26.14,24.30
271.69,0,,82.85,44.25,0,2,83.91,21.59,7.44,113.33,40.95,,68.76,31.20,0,2,67.15,-12.03,-3.47,25.51,23.89
271.78,0,,83.05,44.11,0,2,83.62,20.97,7.31,112.58,40.46,,68.70,31.03,0,2,67.08,-12.74,-3.88,24.39,23.59
271.87,0,,83.05,44.11,0,2,83.62,20.97,7.31,112.58,40.46,,68.63,30.82,0,2,67.17,-13.77,-4.48,22.76,23.16
272.02,0,,83.24,43.92,0,2,85.01,19.85,6.91,111.06,39.74,,68.56,30.60,0,2,67.88,-14.67,-5.59,20.75,23.37
272.08,0,,83.33,43.80,0,2,83.64,19.58,6.81,110.69,39.57,,68.50,30.35,0,2,68.24,-15.15,-6.74,19.12,24.04
272.17,0,,83.33,43.80,0,2,83.64,19.58,6.81,110.69,39.57,,68.44,30.10,0,2,68.78,-15.36,-6.86,18.79,23.95
272.29,0,,83.49,43.54,0,2,83.68,22.50,7.68,114.48,41.62,,68.39,29.83,0,2,68.74,-15.35,-6.67,18.99,23.77
272.39,0,,83.56,43.41,0,2,83.47,23.87,8.60,116.77,42.07,,68.34,29.56,0,2,68.66,-15.39,-6.58,19.04,23.64
272.50,0,,83.62,43.29,0,2,83.64,24.73,9.00,118.03,42.53,,68.31,29.28,0,2,68.64,-15.71,-6.46,18.84,23.20
272.59,0,,83.68,43.17,0,2,83.76,24.75,9.27,118.32,42.28,,68.27,29.00,0,2,68.18,-15.78,-6.67,18.56,23.34
272.68,0,,83.68,43.17,0,2,83.76,24.75,9.27,118.32,42.28,,68.24,28.71,0,2,67.39,-16.01,-6.37,18.63,22.81
272.77,0,,83.73,43.06,0,2,84.73,25.03,9.52,118.85,42.31,,68.21,28.42,0,2,67.14,-16.55,-5.67,18.79,21.57
272.89,0,,83.83,42.87,0,2,83.30,27.17,10.17,121.64,43.80,,68.18,28.12,0,2,66.68,-16.91,-5.21,18.89,20.75
273.02,0,,83.88,42.80,0,2,84.69,27.43,10.48,122.21,43.75,,68.14,27.80,0,2,65.94,-17.37,-4.59,19.05,19.67
273.07,0,,83.88,42.80,0,2,84.69,27.43,10.48,122.21,43.75,,68.09,27.47,0,2,65.81,-17.98,-4.06,18.97,18.53
273.19,0,,83.92,42.74,0,2,84.98,27.93,10.40,122.63,44.33,,68.03,27.13,0,2,64.63,-18.74,-3.44,18.83,17.15
273.28,0,,84.01,42.66,0,2,83.89,28.81,11.10,124.21,44.51,,67.96,26.76,0,2,64.09,-19.82,-2.61,18.58,15.24
273.37,0,,84.01,42.66,0,2,83.89,28.81,11.10,124.21,44.51,,67.88,26.36,0,2,63.26,-20.87,-1.91,18.23,13.49
273.52,0,,84.08,42.65,0,2,85.14,30.29,11.70,126.29,45.39,,67.77,25.93,0,2,63.05,-21.75,-1.19,18.07,11.89
273.58,0,,84.08,42.65,0,2,85.14,30.29,11.70,126.29,45.39,,67.65,25.46,0,2,62.05,-22.27,-0.59,18.15,10.77
273.67,0,,84.12,42.67,0,2,85.04,30.68,12.01,126.99,45.47,,67.51,24.96,0,2,61.14,-22.44,-0.05,18.52,10.06
273.79,0,,84.21,42.75,0,2,85.87,31.92,12.46,128.68,46.26,,67.35,24.42,0,2,60.36,-22.85,0.59,18.75,9.01
273.88,0,,84.26,42.81,0,2,85.37,31.97,12.70,128.97,46.07,,67.16,23.85,0,2,60.22,-23.12,1.01,18.90,8.32
274.00,0,,84.31,42.89,0,2,85.33,32.53,12.70,129.53,46.63,,66.96,23.25,0,2,60.62,-22.82,1.16,19.35,8.47
274.09,0,,84.37,42.97,0,2,85.66,31.39,12.55,128.24,45.64,,66.73,22.63,0,2,61.05,-22.39,1.36,19.98,8.70
274.18,0,,84.37,42.97,0,2,85.66,31.39,12.55,128.24,45.64,,66.50,21.99,0,1,60.96,-22.15,1.68,20.54,8.62
274.27,0,,84.42,43.07,0,2,85.57,29.70,11.81,125.81,44.69,,66.26,21.34,0,1,60.99,-22.24,2.14,20.91,8.07
274.39,0,,84.55,43.26,0,2,86.49,29.04,11.35,124.69,44.49,,66.02,20.68,0,1,60.98,-22.46,2.50,21.05,7.49
274.51,0,,84.62,43.35,0,2,86.07,29.15,11.66,125.11,44.29,,65.77,20.01,0,1,60.04,-22.67,3.19,21.53,6.59
274.57,0,,84.62,43.35,0,2,86.07,29.15,11.66,125.11,44.29,,65.51,19.33,0,1,59.58,-22.77,4.50,22.74,5.18
274.69,0,,84.69,43.44,0,2,87.03,30.13,11.96,126.39,44.97,,65.24,18.65,0,1,58.04,-23.00,5.50,23.51,3.95
274.78,0,,84.85,43.62,0,2,86.98,30.74,12.32,127.36,45.22,,64.97,17.94,0,1,57.30,-23.56,6.44,23.89,2.45
274.87,0,,84.85,43.62,0,2,86.98,30.74,12.32,127.36,45.22,,64.67,17.22,0,1,56.63,-24.09,7.21,24.13,1.15
275.02,0,,85.03,43.80,0,2,86.37,29.67,11.25,125.22,45.22,,64.36,16.49,0,1,56.13,-24.66,7.49,23.84,0.30
275.12,0,,85.12,43.88,0,2,86.52,28.64,10.34,123.28,45.10,,64.04,15.73,2,-1,56.10,-25.74,7.66,22.93,-0.95
275.17,0,,85.12,43.88,0,2,86.52,28.64,10.34,123.28,45.10,,63.70,14.96,2,-1,55.74,-27.00,7.16,21.17,-1.71
275.29,0,,85.29,44.06,0,2,85.95,29.04,10.57,123.91,45.27,,63.35,14.17,2,-1,54.75,-27.34,7.63,21.30,-2.52
275.39,0,,85.37,44.14,0,2,86.30,28.61,10.68,123.59,44.73,,62.99,13.37,2,-1,53.85,-27.19,9.04,22.86,-3.78
275.50,0,,85.44,44.22,0,2,86.63,29.52,11.00,124.82,45.32,,62.61,12.55,2,-1,53.17,-27.09,9.69,23.61,-4.33
275.59,0,,85.52,44.30,0,2,87.34,29.76,11.23,125.29,45.33,,62.21,11.72,4,-2,52.41,-26.71,10.50,24.80,-4.76
275.68,0,,85.52,44.30,0,2,87.34,29.76,11.23,125.29,45.33,,61.81,10.88,4,-2,51.98,-26.90,11.06,25.17,-5.51
275.77,0,,85.59,44.37,0,2,86.15,29.11,11.03,124.44,44.88,,61.38,10.03,4,-2,51.65,-27.77,11.85,25.09,-7.17
275.89,0,,85.73,44.51,0,2,85.51,29.89,10.65,124.84,46.04,,60.95,9.17,4,-2,51.07,-28.65,12.78,25.14,-8.98
276.02,0,,85.79,44.58,0,2,86.99,30.81,11.07,126.18,46.54,,60.50,8.30,4,-2,50.20,-29.05,13.02,24.98,-9.62
276.10,0,,85.86,44.66,0,2,86.23,31.18,11.15,126.63,46.83,,60.04,7.41,4,-2,50.21,-29.00,13.63,25.64,-10.18
276.19,0,,85.86,44.66,0,2,86.23,31.18,11.15,126.63,46.83,,59.57,6.51,4,-2,49.57,-28.92,14.12,26.21,-10.59
276.28,0,,85.97,44.82,0,2,87.26,31.00,11.09,126.39,46.71,,59.09,5.61,4,-2,49.64,-29.08,14.53,26.46,-11.16
276.37,0,,85.97,44.82,0,2,87.26,31.00,11.09,126.39,46.71,,58.61,4.71,4,-2,48.74,-29.51,14.75,26.25,-11.81
276.52,0,,86.07,44.99,0,2,85.09,29.00,10.46,123.76,45.34,,58.12,3.80,4,-2,48.23,-29.60,14.99,26.40,-12.14
276.58,0,,86.12,45.06,0,2,86.09,27.58,10.24,122.12,44.14,,57.62,2.90,4,-2,46.30,-28.94,16.44,28.51,-12.93
276.67,0,,86.16,45.13,0,2,86.76,26.43,9.45,120.18,43.78,,57.11,1.99,4,-2,45.84,-28.22,18.24,31.03,-14.01
276.79,0,,86.20,45.18,0,2,85.37,25.03,9.07,118.40,42.76,,56.58,1.09,4,-2,44.08,-28.34,19.40,32.07,-15.29
276.88,0,,86.23,45.21,0,2,85.48,24.05,8.58,116.93,42.27,,56.04,0.19,4,-2,44.43,-28.48,20.16,32.69,-16.19
277.01,0,,86.25,45.22,0,2,86.80,24.41,8.23,116.94,42.98,,55.49,-0.70,4,-2,43.08,-27.99,20.44,33.46,-15.98
277.09,0,,86.28,45.21,0,2,87.51,23.91,8.45,116.66,42.26,,54.93,-1.60,4,-2,44.31,-27.85,20.78,33.94,-16.18
277.18,0,,86.28,45.21,0,2,87.51,23.91,8.45,116.66,42.26,,54.36,-2.49,4,-2,43.88,-27.98,21.84,34.87,-17.37
277.27,0,,86.33,45.15,0,2,86.50,21.62,7.61,113.53,40.81,,53.79,-3.37,4,-2,45.05,-28.20,22.46,35.27,-18.21
277.39,0,,86.36,45.08,0,2,87.35,20.62,7.37,112.29,40.05,,53.23,-4.24,4,-2,44.13,-28.63,22.91,35.29,-19.09
277.52,0,,86.39,45.00,0,2,87.07,19.95,7.00,111.25,39.75,,52.67,-5.11,4,-2,44.02,-28.09,23.43,36.35,-19.07
277.57,0,,86.42,44.89,0,2,87.38,20.33,6.68,111.31,40.45,,52.13,-5.97,4,-2,43.82,-27.51,23.41,36.91,-18.47
277.69,0,,86.42,44.89,0,2,87.38,20.33,6.68,111.31,40.45,,51.59,-6.81,4,-2,43.72,-27.58,23.80,37.23,-18.93
277.78,0,,86.48,44.63,0,2,87.11,18.62,6.22,109.14,39.20,,51.06,-7.64,4,-2,43.81,-26.12,23.90,38.79,-17.57
277.87,0,,86.51,44.48,0,2,87.42,16.99,5.18,106.47,38.61,,50.55,-8.43,4,-2,44.55,-24.23,23.67,40.45,-15.45
278.02,0,,86.55,44.30,0,2,87.26,15.27,4.61,104.18,37.46,,50.05,-9.18,4,-2,44.97,-23.49,23.79,41.31,-14.83
278.08,0,,86.58,44.11,0,2,87.26,14.55,4.09,102.94,37.26,,49.58,-9.89,4,-2,45.32,-23.05,23.52,41.48,-14.12
278.17,0,,86.61,43.90,0,2,87.24,14.54,3.89,102.73,37.45,,49.13,-10.54,4,-2,45.35,-21.97,23.19,42.23,-12.71
278.29,0,,86.65,43.67,0,2,87.61,13.72,4.07,102.09,36.45,,48.71,-11.14,4,-2,45.91,-20.01,22.82,43.82,-10.38
278.38,0,,86.69,43.42,0,2,88.21,13.05,3.65,101.00,36.20,,48.32,-11.67,4,-2,45.94,-19.04,22.15,44.12,-8.74
278.50,0,,86.73,43.16,0,2,89.04,12.83,3.43,100.56,36.20,,47.95,-12.13,4,-2,47.21,-18.96,21.56,43.61,-8.07
278.59,0,,86.78,42.88,0,2,90.70,12.15,3.76,100.21,35.19,,47.62,-12.52,4,-2,47.51,-18.66,20.81,43.16,-7.02
278.68,0,,86.78,42.88,0,2,90.70,12.15,3.76,100.21,35.19,,47.32,-12.83,4,-2,49.46,-17.89,19.78,42.90,-5.22
278.77,0,,86.92,42.28,0,2,90.97,12.35,3.57,100.22,35.58,,47.07,-13.07,4,-2,50.83,-15.77,18.70,43.94,-2.02
278.89,0,,87.01,41.97,0,2,89.49,10.33,2.85,97.48,34.28,,46.86,-13.21,4,-2,52.32,-13.41,18.27,45.87,0.77
279.02,0,,87.11,41.65,0,2,90.35,9.03,1.83,95.16,34.00,,46.71,-13.26,4,-2,52.75,-12.20,18.70,47.51,1.55
279.07,0,,87.21,41.31,0,2,92.14,10.62,2.41,97.33,35.01,,46.61,-13.22,4,-2,52.89,-11.87,19.04,48.18,1.54
279.19,0,,87.21,41.31,0,2,92.14,10.62,2.41,97.33,35.01,,46.55,-13.10,4,-2,52.49,-11.90,19.14,48.25,1.41
279.28,0,,87.45,40.65,0,2,88.86,15.10,4.15,103.55,37.75,,46.54,-12.91,4,-2,53.06,-11.74,19.11,48.38,1.60
279.37,0,,87.56,40.33,0,2,88.08,17.86,5.33,107.49,39.33,,46.57,-12.65,4,-2,54.20,-11.12,18.55,48.44,2.78
279.52,0,,87.66,40.04,0,2,86.57,15.92,5.13,105.35,37.59,,46.63,-12.33,4,-2,54.41,-9.93,17.88,48.96,4.64
279.59,0,,87.75,39.77,0,2,87.67,17.40,5.04,106.74,39.16,,46.74,-11.94,4,-2,55.20,-8.91,17.30,49.40,6.24
279.67,0,,87.84,39.53,0,2,89.38,20.70,6.42,111.42,41.08,,46.89,-11.48,4,-2,56.62,-8.65,16.73,49.09,7.07
279.79,0,,87.91,39.31,0,2,88.44,19.22,6.45,109.97,39.57,,47.07,-10.97,4,-2,56.83,-8.51,16.41,48.91,7.53
279.88,0,,87.99,39.13,0,2,87.46,18.56,5.32,108.18,40.04,,47.29,-10.40,4,-2,56.61,-8.40,16.26,48.87,7.79
280.01,0,,88.05,38.96,0,2,88.50,19.90,5.58,109.78,41.12,,47.55,-9.79,4,-2,57.24,-8.14,16.13,49.00,8.18
280.09,0,,88.11,38.83,0,2,88.68,18.97,5.95,109.22,39.82,,47.83,-9.14,4,-2,57.13,-7.78,15.99,49.22,8.68
280.18,0,,88.11,38.83,0,2,88.68,18.97,5.95,109.22,39.82,,48.14,-8.45,4,-2,56.75,-7.87,16.01,49.15,8.57
280.27,0,,88.22,38.62,0,2,89.79,18.74,5.20,108.24,40.34,,48.47,-7.73,4,-2,56.84,-7.87,16.33,49.47,8.25
280.39,0,,88.27,38.54,0,2,89.82,19.85,5.71,109.86,40.94,,48.81,-7.00,4,-2,57.09,-7.51,16.55,50.05,8.39
280.52,0,,88.33,38.49,0,2,89.23,24.01,7.17,115.48,43.64,,49.16,-6.25,4,-2,57.90,-6.78,16.26,50.49,9.41
280.57,0,,88.39,38.47,0,2,88.55,26.01,7.71,118.02,45.10,,49.53,-5.49,4,-2,58.55,-6.30,15.73,50.44,10.42
280.69,0,,88.39,38.47,0,2,88.55,26.01,7.71,118.02,45.10,,49.91,-4.72,4,-2,57.89,-6.42,15.44,50.03,10.59
280.78,0,,88.49,38.56,0,2,89.96,29.42,9.95,123.67,46.27,,50.30,-3.93,4,-2,58.77,-6.33,15.55,50.23,10.57
280.87,0,,88.54,38.65,0,2,88.40,27.18,9.26,120.74,44.72,,50.70,-3.15,4,-2,59.49,-5.70,15.64,50.95,11.11
281.02,0,,88.58,38.77,0,2,88.61,24.96,8.19,117.45,43.57,,51.10,-2.36,4,-2,58.64,-5.35,15.43,51.09,11.67
281.08,0,,88.62,38.91,0,2,87.99,25.67,8.34,118.31,44.13,,51.51,-1.58,4,-2,59.29,-5.89,15.15,50.27,11.41
281.17,0,,88.65,39.07,0,2,88.68,27.57,9.38,121.25,44.99,,51.92,-0.80,4,-2,58.69,-6.17,14.97,49.81,11.31
281.29,0,,88.68,39.24,0,2,88.95,27.59,9.50,121.39,44.89,,52.32,-0.04,4,-2,58.67,-6.01,14.85,49.85,11.59
281.38,0,,88.70,39.43,0,2,88.07,26.74,8.52,119.56,45.02,,52.72,0.71,4,-2,58.73,-5.68,14.76,50.09,12.01
281.50,0,,88.72,39.63,0,2,86.70,27.12,8.24,119.66,45.68,,53.12,1.45,4,-2,58.39,-5.44,14.76,50.33,12.25
281.59,0,,88.73,39.84,0,2,86.71,26.56,8.04,118.90,45.32,,53.50,2.17,4,-2,59.42,-5.87,14.68,49.82,11.90
281.68,0,,88.73,39.84,0,2,86.71,26.56,8.04,118.90,45.32,,53.88,2.88,4,-2,59.49,-6.02,14.50,49.49,11.93
281.77,0,,88.70,40.30,0,2,87.58,28.76,8.27,121.33,47.29,,54.25,3.56,4,-2,59.11,-5.81,14.43,49.63,12.21
281.89,0,,88.68,40.55,0,2,86.33,28.65,8.55,121.50,46.90,,54.61,4.23,4,-2,59.52,-5.88,14.23,49.36,12.34
282.01,0,,88.65,40.81,0,2,88.03,29.50,9.41,123.21,46.89,,54.96,4.87,4,-2,59.11,-5.90,13.88,48.99,12.67
282.07,0,,88.62,41.09,0,2,88.63,31.60,10.26,126.16,48.14,,55.30,5.49,4,-2,59.97,-5.68,13.75,49.08,13.02
282.19,0,,88.62,41.09,0,2,88.63,31.60,10.26,126.16,48.14,,55.63,6.09,4,-2,60.24,-5.11,13.77,49.67,13.57
282.28,0,,88.57,41.65,0,2,88.74,29.56,10.47,124.33,45.89,,55.95,6.67,4,-2,59.86,-4.64,13.76,50.13,14.05
282.37,0,,88.55,41.94,0,2,88.05,30.10,9.70,124.10,47.20,,56.26,7.23,4,-2,60.45,-4.73,13.76,50.04,13.96
282.52,0,,88.53,42.22,0,2,88.29,30.70,10.10,125.10,47.40,,56.57,7.77,4,-2,60.27,-4.76,13.68,49.93,14.01
282.58,0,,88.51,42.50,0,2,87.83,29.85,9.54,123.69,47.11,,56.86,8.29,4,-2,60.17,-4.85,13.56,49.72,14.04
282.67,0,,88.49,42.78,0,2,87.65,30.29,8.66,123.25,48.43,,57.14,8.79,4,-2,60.36,-5.17,13.54,49.38,13.74
282.79,0,,88.47,43.07,0,2,87.99,29.48,8.73,122.51,47.55,,57.41,9.26,4,-2,60.53,-5.06,13.47,49.42,13.92
282.92,0,,88.45,43.35,0,2,88.45,28.49,8.35,121.14,46.94,,57.67,9.72,4,-2,61.33,-4.71,13.15,49.45,14.59
283.00,0,,88.42,43.62,0,2,87.41,28.85,7.91,121.06,47.74,,57.93,10.15,4,-2,61.04,-4.21,13.01,49.81,15.23
283.09,0,,88.40,43.89,0,2,87.28,29.59,8.72,122.61,47.67,,58.17,10.57,4,-2,61.43,-3.70,13.19,50.50,15.56
283.18,0,,88.40,43.89,0,2,87.28,29.59,8.72,122.61,47.67,,58.41,10.97,4,-2,61.07,-3.76,13.00,50.25,15.69
283.27,0,,88.34,44.40,0,2,88.26,31.17,9.64,125.11,48.33,,58.64,11.36,4,-2,60.54,-4.27,12.67,49.41,15.51
283.39,0,,88.30,44.66,0,2,87.20,31.24,9.87,125.41,48.17,,58.86,11.73,4,-2,61.94,-4.47,12.53,49.07,15.45
283.52,0,,88.27,44.90,0,2,88.06,29.94,9.64,123.88,47.10,,59.07,12.09,4,-2,61.41,-4.09,12.37,49.29,15.99
283.57,0,,88.24,45.13,0,2,89.23,27.34,8.19,119.83,45.95,,59.27,12.43,4,-2,61.37,-3.73,12.46,49.74,16.26
283.69,0,,88.24,45.13,0,2,89.23,27.34,8.19,119.83,45.95,,59.46,12.75,4,-2,61.14,-3.78,12.57,49.80,16.10
283.79,0,,88.20,45.52,0,2,89.24,21.94,5.88,112.12,42.86,,59.65,13.06,4,-2,61.38,-4.05,12.49,49.45,15.91
283.87,0,,88.18,45.67,0,2,89.47,20.18,4.93,109.41,42.05,,59.82,13.36,4,-2,61.37,-4.07,12.40,49.34,15.98
284.05,0,,88.18,45.78,0,2,88.36,18.80,4.82,107.92,40.78,,59.99,13.64,4,-2,61.77,-3.67,12.16,49.50,16.62
284.08,0,,88.18,45.85,0,2,90.43,17.91,4.84,107.05,39.87,,60.14,13.91,4,-2,61.87,-3.57,12.05,49.49,16.83
284.17,0,,88.19,45.88,0,2,91.43,16.77,4.60,105.67,38.97,,60.30,14.16,4,-2,61.41,-3.79,12.07,49.29,16.59
284.29,0,,88.22,45.87,0,2,92.28,14.45,4.04,102.79,37.21,,60.44,14.41,4,-2,61.83,-3.53,11.98,49.46,16.94
284.38,0,,88.26,45.80,0,2,93.10,13.09,3.45,100.84,36.44,,60.57,14.64,4,-2,62.53,-2.99,11.89,49.91,17.57
284.51,0,,88.34,45.69,0,2,92.93,13.63,3.66,101.59,36.77,,60.71,14.87,4,-2,62.00,-2.72,11.85,50.14,17.88
284.59,0,,88.43,45.54,0,2,93.39,13.55,4.18,102.03,36.17,,60.83,15.09,4,-2,62.38,-2.78,11.68,49.91,17.99
284.68,0,,88.43,45.54,0,2,93.39,13.55,4.18,102.03,36.17,,60.95,15.30,4,-2,62.28,-2.95,11.51,49.57,17.99
284.77,0,,88.66,45.13,0,2,92.81,18.00,6.19,108.49,38.61,,61.07,15.51,4,-2,62.45,-2.77,11.48,49.72,18.20
284.89,0,,88.80,44.90,0,2,92.17,19.75,7.56,111.61,38.99,,61.18,15.71,4,-2,62.97,-2.36,11.32,49.97,18.77
285.01,0,,88.94,44.65,0,1,93.09,19.69,7.64,111.63,38.85,,61.29,15.90,4,-2,62.16,-2.32,11.11,49.80,19.02
285.07,0,,89.10,44.40,0,1,94.01,20.23,7.58,112.11,39.45,,61.40,16.10,4,-2,62.77,-2.54,11.01,49.48,18.90
285.19,0,,89.10,44.40,0,1,94.01,20.23,7.58,112.11,39.45,,61.50,16.29,2,1,62.57,-2.52,10.92,49.41,19.01
285.28,0,,89.43,43.88,0,1,92.46,19.51,7.23,111.04,39.08,,61.60,16.48,0,2,61.73,-1.92,10.72,49.81,19.81
285.38,0,,89.60,43.62,0,1,93.59,20.07,7.21,111.58,39.66,,61.68,16.66,0,2,62.26,-1.07,10.43,50.37,20.95
285.52,0,,89.78,43.36,0,1,94.19,19.56,7.47,111.33,38.89,,61.77,16.85,0,2,61.75,-1.26,10.26,50.01,20.93
285.58,0,,89.96,43.10,0,1,94.22,19.60,7.58,111.48,38.82,,61.84,17.05,0,2,61.72,-1.74,10.16,49.43,20.55
285.67,0,,90.14,42.85,0,2,92.93,19.70,7.37,111.37,39.13,,61.90,17.24,0,2,62.24,-1.66,10.03,49.38,20.76
285.79,0,,90.33,42.60,0,2,92.54,19.43,7.33,111.06,38.90,,61.96,17.44,0,2,62.18,-1.64,10.02,49.39,20.79
285.88,0,,90.50,42.35,0,2,92.37,19.63,7.08,111.01,39.35,,62.02,17.63,0,2,62.58,-1.52,9.99,49.48,20.94
286.01,0,,90.67,42.12,0,2,93.31,19.83,6.79,110.92,39.84,,62.07,17.83,0,2,61.92,-2.13,9.83,48.71,20.49
286.09,0,,90.84,41.89,0,2,92.42,19.40,7.05,110.75,39.15,,62.12,18.01,0,2,60.74,-4.13,9.85,46.73,18.47
286.18,0,,90.84,41.89,0,2,92.42,19.40,7.05,110.75,39.15,,62.15,18.18,0,2,59.01,-6.39,10.60,45.22,15.46
286.27,0,,91.15,41.46,0,2,92.64,19.60,7.07,110.97,39.33,,62.15,18.31,0,2,56.92,-8.89,11.80,43.92,11.76
286.39,0,,91.30,41.26,0,2,92.29,19.57,7.05,110.92,39.32,,62.14,18.39,0,2,59.86,-10.76,10.25,40.50,11.44
286.52,0,,91.43,41.07,0,2,92.14,19.67,6.90,110.87,39.57,,62.11,18.44,0,2,62.08,-8.87,7.03,39.17,16.55
286.57,0,,91.56,40.89,0,2,91.75,20.00,6.75,111.05,40.05,,62.08,18.46,0,2,62.64,-4.79,6.88,43.10,20.78
286.69,0,,91.56,40.89,0,2,91.75,20.00,6.75,111.05,40.05,,62.06,18.50,0,2,62.48,-3.62,8.59,45.98,20.24
286.78,0,,91.77,40.57,0,2,91.41,19.87,6.64,110.81,40.03,,62.04,18.53,0,2,62.24,-3.37,8.73,46.37,20.35
286.87,0,,91.77,40.57,0,2,91.41,19.87,6.64,110.81,40.03,,62.03,18.58,0,2,61.79,-2.79,9.17,47.39,20.49
287.02,0,,91.95,40.30,0,2,91.72,19.49,6.44,110.23,39.85,,62.01,18.63,0,2,61.74,-3.41,9.45,47.05,19.59
287.08,0,,92.02,40.19,0,2,91.75,19.28,6.20,109.78,39.88,,62.00,18.68,0,2,61.58,-3.21,9.29,47.09,19.95
287.17,0,,92.08,40.08,0,2,91.87,19.09,5.87,109.26,40.02,,61.98,18.73,0,2,61.35,-2.74,9.68,47.95,20.03
287.29,0,,92.14,39.99,0,2,91.64,18.12,5.80,108.22,39.12,,61.97,18.79,0,2,61.83,-2.93,9.74,47.82,19.78
287.38,0,,92.19,39.90,0,2,91.80,17.37,5.36,107.03,38.81,,61.95,18.84,0,2,61.69,-3.35,9.63,47.29,19.47
287.51,0,,92.23,39.81,0,2,92.27,16.99,4.75,106.04,39.04,,61.93,18.90,0,2,61.13,-4.01,9.61,46.61,18.83
287.59,0,,92.26,39.73,0,2,91.77,16.77,4.74,105.81,38.83,,61.91,18.94,0,2,62.03,-3.99,9.43,46.45,19.03
287.68,0,,92.26,39.73,0,2,91.77,16.77,4.74,105.81,38.83,,61.89,18.98,0,2,59.82,-5.75,8.23,43.49,18.47
287.77,0,,92.31,39.58,0,2,91.52,18.30,5.12,107.72,39.98,,61.87,19.02,0,2,59.01,-9.24,7.83,39.60,15.38
287.89,0,,92.32,39.51,0,2,91.42,18.34,5.59,108.23,39.55,,61.83,19.02,0,2,58.52,-8.47,9.95,42.49,14.03
288.02,0,,92.33,39.46,0,2,91.16,17.93,5.46,107.69,39.27,,61.77,19.01,0,2,58.08,-6.38,10.63,45.26,15.44
288.07,0,,92.33,39.41,0,2,91.85,18.33,5.17,107.80,39.96,,61.70,18.97,0,2,58.59,-7.56,9.92,43.37,14.97
288.20,0,,92.33,39.41,0,2,91.85,18.33,5.17,107.80,39.96,,61.62,18.91,0,2,58.01,-7.15,10.54,44.40,14.76
288.29,0,,92.32,39.34,0,2,90.30,20.52,5.80,110.62,41.52,,61.52,18.84,0,2,58.40,-6.64,10.22,44.59,15.59
288.37,0,,92.30,39.32,0,2,90.17,21.05,5.71,111.06,42.14,,61.42,18.75,0,2,58.46,-6.69,10.08,44.40,15.68
288.53,0,,92.27,39.32,0,2,90.58,19.47,5.50,109.27,40.77,,61.31,18.65,0,2,58.92,-6.01,10.24,45.24,16.20
288.64,0,,92.24,39.33,0,2,91.27,20.34,5.76,110.40,41.38,,61.20,18.55,0,2,58.66,-5.92,9.86,44.95,16.67
288.67,0,,92.20,39.35,0,2,91.41,21.48,6.08,111.86,42.20,,61.09,18.45,0,2,59.30,-5.21,9.84,45.64,17.40
288.79,0,,92.16,39.39,0,2,90.05,20.40,5.80,110.50,41.40,,60.97,18.36,0,2,58.99,-4.84,9.56,45.73,18.05
288.88,0,,92.11,39.43,0,2,90.80,21.60,5.95,111.85,42.45,,60.86,18.27,0,2,59.36,-5.12,9.42,45.31,17.91
289.00,0,,92.07,39.49,0,2,91.44,22.21,6.03,112.54,42.98,,60.75,18.19,0,2,59.38,-5.26,9.46,45.21,17.73
289.09,0,,92.02,39.56,0,2,91.10,22.49,6.25,113.04,43.04,,60.64,18.11,0,2,59.61,-5.39,9.35,44.97,17.71
289.18,0,,92.02,39.56,0,2,91.10,22.49,6.25,113.04,43.04,,60.54,18.04,0,2,59.67,-5.07,9.29,45.23,18.09
289.27,0,,91.92,39.74,0,2,91.11,22.02,6.67,112.99,42.15,,60.45,17.98,0,2,59.51,-4.90,9.21,45.32,18.34
289.42,0,,91.87,39.84,0,2,90.69,20.29,5.41,110.00,41.68,,60.36,17.93,0,2,59.69,-5.20,9.17,44.98,18.08
289.52,0,,91.83,39.94,0,2,90.79,22.21,5.70,112.21,43.31,,60.27,17.88,0,2,59.29,-5.37,9.07,44.71,18.01
289.57,0,,91.77,40.06,0,2,88.94,25.96,6.97,117.23,45.79,,60.19,17.84,0,2,59.09,-5.34,8.98,44.65,18.13
289.70,0,,91.77,40.06,0,2,88.94,25.96,6.97,117.23,45.79,,60.11,17.80,0,2,59.13,-4.94,8.89,44.96,18.62
289.78,0,,91.66,40.32,0,2,93.63,22.87,8.13,115.30,41.54,,60.03,17.78,0,2,59.50,-4.79,8.88,45.10,18.78
289.87,0,,91.63,40.45,0,2,97.65,22.65,8.19,115.14,41.26,,59.96,17.76,0,2,59.08,-5.68,9.02,44.35,17.75
290.02,0,,91.62,40.57,0,2,96.34,17.36,6.57,108.23,37.59,,59.89,17.74,0,2,58.91,-6.09,8.94,43.86,17.42
290.08,0,,91.65,40.66,0,2,95.22,14.57,4.53,103.40,36.84,,59.82,17.72,0,2,58.59,-5.94,8.74,43.81,17.77
290.17,0,,91.69,40.73,0,2,94.00,19.37,5.63,109.30,40.54,,59.75,17.71,0,2,58.76,-5.91,8.77,43.87,17.77
290.30,0,,91.74,40.78,0,2,91.97,26.99,9.87,121.16,43.92,,59.69,17.70,0,2,59.48,-5.42,8.81,44.40,18.22
290.38,0,,91.79,40.85,0,2,95.84,34.22,14.68,133.20,46.34,,59.63,17.69,0,2,59.18,-5.51,8.66,44.16,18.28
290.50,0,,91.86,40.94,0,2,92.08,31.17,13.61,129.08,44.36,,59.57,17.68,0,2,59.07,-5.99,8.48,43.50,17.98
290.59,0,,91.92,41.04,0,2,95.08,27.05,11.24,122.59,42.61,,59.51,17.68,0,2,59.14,-5.99,8.41,43.43,18.05
290.68,0,,91.92,41.04,0,2,95.08,27.05,11.24,122.59,42.61,,59.46,17.68,0,2,59.12,-5.92,8.50,43.59,18.03
290.77,0,,92.08,41.24,0,2,95.89,28.69,13.06,126.05,42.43,,59.42,17.69,0,2,59.31,-5.46,8.63,44.18,18.36
290.89,0,,92.17,41.35,0,2,97.72,27.46,11.78,123.54,42.48,,59.37,17.69,0,2,59.16,-5.25,8.59,44.35,18.61
291.01,0,,92.29,41.45,0,2,98.77,31.78,13.17,129.25,45.41,,59.33,17.70,0,2,59.28,-5.46,8.53,44.08,18.46
291.07,0,,92.29,41.45,0,2,98.77,31.78,13.17,129.25,45.41,,59.30,17.72,0,2,59.37,-5.40,8.49,44.10,18.56
291.19,0,,92.43,41.56,0,2,95.44,28.78,12.18,125.26,43.40,,59.27,17.73,0,2,59.06,-5.32,8.39,44.08,18.74
291.28,0,,92.72,41.77,0,2,95.35,22.42,8.35,115.07,40.87,,59.24,17.76,0,2,59.72,-4.79,8.33,44.55,19.33
291.37,0,,92.72,41.77,0,2,95.35,22.42,8.35,115.07,40.87,,59.21,17.79,0,2,59.74,-4.06,8.32,45.27,20.07
291.53,0,,92.99,41.93,0,2,89.64,24.11,8.04,116.45,42.87,,59.20,17.82,0,2,59.50,-3.93,8.34,45.42,20.18
291.58,0,,93.10,41.99,0,2,88.85,28.94,9.33,122.57,46.41,,59.18,17.87,1,1,59.45,-3.98,8.28,45.31,20.19
291.67,0,,93.10,41.99,0,2,88.85,28.94,9.33,122.57,46.41,,59.17,17.93,1,1,60.04,-4.03,8.26,45.24,20.16
291.79,0,,93.24,42.13,0,2,95.92,16.42,5.79,106.51,37.43,,59.16,17.99,1,1,59.52,-3.81,8.35,45.55,20.29
291.88,0,,93.31,42.17,0,2,96.17,17.15,5.05,106.50,38.90,,59.16,18.06,1,1,59.48,-3.38,8.34,45.97,20.73
292.00,0,,93.39,42.17,0,2,95.51,15.48,5.20,104.98,37.08,,59.16,18.14,1,1,60.01,-3.46,8.29,45.84,20.70
292.10,0,,93.48,42.15,0,2,97.98,10.47,2.07,96.84,35.20,,59.17,18.23,1,1,59.70,-3.67,8.30,45.64,20.48
292.18,0,,93.48,42.15,0,2,97.98,10.47,2.07,96.84,35.20,,59.17,18.32,1,1,59.69,-3.68,8.28,45.61,20.49
292.27,0,,93.58,42.10,0,2,95.73,12.36,2.33,98.99,36.83,,59.18,18.41,2,0,59.25,-3.77,8.30,45.54,20.38
292.42,0,,93.79,41.92,0,2,95.76,13.62,2.56,100.48,37.86,,59.19,18.50,2,0,60.03,-3.54,8.42,45.89,20.49
292.51,0,,93.90,41.80,0,2,94.45,15.48,4.33,104.11,37.95,,59.21,18.60,2,0,59.56,-3.37,8.51,46.15,20.57
292.61,0,,93.99,41.68,0,2,92.89,19.27,5.70,109.27,40.37,,59.22,18.70,2,0,59.63,-3.62,8.54,45.93,20.29
292.69,0,,93.99,41.68,0,2,92.89,19.27,5.70,109.27,40.37,,59.23,18.79,2,0,59.68,-3.74,8.53,45.80,20.18
292.78,0,,94.14,41.49,0,2,91.63,28.88,10.04,123.22,45.64,,59.25,18.89,2,-1,59.78,-3.81,8.53,45.73,20.11
292.87,0,,94.14,41.49,0,2,91.63,28.88,10.04,123.22,45.64,,59.27,18.98,2,-1,59.31,-3.77,8.63,45.87,20.05
293.05,0,,94.22,41.40,0,2,92.61,25.37,9.03,118.70,43.14,,59.28,19.07,2,-1,59.85,-3.33,8.69,46.37,20.43
293.08,0,,94.25,41.38,0,2,96.64,23.71,9.74,117.75,40.77,,59.30,19.15,2,-1,58.85,-3.25,8.65,46.41,20.55
293.17,0,,94.25,41.38,0,2,96.64,23.71,9.74,117.75,40.77,,59.31,19.24,2,-1,59.17,-3.57,8.73,46.17,20.15
293.29,0,,94.34,41.32,0,2,96.62,19.54,7.63,111.47,38.71,,59.32,19.32,2,-1,58.78,-3.58,8.80,46.23,20.07
293.38,0,,94.40,41.27,0,2,95.96,16.56,5.56,106.42,37.80,,59.33,19.40,2,-1,59.03,-3.52,8.79,46.28,20.14
293.50,0,,94.46,41.22,0,2,95.70,17.28,4.86,106.44,39.22,,59.33,19.47,2,-1,59.37,-3.39,8.91,46.53,20.15
293.60,0,,94.52,41.15,0,2,94.97,18.61,5.36,108.27,40.05,,59.34,19.54,2,-1,59.25,-3.27,8.92,46.66,20.26
293.68,0,,94.52,41.15,0,2,94.97,18.61,5.36,108.27,40.05,,59.34,19.61,2,-1,59.33,-3.58,8.80,46.23,20.07
293.77,0,,94.58,41.09,0,2,93.60,19.00,5.43,108.73,40.37,,59.34,19.67,2,-1,58.68,-3.90,8.81,45.92,19.74
293.89,0,,94.66,41.00,0,2,94.19,28.89,9.57,122.76,46.12,,59.34,19.73,2,-1,58.88,-4.14,8.84,45.71,19.47
294.02,0,,94.69,40.99,0,2,93.91,27.50,9.42,121.22,44.88,,59.33,19.78,2,-1,58.57,-4.25,8.91,45.67,19.29
294.07,0,,94.69,40.99,0,2,93.91,27.50,9.42,121.22,44.88,,59.33,19.82,2,-1,59.24,-4.07,9.04,45.98,19.34
294.20,0,,94.71,41.02,0,2,92.91,30.02,9.97,124.29,46.85,,59.32,19.85,1,1,58.39,-4.27,9.08,45.82,19.10
294.29,0,,94.71,41.15,0,2,95.44,30.06,10.64,125.00,46.22,,59.31,19.88,1,1,59.13,-4.64,9.07,45.44,18.74
294.37,0,,94.71,41.15,0,2,95.44,30.06,10.64,125.00,46.22,,59.29,19.89,1,1,58.61,-4.74,9.13,45.40,18.58
294.53,0,,94.72,41.37,0,2,95.49,30.52,11.36,126.18,45.96,,59.28,19.90,1,1,58.89,-4.94,9.10,45.17,18.41
294.59,0,,94.72,41.50,0,2,94.82,32.31,12.08,128.69,47.03,,59.26,19.90,1,1,58.64,-4.79,9.05,45.27,18.61
294.70,0,,94.72,41.50,0,2,94.82,32.31,12.08,128.69,47.03,,59.25,19.89,4,-2,58.41,-4.45,9.15,45.71,18.85
294.79,0,,94.72,41.82,0,2,94.57,32.59,12.32,129.21,47.07,,59.22,19.87,4,-2,58.26,-4.68,9.21,45.54,18.56
294.88,0,,94.72,42.01,0,2,93.98,32.54,12.09,128.93,47.25,,59.20,19.85,4,-2,58.56,-4.90,9.21,45.32,18.34
295.00,0,,94.71,42.20,0,2,94.50,32.56,11.91,128.77,47.45,,59.18,19.82,4,-2,58.62,-4.96,9.28,45.33,18.21
295.09,0,,94.71,42.40,0,2,95.62,32.25,11.98,128.53,47.07,,59.15,19.79,4,-2,58.67,-5.06,9.31,45.26,18.08
295.18,0,,94.71,42.40,0,2,95.62,32.25,11.98,128.53,47.07,,59.13,19.75,4,-2,59.14,-4.79,9.34,45.56,18.32
295.27,0,,94.70,42.61,0,2,94.86,32.17,12.01,128.48,46.96,,59.10,19.71,4,-2,58.84,-4.69,9.44,45.76,18.32
295.39,0,,94.70,43.04,0,2,96.25,32.83,12.00,129.13,47.63,,59.08,19.66,4,-2,58.75,-4.95,9.49,45.55,18.01
295.51,0,,94.71,43.27,0,2,96.13,33.02,12.18,129.50,47.64,,59.06,19.60,4,-2,58.81,-5.05,9.51,45.47,17.89
295.57,0,,94.71,43.27,0,2,96.13,33.02,12.18,129.50,47.64,,59.04,19.55,4,-2,58.78,-5.17,9.53,45.37,17.75
295.70,0,,94.73,43.49,0,2,93.79,33.56,12.36,130.22,48.00,,59.02,19.49,4,-2,58.59,-5.22,9.59,45.38,17.64
295.79,0,,94.75,43.94,0,2,95.65,33.49,12.63,130.42,47.66,,59.00,19.42,4,-2,58.84,-4.92,9.67,45.76,17.86
295.87,0,,94.75,43.94,0,2,95.65,33.49,12.63,130.42,47.66,,58.98,19.35,4,-2,58.67,-4.95,9.68,45.74,17.82
296.02,0,,94.79,44.39,0,2,97.80,34.00,12.78,131.08,48.02,,58.96,19.28,4,-2,58.17,-5.23,9.66,45.44,17.56
296.11,0,,94.82,44.61,0,2,96.14,34.27,13.01,131.58,48.06,,58.94,19.21,4,-2,59.10,-5.27,9.66,45.40,17.52
296.20,0,,94.82,44.61,0,2,96.14,34.27,13.01,131.58,48.06,,58.92,19.13,4,-2,59.17,-5.31,9.64,45.34,17.50
296.29,0,,94.91,45.05,0,2,95.95,34.24,13.12,131.66,47.92,,58.90,19.06,4,-2,58.96,-5.06,9.66,45.61,17.73
296.39,0,,94.96,45.25,0,2,96.63,34.10,13.17,131.57,47.73,,58.89,18.98,4,-2,59.05,-4.80,9.74,45.95,17.91
296.51,0,,95.01,45.46,0,2,95.48,34.07,13.12,131.49,47.75,,58.88,18.91,4,-2,59.28,-4.91,9.70,45.80,17.84
296.59,0,,95.06,45.65,0,2,96.03,33.78,13.12,131.20,47.46,,58.87,18.83,4,-2,59.06,-4.91,9.61,45.71,17.93
296.68,0,,95.06,45.65,0,2,96.03,33.78,13.12,131.20,47.46,,58.86,18.76,2,-1,58.47,-4.96,9.67,45.72,17.82
296.77,0,,95.12,45.83,0,2,97.93,33.45,13.19,130.94,47.06,,58.86,18.69,2,-1,58.72,-5.06,9.75,45.70,17.64
296.89,0,,95.25,46.16,0,2,97.58,33.28,12.72,130.30,47.36,,58.85,18.63,2,-1,58.99,-4.73,9.73,46.01,17.99
297.02,0,,95.33,46.31,0,2,98.09,34.19,13.30,131.79,47.69,,58.85,18.56,2,-1,59.45,-4.49,9.73,46.25,18.23
297.07,0,,95.33,46.31,0,2,98.09,34.19,13.30,131.79,47.69,,58.84,18.50,2,-1,59.11,-4.66,9.72,46.07,18.07
297.20,0,,95.41,46.46,0,2,97.80,34.65,13.27,132.22,48.18,,58.84,18.45,2,-1,59.10,-4.77,9.64,45.88,18.04
297.28,0,,95.60,46.72,0,2,95.91,33.51,12.55,130.36,47.76,,58.85,18.39,2,-1,59.29,-4.96,9.58,45.63,17.91
297.43,0,,95.68,46.85,0,2,95.51,32.79,11.33,128.42,48.26,,58.85,18.34,2,-1,59.66,-4.98,9.59,45.62,17.88
297.52,0,,95.76,46.97,0,2,95.21,32.92,10.92,128.14,48.80,,58.86,18.30,2,-1,59.45,-4.57,9.53,45.97,18.35
297.59,0,,95.83,47.09,0,2,95.27,33.30,11.33,128.93,48.77,,58.87,18.26,2,-1,60.06,-4.40,9.42,46.03,18.63
297.67,0,,95.83,47.09,0,2,95.27,33.30,11.33,128.93,48.77,,58.89,18.22,2,-1,59.42,-4.54,9.40,45.87,18.51
297.80,0,,95.88,47.20,0,2,95.53,34.43,12.08,130.81,49.15,,58.90,18.19,2,-1,59.45,-4.61,9.38,45.78,18.46
297.89,0,,96.00,47.42,0,2,99.03,33.11,13.04,130.45,46.87,,58.92,18.16,2,-1,59.07,-4.70,9.29,45.60,18.46
298.01,0,,96.07,47.51,0,2,100.00,31.90,12.69,128.89,46.01,,58.94,18.14,2,-1,60.02,-4.68,9.27,45.60,18.50
298.10,0,,96.16,47.59,0,2,100.00,30.03,11.76,126.09,45.07,,58.96,18.13,2,-1,59.52,-4.41,9.28,45.88,18.76
298.18,0,,96.16,47.59,0,2,100.00,30.03,11.76,126.09,45.07,,58.99,18.12,2,-1,60.14,-4.25,9.23,45.99,18.97
298.28,0,,96.25,47.64,0,2,98.11,29.84,10.95,125.09,45.69,,59.01,18.11,2,-1,59.02,-4.36,9.16,45.81,18.93
298.39,0,,96.44,47.72,0,2,94.49,32.63,10.42,127.35,49.01,,59.04,18.11,2,-1,59.64,-4.46,9.12,45.67,18.87
298.52,0,,96.50,47.76,0,2,93.10,32.02,9.79,126.11,49.03,,59.07,18.12,2,-1,60.03,-4.54,9.10,45.57,18.81
298.57,0,,96.50,47.76,0,2,93.10,32.02,9.79,126.11,49.03,,59.09,18.12,2,-1,59.96,-4.63,9.12,45.50,18.70
298.70,0,,96.54,47.80,0,2,93.62,33.38,10.27,127.95,49.91,,59.12,18.13,2,-1,59.35,-4.48,9.19,45.72,18.78
298.79,0,,96.56,47.91,0,2,94.76,33.39,10.75,128.44,49.44,,59.15,18.15,2,-1,59.74,-4.20,9.19,46.00,19.06
298.88,0,,96.56,47.91,0,2,94.76,33.39,10.75,128.44,49.44,,59.18,18.16,2,-1,59.66,-4.24,9.14,45.91,19.07
299.02,0,,96.54,48.03,0,2,95.58,33.21,10.80,128.31,49.21,,59.21,18.19,2,-1,59.69,-4.39,9.10,45.72,18.96
299.09,0,,96.54,48.03,0,2,95.58,33.21,10.80,128.31,49.21,,59.24,18.21,2,-1,59.98,-4.44,9.03,45.60,18.98
299.17,0,,96.52,48.09,0,2,95.74,34.25,10.92,129.47,50.13,,59.27,18.23,2,-1,60.01,-4.57,8.99,45.43,18.89
299.30,0,,96.46,48.23,0,2,93.38,35.46,11.60,131.36,50.66,,59.30,18.26,2,-1,59.93,-4.44,8.96,45.53,19.05
299.39,0,,96.42,48.31,0,2,94.36,35.14,11.31,130.75,50.63,,59.33,18.29,2,-1,59.65,-4.05,8.93,45.89,19.47
299.51,0,,96.36,48.40,0,2,94.03,35.90,11.68,131.88,51.02,,59.36,18.32,2,0,59.73,-4.04,8.92,45.89,19.49
299.60,0,,96.30,48.49,0,2,93.68,37.32,12.64,134.26,51.48,,59.39,18.35,2,0,59.88,-4.17,8.83,45.67,19.45
299.68,0,,96.30,48.49,0,2,93.68,37.32,12.64,134.26,51.48,,59.42,18.39,2,0,60.26,-4.18,8.76,45.59,19.51
299.77,0,,96.23,48.59,0,2,94.58,37.88,13.13,135.31,51.55,,59.45,18.43,2,0,59.48,-4.34,8.77,45.44,19.34
299.89,0,,96.10,48.81,0,2,97.64,39.67,14.69,138.66,51.78,,59.48,18.47,2,0,60.77,-4.31,8.75,45.45,19.39
300.02,0,,96.04,48.93,0,2,97.00,39.05,14.61,137.96,51.24,,59.51,18.52,2,0,60.10,-3.93,8.70,45.78,19.82
300.08,0,,96.04,48.93,0,2,97.00,39.05,14.61,137.96,51.24,,59.54,18.56,2,0,59.86,-3.78,8.71,45.94,19.96
300.19,0,,96.00,49.05,0,2,98.41,38.24,13.98,136.52,51.06,,59.58,18.61,2,0,60.27,-3.85,8.67,45.83,19.93
300.29,0,,95.97,49.28,0,2,98.31,37.62,13.48,135.40,50.94,,59.61,18.66,2,0,60.14,-3.83,8.59,45.77,20.03
300.37,0,,95.97,49.28,0,2,98.31,37.62,13.48,135.40,50.94,,59.64,18.72,2,0,59.97,-3.89,8.58,45.70,19.98
300.52,0,,95.99,49.51,0,2,98.74,37.29,13.49,135.08,50.60,,59.67,18.77,2,0,60.13,-3.94,8.56,45.63,19.95
300.58,0,,96.02,49.61,0,2,98.84,36.50,12.83,133.63,50.47,,59.70,18.83,2,0,60.36,-3.63,8.55,45.93,20.27
300.67,0,,96.02,49.61,0,2,98.84,36.50,12.83,133.63,50.47,,59.73,18.89,2,0,59.90,-3.31,8.52,46.22,20.62
300.79,0,,96.11,49.81,0,2,97.17,36.56,12.65,133.51,50.71,,59.76,18.95,2,0,60.39,-3.35,8.45,46.11,20.65
300.88,0,,96.16,49.90,0,2,98.39,36.65,12.94,133.89,50.51,,59.79,19.02,2,0,60.46,-3.48,8.41,45.94,20.56
301.01,0,,96.22,49.99,0,2,99.87,37.32,13.44,135.06,50.68,,59.81,19.09,2,0,60.62,-3.50,8.36,45.87,20.59
301.10,0,,96.29,50.07,0,2,100.00,37.53,13.87,135.70,50.46,,59.85,19.16,2,0,60.58,-3.64,8.28,45.65,20.53
301.18,0,,96.29,50.07,0,2,100.00,37.53,13.87,135.70,50.46,,59.88,19.23,2,0,61.06,-3.56,8.27,45.72,20.62
301.27,0,,96.38,50.14,0,2,99.24,37.21,13.60,135.11,50.41,,59.91,19.30,2,0,60.61,-3.16,8.27,46.12,21.02
301.39,0,,96.57,50.27,0,2,99.18,36.50,13.45,134.25,49.85,,59.95,19.37,2,0,61.10,-3.06,8.21,46.16,21.18
301.52,0,,96.68,50.32,0,2,99.02,36.04,13.34,133.68,49.50,,59.99,19.45,2,0,60.22,-3.13,8.19,46.07,21.13
301.58,0,,96.68,50.32,0,2,99.02,36.04,13.34,133.68,49.50,,60.02,19.53,2,0,60.25,-3.08,8.24,46.17,21.13
301.69,0,,96.79,50.36,0,2,100.00,35.91,13.30,133.51,49.41,,60.06,19.61,2,0,60.24,-3.16,8.16,46.01,21.13
301.78,0,,97.04,50.42,0,2,99.72,36.02,12.80,133.12,50.02,,60.09,19.69,2,0,59.67,-3.27,8.06,45.80,21.12
301.87,0,,97.04,50.42,0,2,99.72,36.02,12.80,133.12,50.02,,60.12,19.77,2,0,60.24,-3.17,8.14,45.98,21.14
302.02,0,,97.29,50.46,0,2,99.92,35.73,13.23,133.26,49.30,,60.14,19.84,2,0,59.64,-3.00,8.15,46.16,21.30
302.08,0,,97.42,50.46,0,2,99.60,35.10,12.73,132.13,49.17,,60.16,19.92,2,0,59.81,-3.08,8.07,46.00,21.30
302.17,0,,97.42,50.46,0,2,99.60,35.10,12.73,132.13,49.17,,60.17,20.00,2,0,60.18,-3.18,8.03,45.86,21.24
302.30,0,,97.67,50.46,0,2,96.56,35.58,11.73,131.61,50.65,,60.18,20.08,2,0,60.40,-3.17,7.99,45.83,21.29
302.39,0,,97.77,50.45,0,2,96.56,34.89,11.21,130.40,50.48,,60.20,20.16,2,-1,60.82,-3.31,7.99,45.69,21.15
302.51,0,,97.86,50.45,0,2,97.67,35.09,11.32,130.71,50.57,,60.21,20.23,2,-1,59.81,-3.39,8.03,45.65,21.03
302.60,0,,97.93,50.45,0,2,97.79,36.25,12.47,133.02,50.58,,60.22,20.30,2,-1,60.04,-3.29,8.06,45.78,21.10
302.68,0,,97.93,50.45,0,2,97.79,36.25,12.47,133.02,50.58,,60.23,20.37,2,-1,60.16,-3.20,8.10,45.91,21.15
302.77,0,,98.00,50.45,0,2,99.35,36.85,13.14,134.29,50.51,,60.24,20.44,2,-1,60.65,-3.29,8.13,45.85,21.03
302.89,0,,98.14,50.44,0,2,100.00,36.36,13.42,134.08,49.74,,60.25,20.50,2,-1,59.89,-3.47,8.28,45.82,20.70
303.02,0,,98.21,50.44,0,2,99.55,35.80,12.59,132.69,50.01,,60.25,20.56,2,-1,59.98,-3.63,8.44,45.82,20.38
303.07,0,,98.21,50.44,0,2,99.55,35.80,12.59,132.69,50.01,,60.26,20.61,2,-1,60.07,-3.78,8.47,45.70,20.20
303.19,0,,98.28,50.43,0,2,97.41,35.01,11.50,130.81,50.31,,60.26,20.65,2,-1,59.45,-3.75,8.45,45.71,20.25
303.28,0,,98.40,50.41,0,2,99.39,35.75,12.01,132.06,50.54,,60.26,20.68,2,-1,60.05,-3.65,8.48,45.84,20.32
303.42,0,,98.40,50.41,0,2,99.39,35.75,12.01,132.06,50.54,,60.25,20.71,2,-1,59.76,-3.79,8.52,45.74,20.14
303.52,0,,98.51,50.40,0,2,99.55,36.47,13.09,133.86,50.18,,60.25,20.74,1,1,59.81,-3.99,8.48,45.50,19.98
303.58,0,,98.56,50.40,0,2,100.00,35.42,12.58,132.30,49.64,,60.24,20.75,1,1,59.39,-4.11,8.41,45.31,19.93
303.67,0,,98.56,50.40,0,2,100.00,35.42,12.58,132.30,49.64,,60.23,20.76,1,1,59.70,-4.30,8.36,45.07,19.79
303.79,0,,98.67,50.38,0,2,100.00,35.24,11.96,131.50,50.08,,60.21,20.77,1,1,59.71,-4.34,8.36,45.03,19.75
303.89,0,,98.72,50.37,0,2,100.00,34.60,12.25,131.15,49.15,,60.20,20.76,1,1,59.27,-4.21,8.45,45.25,19.79
304.01,0,,98.77,50.35,0,2,100.00,33.16,12.11,129.57,47.85,,60.18,20.75,1,1,59.82,-4.21,8.50,45.30,19.74
304.09,0,,98.83,50.32,0,2,100.00,30.08,11.03,125.41,45.85,,60.16,20.74,1,1,59.37,-4.30,8.54,45.25,19.61
304.18,0,,98.83,50.32,0,2,100.00,30.08,11.03,125.41,45.85,,60.14,20.72,1,1,59.79,-4.38,8.62,45.25,19.45
304.27,0,,98.89,50.26,0,2,100.00,27.36,9.68,121.34,44.48,,60.12,20.70,1,1,59.05,-4.44,8.64,45.21,19.37
304.40,0,,99.00,50.09,0,2,100.00,31.99,11.35,127.64,47.44,,60.09,20.67,1,1,58.93,-4.58,8.63,45.06,19.24
304.52,0,,99.06,49.98,0,2,100.00,32.32,11.79,128.41,47.33,,60.06,20.63,1,1,59.43,-4.65,8.60,44.96,19.20
304.58,0,,99.06,49.98,0,2,100.00,32.32,11.79,128.41,47.33,,60.03,20.59,1,1,59.31,-4.48,8.57,45.10,19.40
304.70,0,,99.12,49.87,0,2,100.00,32.55,11.79,128.64,47.56,,60.00,20.55,1,1,59.74,-4.60,8.59,45.00,19.26
304.79,0,,99.23,49.66,0,2,99.80,34.43,12.36,131.09,48.87,,59.97,20.50,1,1,59.58,-4.99,8.57,44.59,18.89
304.91,0,,99.28,49.57,0,2,99.85,33.42,11.62,129.34,48.60,,59.94,20.45,1,1,59.81,-5.02,8.56,44.55,18.87
305.02,0,,99.33,49.48,0,2,100.00,34.72,11.63,130.65,49.89,,59.92,20.40,1,1,59.50,-5.13,8.62,44.50,18.70
305.12,0,,99.38,49.40,0,2,100.00,35.60,12.10,132.00,50.30,,59.89,20.34,1,1,59.48,-5.56,8.70,44.15,18.19
305.17,0,,99.42,49.33,0,2,99.26,36.62,12.58,133.50,50.84,,59.86,20.28,1,1,59.28,-5.55,8.76,44.22,18.14
305.30,0,,99.46,49.28,0,2,99.23,37.63,12.66,134.59,51.77,,59.84,20.21,1,1,59.39,-5.26,8.65,44.40,18.54
305.39,0,,99.50,49.25,0,2,99.31,38.48,13.28,136.06,52.00,,59.81,20.13,1,1,59.21,-5.25,8.72,44.48,18.48
305.51,0,,99.53,49.24,0,2,99.09,39.05,13.78,137.13,52.07,,59.79,20.06,1,1,59.88,-5.24,8.79,44.56,18.42
305.60,0,,99.56,49.25,0,2,99.38,39.55,14.17,138.02,52.18,,59.76,19.98,1,1,59.63,-5.27,8.70,44.44,18.48
305.68,0,,99.56,49.25,0,2,99.38,39.55,14.17,138.02,52.18,,59.74,19.90,1,1,59.38,-5.48,8.88,44.41,18.09
305.77,0,,99.59,49.31,0,2,99.28,39.52,14.28,138.10,52.04,,59.72,19.82,1,1,59.25,-5.52,8.93,44.42,18.00
305.89,0,,99.61,49.36,0,2,100.00,39.90,14.47,138.67,52.23,,59.69,19.74,1,1,59.30,-5.28,8.82,44.55,18.35
306.05,0,,99.62,49.42,0,2,100.00,39.87,14.51,138.68,52.16,,59.67,19.66,1,1,59.36,-5.03,8.85,44.83,18.57
306.08,0,,99.63,49.49,0,2,100.00,39.45,14.32,138.07,51.93,,59.65,19.58,1,1,59.83,-4.98,8.77,44.80,18.70
306.20,0,,99.63,49.49,0,2,100.00,39.45,14.32,138.07,51.93,,59.63,19.50,1,1,59.17,-4.96,8.71,44.76,18.78
306.29,0,,99.66,49.64,0,2,99.67,38.36,13.03,135.69,52.13,,59.61,19.43,1,1,59.51,-4.93,8.74,44.82,18.78
306.38,0,,99.68,49.73,0,2,100.00,38.53,13.02,135.85,52.31,,59.60,19.36,1,1,59.20,-5.10,8.70,44.61,18.65
306.52,0,,99.69,49.83,0,2,100.00,39.12,13.40,136.82,52.52,,59.58,19.30,1,1,59.86,-5.06,8.59,44.54,18.80
306.58,0,,99.71,49.93,0,2,100.00,39.62,13.74,137.66,52.68,,59.56,19.24,1,1,59.93,-4.78,8.52,44.75,19.15
306.67,0,,99.72,50.03,0,2,100.00,39.68,13.76,137.74,52.72,,59.55,19.18,1,1,59.44,-4.66,8.57,44.92,19.22
306.80,0,,99.73,50.14,0,2,100.00,39.57,13.73,137.60,52.64,,59.54,19.13,1,1,60.47,-4.64,8.64,45.01,19.17
306.89,0,,99.75,50.26,0,2,100.00,39.04,13.37,136.71,52.47,,59.54,19.09,1,1,60.12,-4.61,8.67,45.07,19.17
307.01,0,,99.76,50.37,0,2,100.00,38.45,12.83,135.58,52.42,,59.54,19.05,1,1,59.97,-4.69,8.68,45.00,19.08
307.10,0,,99.78,50.48,0,2,100.00,38.63,12.78,135.71,52.65,,59.54,19.01,1,1,60.64,-4.77,8.59,44.83,19.09
307.19,0,,99.78,50.48,0,2,100.00,38.63,12.78,135.71,52.65,,59.55,18.98,1,1,60.38,-4.54,8.50,44.97,19.41
307.28,0,,99.81,50.71,0,2,100.00,39.21,13.26,136.77,52.75,,59.56,18.96,1,1,60.35,-4.17,8.46,45.30,19.82
307.40,0,,99.82,50.83,0,2,100.00,39.07,13.19,136.56,52.68,,59.58,18.94,1,1,60.78,-3.93,8.35,45.43,20.17
307.52,0,,99.83,50.94,0,2,100.00,38.99,12.98,136.27,52.81,,59.60,18.93,2,0,60.76,-3.70,8.25,45.56,20.50
307.57,0,,99.84,51.05,0,2,100.00,38.99,12.98,136.27,52.81,,59.62,18.93,2,0,60.89,-3.63,8.20,45.58,20.62
307.70,0,,99.84,51.05,0,2,100.00,38.99,12.98,136.27,52.81,,59.65,18.94,2,0,60.70,-3.78,8.16,45.39,20.51
307.79,0,,99.87,51.27,0,2,100.00,37.55,12.44,134.29,51.91,,59.69,18.96,2,0,60.51,-3.77,8.12,45.36,20.56
307.88,0,,99.88,51.37,0,2,100.00,35.24,11.23,130.77,50.81,,59.72,18.99,2,0,61.13,-3.45,8.03,45.59,20.97
308.02,0,,99.89,51.45,0,2,98.54,29.12,8.33,121.75,47.59,,59.76,19.03,2,0,60.96,-3.03,7.80,45.78,21.62
308.08,0,,99.89,51.50,0,2,96.66,21.23,3.46,108.99,44.57,,59.80,19.07,2,0,61.01,-2.82,7.59,45.78,22.04
308.17,0,,99.87,51.51,0,2,96.66,14.94,-0.41,98.83,42.15,,59.85,19.13,2,0,61.25,-2.87,7.47,45.61,22.11
308.29,0,,99.84,51.45,0,2,100.00,9.04,-3.08,90.26,38.92,,59.90,19.20,2,0,61.08,-3.09,7.33,45.25,22.03
308.39,0,,99.81,51.34,0,2,100.00,4.09,-5.95,82.44,36.84,,59.95,19.28,2,0,61.88,-3.09,7.17,45.09,22.19
308.51,0,,99.79,51.15,0,2,100.00,2.23,-7.61,78.92,36.64,,60.01,19.37,2,0,64.24,-2.01,6.77,45.77,23.67
308.60,0,,99.76,50.90,0,2,100.00,1.64,-8.25,77.69,36.69,,60.08,19.48,2,0,64.31,-0.62,6.36,46.75,25.47
308.69,0,,99.76,50.90,0,2,100.00,1.64,-8.25,77.69,36.69,,60.17,19.60,2,0,63.30,-1.17,6.52,46.36,24.76
308.77,0,,99.73,50.24,0,2,100.00,1.37,-9.46,76.21,37.63,,60.27,19.74,2,0,63.17,-2.42,6.79,45.38,23.24
308.89,0,,99.64,49.84,0,2,48.30,1.77,-8.84,77.23,37.41,,60.38,19.89,2,0,64.35,-1.89,6.47,45.59,24.09
309.02,0,,99.28,49.42,0,2,2.70,-0.68,-11.77,71.85,37.89,,60.50,20.06,2,0,65.28,-0.31,5.49,46.19,26.65
309.07,0,,99.28,49.42,0,2,2.70,-0.68,-11.77,71.85,37.89,,60.63,20.24,2,0,64.51,0.04,4.79,45.84,27.70
309.20,0,,99.28,49.42,0,2,2.70,-0.68,-11.77,71.85,37.89,,60.77,20.44,2,0,65.21,-0.74,4.89,45.16,26.82
309.29,0,,98.52,48.97,0,2,48.94,-0.38,-9.85,74.07,36.27,,60.93,20.66,2,0,64.87,-0.70,4.86,45.17,26.89
309.37,0,,98.52,48.97,0,2,48.94,-0.38,-9.85,74.07,36.27,,61.09,20.89,2,0,65.05,-0.48,4.73,45.26,27.24
309.53,0,,96.43,48.00,0,2,100.00,-1.06,-9.43,73.81,35.17,,61.25,21.14,2,0,64.38,-0.73,4.88,45.16,26.84
309.58,0,,95.43,47.47,0,2,100.00,0.88,-6.58,78.60,34.26,,61.42,21.39,2,0,64.55,-0.91,5.08,45.18,26.46
309.67,0,,95.43,47.47,0,2,100.00,0.88,-6.58,78.60,34.26,,61.59,21.65,2,0,63.91,-1.82,5.44,44.63,25.19
309.80,0,,93.83,46.38,0,2,100.00,3.83,-5.12,83.01,35.75,,61.75,21.89,2,0,64.39,-2.56,5.64,44.09,24.25
309.89,0,,93.21,45.82,0,2,100.00,2.23,-5.68,80.85,34.71,,61.91,22.13,2,0,63.94,-2.37,5.69,44.33,24.39
310.01,0,,92.62,45.25,0,2,54.09,-1.67,-9.24,73.39,34.37,,62.07,22.36,2,0,64.28,-2.18,5.87,44.70,24.40
310.10,0,,92.00,44.69,0,2,100.00,-2.19,-10.24,71.87,34.85,,62.22,22.57,2,0,63.66,-2.22,6.18,44.97,24.05
310.18,0,,92.00,44.69,0,2,100.00,-2.19,-10.24,71.87,34.85,,62.37,22.77,2,0,61.81,-3.20,7.35,45.16,21.90
310.27,0,,91.43,44.13,0,1,100.00,5.75,-6.23,83.82,38.78,,62.49,22.94,2,0,61.78,-4.48,8.52,45.05,19.45
310.39,0,,90.60,43.11,1,0,98.33,21.12,2.59,108.01,45.33,,62.60,23.08,1,1,61.97,-4.13,8.30,45.18,20.02
310.52,0,,90.32,42.70,1,0,95.73,29.17,8.49,121.96,47.48,,62.70,23.18,1,1,65.23,-2.37,7.09,45.73,22.99
310.58,0,,90.32,42.70,1,0,95.73,29.17,8.49,121.96,47.48,,62.80,23.28,1,1,63.46,-1.47,6.17,45.71,24.81
310.70,0,,90.11,42.35,2,-1,96.29,26.52,7.36,118.18,45.96,,62.89,23.37,1,1,61.98,-3.24,6.94,44.71,22.27
310.79,0,,89.85,41.82,2,-1,97.57,26.77,7.73,118.80,45.84,,62.97,23.44,1,1,62.91,-4.19,7.28,44.10,20.98
310.88,0,,89.85,41.82,2,-1,97.57,26.77,7.73,118.80,45.84,,63.04,23.49,1,1,64.17,-2.58,6.19,44.62,23.68
311.03,0,,89.81,41.47,4,-2,98.99,23.67,5.48,113.45,44.99,,63.11,23.54,1,1,64.42,-1.86,6.02,45.17,24.57
311.09,0,,89.86,41.36,4,-2,98.74,22.49,4.45,111.24,44.84,,63.18,23.59,2,0,63.66,-2.18,6.33,45.16,23.94
311.17,0,,89.86,41.36,4,-2,98.74,22.49,4.45,111.24,44.84,,63.24,23.64,2,0,64.11,-2.16,6.41,45.26,23.88
311.30,0,,90.12,41.23,4,-2,100.00,21.19,3.65,109.14,44.34,,63.30,23.68,2,0,63.74,-1.93,6.76,45.84,23.76
311.39,0,,90.31,41.20,4,-2,100.00,19.30,2.54,106.14,43.56,,63.36,23.72,2,0,63.88,-2.14,7.02,45.89,23.29
311.51,0,,90.53,41.19,4,-2,100.00,17.07,0.88,102.25,42.99,,63.42,23.75,2,0,63.04,-2.59,7.09,45.51,22.77
311.59,0,,90.79,41.19,4,-2,100.00,14.99,-0.55,98.74,42.34,,63.46,23.77,2,0,62.71,-3.05,7.71,45.67,21.69
311.68,0,,90.79,41.19,4,-2,100.00,14.99,-0.55,98.74,42.34,,63.50,23.77,2,0,62.37,-3.81,8.48,45.68,20.16
311.78,0,,91.08,41.19,4,-2,100.00,13.79,-1.49,96.60,42.08,,63.53,23.76,2,0,64.01,-2.78,7.90,46.13,21.77
311.89,0,,91.71,41.22,4,-2,100.00,13.93,-1.27,96.96,42.00,,63.56,23.74,2,0,63.27,-1.45,7.11,46.67,23.89
312.02,0,,92.05,41.24,4,-2,100.00,13.89,-1.28,96.91,41.97,,63.58,23.72,2,0,62.84,-2.36,7.51,46.16,22.58
312.07,0,,92.05,41.24,4,-2,100.00,13.89,-1.28,96.91,41.97,,63.60,23.69,2,0,63.45,-2.68,7.76,46.09,22.01
312.20,0,,92.40,41.26,4,-2,100.00,13.59,-1.50,96.39,41.89,,63.61,23.66,2,0,62.91,-2.11,7.50,46.40,22.84
312.29,0,,93.12,41.30,4,-2,99.78,14.20,-1.22,97.28,42.22,,63.62,23.63,1,1,63.21,-2.39,7.59,46.21,22.47
312.38,0,,93.12,41.30,4,-2,99.78,14.20,-1.22,97.28,42.22,,63.62,23.59,1,1,63.30,-2.59,7.60,46.02,22.26
312.53,0,,93.85,41.36,4,-2,100.00,14.15,-1.29,97.16,42.24,,63.63,23.55,1,1,63.11,-2.68,7.59,45.92,22.18
312.58,0,,94.21,41.39,4,-2,100.00,14.76,-1.18,97.88,42.74,,63.62,23.51,1,1,63.00,-2.77,7.70,45.94,21.98
312.67,0,,94.21,41.39,4,-2,100.00,14.76,-1.18,97.88,42.74,,63.62,23.46,1,1,63.17,-2.41,7.71,46.31,22.33
312.80,0,,94.91,41.47,4,-2,99.38,16.32,-0.35,100.27,43.47,,63.61,23.41,1,1,62.60,-2.29,7.87,46.59,22.29
312.89,0,,95.25,41.53,4,-2,100.00,16.65,-0.47,100.48,43.92,,63.60,23.35,0,2,62.73,-2.52,7.87,46.36,22.06
313.00,0,,95.59,41.59,4,-2,100.00,17.76,-0.27,101.79,44.83,,63.59,23.30,0,2,62.83,-2.57,7.81,46.25,22.07
313.10,0,,95.91,41.66,4,-2,100.00,18.73,0.47,103.50,45.06,,63.57,23.25,0,2,62.86,-2.66,7.94,46.29,21.85
313.18,0,,95.91,41.66,4,-2,100.00,18.73,0.47,103.50,45.06,,63.55,23.19,0,2,63.14,-2.72,7.96,46.25,21.77
313.27,0,,96.22,41.75,4,-2,99.67,19.30,0.80,104.40,45.30,,63.53,23.13,0,2,63.21,-2.47,7.97,46.51,22.01
313.39,0,,96.81,41.95,4,-2,99.19,19.93,1.18,105.41,45.55,,63.51,23.07,0,2,63.28,-2.27,8.02,46.76,22.16
313.52,0,,97.08,42.07,4,-2,99.96,20.41,1.25,105.96,45.96,,63.49,23.01,0,2,62.72,-2.33,7.96,46.64,22.16
313.58,0,,97.08,42.07,4,-2,99.96,20.41,1.25,105.96,45.96,,63.47,22.95,0,2,63.30,-2.39,7.96,46.58,22.10
313.70,0,,97.34,42.20,4,-2,99.70,21.39,1.58,107.27,46.61,,63.44,22.89,0,2,63.17,-2.44,7.95,46.52,22.06
313.79,0,,97.82,42.49,4,-2,100.00,23.47,3.02,110.79,47.25,,63.42,22.84,0,2,62.92,-2.47,7.87,46.41,22.11
313.88,0,,97.82,42.49,4,-2,100.00,23.47,3.02,110.79,47.25,,63.40,22.78,0,2,63.53,-2.26,7.89,46.64,22.30
314.02,0,,98.25,42.83,4,-2,100.00,23.71,3.65,111.66,46.86,,63.39,22.73,0,2,63.12,-1.97,7.91,46.95,22.57
314.08,0,,98.44,43.01,4,-2,99.36,24.54,3.99,112.83,47.35,,63.37,22.69,0,2,63.31,-1.94,7.86,46.93,22.65
314.17,0,,98.44,43.01,4,-2,99.36,24.54,3.99,112.83,47.35,,63.35,22.64,0,2,63.29,-1.99,7.79,46.81,22.67
314.30,0,,98.79,43.39,4,-2,100.00,28.10,6.32,118.72,48.58,,63.34,22.61,0,2,63.53,-1.97,7.70,46.74,22.78
314.39,0,,98.95,43.59,4,-2,97.25,30.56,8.56,123.42,48.80,,63.32,22.57,0,2,63.44,-2.10,7.68,46.59,22.67
314.51,0,,99.08,43.81,4,-2,96.30,30.58,9.52,124.40,47.86,,63.31,22.54,0,2,63.58,-2.04,7.63,46.60,22.78
314.60,0,,99.18,44.02,4,-2,94.10,27.05,9.18,120.53,44.67,,63.31,22.52,0,2,63.36,-1.62,7.57,46.96,23.26
314.68,0,,99.18,44.02,4,-2,94.10,27.05,9.18,120.53,44.67,,63.30,22.50,0,2,63.74,-1.45,7.52,47.08,23.48
314.77,0,,99.24,44.20,4,-2,92.40,19.32,6.98,110.60,39.14,,63.30,22.49,0,2,63.88,-1.46,7.40,46.95,23.59
314.89,0,,99.20,44.40,2,-1,66.82,-2.51,-5.37,76.42,29.66,,63.30,22.49,0,2,63.69,-1.40,7.31,46.92,23.74
315.02,0,,98.92,44.38,2,-1,13.41,-6.62,-9.86,67.82,30.04,,63.30,22.49,0,2,64.08,-1.46,7.27,46.82,23.72
315.07,0,,98.92,44.38,2,-1,13.41,-6.62,-9.86,67.82,30.04,,63.31,22.51,0,2,63.19,-1.46,7.21,46.76,23.78
315.20,0,,98.25,44.27,2,-1,13.41,-7.54,-12.70,64.06,31.96,,63.31,22.52,0,2,63.36,-1.18,7.15,46.98,24.12
315.29,0,,95.68,43.90,2,-1,13.41,-8.78,-17.88,57.64,35.90,,63.32,22.55,0,2,63.81,-0.90,7.08,47.19,24.47
315.38,0,,95.68,43.90,2,-1,13.41,-8.78,-17.88,57.64,35.90,,63.33,22.58,0,2,63.65,-0.89,6.97,47.09,24.59
315.52,0,,91.89,43.40,2,-1,65.40,-11.45,-17.35,55.50,32.70,,63.33,22.62,0,2,63.66,-0.95,6.83,46.89,24.67
315.59,0,,91.89,43.40,2,-1,65.40,-11.45,-17.35,55.50,32.70,,63.34,22.67,0,2,63.79,-0.97,6.77,46.81,24.71
315.67,0,,91.89,43.40,2,-1,65.40,-11.45,-17.35,55.50,32.70,,63.36,22.73,0,2,64.18,-0.99,6.70,46.72,24.76
315.80,0,,87.84,42.79,4,-2,100.00,-13.43,-18.21,52.66,31.58,,63.37,22.79,0,2,64.39,-0.80,6.60,46.81,25.05
315.89,0,,86.05,42.43,4,-2,99.11,-13.26,-16.21,54.83,29.75,,63.39,22.86,0,2,64.12,-0.57,6.60,47.04,25.28
316.01,0,,84.52,42.04,4,-2,100.00,-14.07,-16.64,53.59,29.37,,63.41,22.94,0,2,64.44,-0.57,6.53,46.97,25.35
316.10,0,,83.24,41.62,4,-2,100.00,-15.00,-18.03,51.27,29.83,,63.44,23.02,0,2,64.40,-0.58,6.37,46.80,25.50
316.18,0,,83.24,41.62,4,-2,100.00,-15.00,-18.03,51.27,29.83,,63.47,23.11,0,2,64.41,-0.62,6.31,46.70,25.52
316.28,0,,82.20,41.17,4,-2,100.00,-14.67,-18.00,51.63,30.13,,63.50,23.20,0,2,64.32,-0.69,6.21,46.53,25.55
316.40,0,,80.73,40.23,4,-2,100.00,-12.52,-17.81,53.97,32.09,,63.53,23.29,0,2,64.79,-0.52,6.11,46.60,25.82
316.52,0,,80.28,39.76,4,-2,100.00,-10.81,-16.79,56.70,32.78,,63.56,23.40,0,2,64.75,-0.30,6.14,46.85,26.01
316.58,0,,80.28,39.76,4,-2,100.00,-10.81,-16.79,56.70,32.78,,63.60,23.50,0,2,64.71,-0.35,6.11,46.77,25.99
316.70,0,,79.98,39.30,4,-2,100.00,-9.66,-16.45,58.19,33.59,,63.65,23.61,0,2,64.72,-0.42,5.98,46.57,26.05
316.78,0,,79.83,38.43,4,-2,100.00,-7.09,-14.47,62.74,34.18,,63.69,23.72,0,2,64.54,-0.43,5.91,46.49,26.11
316.88,0,,79.83,38.43,4,-2,100.00,-7.09,-14.47,62.74,34.18,,63.73,23.83,0,2,64.18,-0.55,5.90,46.36,26.00
317.02,0,,80.15,37.63,4,-2,100.00,-10.25,-16.42,57.63,32.97,,63.78,23.95,0,2,64.70,-0.70,5.74,46.05,26.01
317.09,0,,80.45,37.25,4,-2,100.00,-9.61,-16.05,58.64,33.24,,63.82,24.06,0,2,64.82,-1.06,5.42,45.37,25.97
317.17,0,,80.45,37.25,4,-2,100.00,-9.61,-16.05,58.64,33.24,,63.86,24.17,0,2,63.04,-3.14,5.86,43.73,23.45
317.30,0,,81.30,36.55,4,-2,100.00,-4.62,-13.45,66.23,35.63,,63.89,24.26,0,2,61.72,-6.34,7.57,42.24,18.54
317.38,0,,81.82,36.24,4,-2,100.00,1.69,-10.42,75.57,38.91,,63.91,24.32,0,2,61.31,-7.23,9.00,42.78,16.22
317.51,0,,82.39,35.98,4,-2,100.00,4.23,-8.61,79.92,39.64,,63.91,24.32,0,2,61.71,-6.44,8.82,43.39,17.19
317.60,0,,83.01,35.77,4,-2,100.00,5.14,-8.09,81.35,40.03,,63.90,24.28,0,2,61.48,-6.65,8.64,43.00,17.16
317.69,0,,83.01,35.77,4,-2,100.00,5.14,-8.09,81.35,40.03,,63.88,24.20,0,1,61.15,-6.69,8.92,43.24,16.84
317.78,0,,83.66,35.60,4,-2,100.00,5.80,-7.13,82.97,39.73,,63.84,24.09,0,1,61.31,-6.47,8.85,43.39,17.13
317.89,0,,85.03,35.37,4,-2,100.00,3.91,-7.05,81.16,37.76,,63.79,23.95,0,1,61.08,-6.78,8.83,43.06,16.84
318.02,0,,85.74,35.30,4,-2,100.00,4.42,-6.92,81.80,38.14,,63.73,23.78,0,1,61.86,-7.15,8.46,42.32,16.84
318.08,0,,85.74,35.30,4,-2,100.00,4.42,-6.92,81.80,38.14,,63.67,23.59,0,1,61.96,-6.37,7.76,42.40,18.32
318.19,0,,86.46,35.25,4,-2,100.00,5.77,-6.57,83.50,39.14,,63.60,23.39,0,1,62.21,-4.23,7.08,43.86,21.14
318.29,0,,87.90,35.22,4,-2,99.88,-3.73,-11.80,68.77,34.87,,63.54,23.20,0,1,65.46,-2.18,5.67,44.50,24.60
318.37,0,,87.90,35.22,4,-2,99.88,-3.73,-11.80,68.77,34.87,,63.49,23.04,0,1,64.87,-0.84,4.39,44.56,27.22
318.52,0,,89.32,35.22,4,-2,100.00,-2.49,-12.44,69.37,36.75,,63.45,22.92,0,1,65.37,-0.81,4.56,44.76,27.08
318.58,0,,90.01,35.22,4,-2,100.00,-0.85,-11.16,72.29,37.11,,63.43,22.83,0,1,64.58,-0.82,4.93,45.12,26.70
318.68,0,,90.01,35.22,4,-2,100.00,-0.85,-11.16,72.29,37.11,,63.42,22.77,0,1,64.99,-0.30,5.01,45.72,27.14
318.80,0,,91.34,35.26,4,-2,100.00,0.44,-9.95,74.79,37.19,,63.41,22.75,0,1,64.92,-0.55,5.42,45.88,26.48
318.89,0,,91.99,35.29,4,-2,100.00,-1.13,-11.15,72.02,36.82,,63.42,22.75,0,1,64.58,-0.35,5.43,46.09,26.67
319.01,0,,92.61,35.33,4,-2,100.00,-2.34,-12.01,69.95,36.47,,63.43,22.77,0,1,64.89,-0.14,5.41,46.28,26.90
319.10,0,,93.21,35.37,4,-2,100.00,-3.11,-12.96,68.23,36.65,,63.45,22.82,0,1,65.05,-0.36,5.52,46.17,26.57
319.19,0,,93.21,35.37,4,-2,100.00,-3.11,-12.96,68.23,36.65,,63.48,22.88,0,1,64.75,-0.31,5.46,46.16,26.68
319.27,0,,93.78,35.42,4,-2,100.00,-1.81,-11.96,70.53,36.95,,63.51,22.96,0,1,64.47,-0.29,5.50,46.22,26.66
319.40,0,,94.86,35.51,4,-2,100.00,-0.24,-9.19,74.87,35.75,,63.55,23.05,0,1,64.96,-0.01,5.50,46.50,26.94
319.51,0,,95.35,35.56,4,-2,100.00,1.31,-7.89,77.72,36.00,,63.58,23.15,0,1,64.96,0.19,5.50,46.70,27.14
319.58,0,,95.35,35.56,4,-2,100.00,1.31,-7.89,77.72,36.00,,63.63,23.27,0,1,64.65,0.16,5.46,46.63,27.15
319.70,0,,95.82,35.60,4,-2,97.96,2.72,-7.33,79.69,36.85,,63.67,23.40,0,1,64.96,0.18,5.39,46.58,27.24
319.79,0,,96.66,35.70,2,-1,97.87,6.89,-4.81,86.38,38.50,,63.72,23.53,0,1,64.94,0.14,5.40,46.55,27.19
319.88,0,,96.66,35.70,2,-1,97.87,6.89,-4.81,86.38,38.50,,63.77,23.68,0,1,65.19,0.06,5.39,46.46,27.12
320.03,0,,97.35,35.84,4,-2,96.65,8.83,-3.41,89.72,39.04,,63.82,23.82,0,1,65.12,-0.02,5.34,46.33,27.09
320.08,0,,97.64,35.93,4,-2,97.23,9.20,-3.47,90.03,39.47,,63.87,23.97,0,1,64.90,0.02,5.28,46.31,27.19
320.17,0,,97.64,35.93,4,-2,97.23,9.20,-3.47,90.03,39.47,,63.93,24.13,0,1,64.82,0.23,5.30,46.54,27.38
320.29,0,,98.12,36.14,2,-1,96.12,10.81,-2.16,92.95,39.77,,63.98,24.29,0,1,65.18,0.30,5.30,46.61,27.45
320.39,0,,98.30,36.26,2,-1,95.51,11.01,-2.20,93.11,40.01,,64.04,24.45,0,1,64.88,0.24,5.20,46.45,27.49
320.51,0,,98.46,36.39,2,-1,96.40,11.05,-2.31,93.04,40.16,,64.09,24.61,0,1,65.06,0.22,5.18,46.41,27.49
320.60,0,,98.58,36.53,0,1,95.90,11.34,-1.99,93.65,40.13,,64.15,24.77,0,1,64.82,0.10,5.19,46.30,27.36
320.69,0,,98.58,36.53,0,1,95.90,11.34,-1.99,93.65,40.13,,64.20,24.92,0,1,65.31,0.04,5.11,46.16,27.38
320.77,0,,98.68,36.67,0,1,96.96,12.34,-1.44,95.20,40.58,,64.25,25.08,0,1,64.30,0.03,5.11,46.15,27.37
320.89,0,,98.81,36.98,0,2,97.08,12.92,-0.92,96.30,40.64,,64.30,25.23,0,1,64.35,0.10,5.22,46.33,27.33
321.02,0,,98.86,37.15,0,2,96.54,13.29,-0.72,96.87,40.81,,64.35,25.38,0,1,65.39,0.32,5.22,46.55,27.55
321.07,0,,98.86,37.15,0,2,96.54,13.29,-0.72,96.87,40.81,,64.39,25.53,0,1,65.36,0.30,5.18,46.49,27.57
321.20,0,,98.88,37.31,0,2,95.76,13.42,-0.64,97.08,40.86,,64.44,25.67,0,1,64.68,0.23,5.16,46.40,27.52
321.29,0,,98.87,37.66,0,2,95.66,14.11,-0.03,98.38,40.94,,64.48,25.81,0,1,65.15,0.24,5.15,46.40,27.54
321.38,0,,98.87,37.66,0,2,95.66,14.11,-0.03,98.38,40.94,,64.52,25.94,0,1,65.20,0.03,5.18,46.22,27.30
321.53,0,,98.79,38.00,0,2,95.77,14.01,0.12,98.43,40.69,,64.56,26.07,0,1,64.39,-0.13,5.21,46.09,27.11
321.58,0,,98.74,38.17,0,2,96.19,13.79,-0.15,97.94,40.74,,64.60,26.19,0,1,64.36,-0.15,5.23,46.09,27.07
321.68,0,,98.74,38.17,0,2,96.19,13.79,-0.15,97.94,40.74,,64.63,26.30,0,1,65.01,-0.04,5.24,46.21,27.17
321.80,0,,98.60,38.50,0,2,97.42,14.25,0.52,99.07,40.53,,64.66,26.41,0,1,64.90,0.10,5.21,46.32,27.34
321.89,0,,98.52,38.66,0,1,98.73,14.88,0.82,100.00,40.86,,64.69,26.51,0,1,64.90,0.03,5.25,46.29,27.23
322.01,0,,98.46,38.81,0,1,99.26,15.37,1.40,101.07,40.77,,64.71,26.60,0,1,64.89,0.04,5.26,46.31,27.23
322.10,0,,98.41,38.96,0,1,99.98,15.71,1.75,101.76,40.76,,64.74,26.69,0,1,64.82,0.05,5.24,46.30,27.26
322.18,0,,98.41,38.96,0,1,99.98,15.71,1.75,101.76,40.76,,64.76,26.77,0,1,64.73,-0.12,5.37,46.26,26.96
322.28,0,,98.37,39.10,0,1,98.70,15.33,1.71,101.34,40.42,,64.78,26.85,0,1,64.55,-0.20,5.47,46.28,26.78
322.40,0,,98.31,39.36,0,1,99.92,15.47,2.15,101.92,40.12,,64.80,26.91,0,1,64.69,-0.15,5.48,46.34,26.82
322.52,0,,98.30,39.48,0,1,99.15,16.14,2.39,102.83,40.55,,64.81,26.97,0,1,64.49,0.04,5.57,46.62,26.92
322.58,0,,98.30,39.48,0,1,99.15,16.14,2.39,102.83,40.55,,64.82,27.02,0,1,64.24,0.09,5.67,46.77,26.87
322.70,0,,98.30,39.59,0,1,98.81,16.58,2.57,103.45,40.81,,64.83,27.07,0,1,64.69,-0.06,5.73,46.68,26.66
322.79,0,,98.29,39.80,0,1,98.51,15.99,1.40,101.69,41.39,,64.83,27.11,0,1,64.68,-0.06,5.77,46.72,26.62
322.87,0,,98.29,39.80,0,1,98.51,15.99,1.40,101.69,41.39,,64.84,27.14,0,1,64.31,-0.14,5.82,46.69,26.49
323.02,0,,98.29,40.00,0,1,97.59,15.24,0.55,100.09,41.49,,64.84,27.16,0,1,64.88,-0.31,5.86,46.56,26.28
323.08,0,,98.29,40.10,0,1,98.95,16.53,1.00,101.83,42.33,,64.84,27.18,0,1,64.37,-0.41,5.86,46.46,26.18
323.17,0,,98.29,40.10,0,1,98.95,16.53,1.00,101.83,42.33,,64.83,27.19,0,1,63.77,-0.41,5.90,46.50,26.14
323.30,0,,98.28,40.30,0,1,97.65,17.70,1.62,103.62,42.88,,64.83,27.19,0,1,64.13,-0.34,5.99,46.66,26.12
323.39,0,,98.28,40.41,0,1,98.84,18.61,1.98,104.89,43.43,,64.81,27.19,0,1,64.29,-0.44,6.05,46.62,25.96
323.51,0,,98.28,40.53,0,1,99.60,19.64,2.57,106.51,43.87,,64.80,27.17,0,1,63.71,-0.57,6.04,46.48,25.84
323.60,0,,98.29,40.65,0,2,98.46,19.60,2.56,106.46,43.84,,64.78,27.16,0,1,64.50,-0.66,6.03,46.38,25.76
323.69,0,,98.29,40.65,0,2,98.46,19.60,2.56,106.46,43.84,,64.76,27.13,0,1,64.07,-0.84,6.08,46.25,25.53
323.77,0,,98.30,40.91,0,2,97.33,21.76,3.62,109.68,44.94,,64.74,27.10,0,1,63.83,-0.97,6.13,46.17,25.35
323.90,0,,98.30,40.91,0,2,97.33,21.76,3.62,109.68,44.94,,64.72,27.06,0,1,64.06,-1.08,6.15,46.08,25.22
324.02,0,,98.30,41.21,0,2,97.77,21.78,3.57,109.65,45.01,,64.70,27.02,0,1,64.36,-1.18,6.17,46.00,25.10
324.08,0,,98.30,41.37,0,2,96.89,20.67,3.17,108.14,44.30,,64.67,26.97,0,1,64.06,-1.17,6.21,46.05,25.07
324.20,0,,98.30,41.37,0,2,96.89,20.67,3.17,108.14,44.30,,64.65,26.91,0,1,63.84,-1.23,6.23,46.01,24.99
324.29,0,,98.29,41.53,0,2,96.96,20.00,2.71,107.01,44.09,,64.62,26.85,0,1,63.82,-1.37,6.27,45.91,24.81
324.38,0,,98.26,41.84,0,2,97.50,19.91,2.88,107.09,43.83,,64.59,26.78,0,1,63.39,-1.53,6.33,45.81,24.59
324.53,0,,98.24,41.99,0,2,96.21,20.44,3.09,107.83,44.15,,64.56,26.71,0,1,63.31,-1.66,6.35,45.70,24.44
324.59,0,,98.21,42.14,0,2,98.74,21.12,3.39,108.81,44.53,,64.52,26.63,0,1,64.13,-1.74,6.32,45.59,24.39
324.68,0,,98.19,42.29,0,2,97.54,20.87,3.46,108.63,44.21,,64.48,26.54,0,1,63.50,-1.92,6.35,45.44,24.18
324.80,0,,98.16,42.43,0,2,97.79,20.22,3.06,107.58,43.96,,64.45,26.45,0,1,64.08,-2.10,6.41,45.32,23.94
324.89,0,,98.14,42.56,0,2,96.44,19.79,2.77,106.86,43.82,,64.41,26.36,0,1,63.46,-2.02,6.49,45.48,23.94
325.01,0,,98.11,42.69,0,2,97.13,19.37,2.71,106.38,43.46,,64.37,26.26,0,1,63.35,-2.02,6.57,45.56,23.86
325.10,0,,98.07,42.81,0,2,97.49,18.63,2.46,105.39,42.97,,64.33,26.16,0,1,63.46,-2.16,6.59,45.44,23.70
325.18,0,,98.07,42.81,0,2,97.49,18.63,2.46,105.39,42.97,,64.29,26.05,0,1,62.97,-2.26,6.64,45.39,23.55
325.28,0,,98.00,43.02,0,2,97.94,18.99,2.42,105.71,43.37,,64.25,25.94,0,1,62.88,-2.52,6.69,45.18,23.24
325.39,0,,97.97,43.11,0,2,98.85,19.26,2.31,105.87,43.75,,64.20,25.83,0,1,63.12,-2.70,6.65,44.96,23.10
325.52,0,,97.95,43.19,0,2,99.29,19.76,2.56,106.62,44.00,,64.16,25.71,0,1,63.56,-2.72,6.64,44.93,23.09
325.58,0,,97.93,43.27,0,2,97.96,19.32,2.59,106.21,43.53,,64.11,25.59,0,1,63.70,-2.76,6.71,44.96,22.98
325.70,0,,97.93,43.27,0,2,97.96,19.32,2.59,106.21,43.53,,64.06,25.47,0,1,63.53,-2.74,6.64,44.91,23.07
325.79,0,,97.92,43.40,0,2,98.74,16.12,1.00,101.42,41.92,,64.02,25.34,0,1,63.68,-2.89,6.52,44.64,23.04
325.88,0,,97.92,43.44,0,2,98.21,16.08,0.85,101.23,42.03,,63.98,25.22,0,1,63.28,-3.04,6.55,44.52,22.86
326.03,0,,97.93,43.48,0,2,99.44,16.89,1.52,102.71,42.17,,63.94,25.09,0,1,63.05,-3.05,6.62,44.58,22.78
326.09,0,,97.94,43.50,0,2,98.97,16.46,1.58,102.34,41.68,,63.90,24.97,0,1,63.31,-3.19,6.68,44.50,22.58
326.18,0,,97.96,43.51,0,2,99.40,16.02,1.20,101.52,41.62,,63.86,24.84,0,1,63.53,-3.16,6.63,44.48,22.66
326.30,0,,97.98,43.50,0,2,98.38,16.90,1.86,103.06,41.84,,63.82,24.71,0,1,62.04,-3.92,6.81,43.90,21.72
326.39,0,,98.01,43.49,0,2,98.83,15.53,1.86,101.69,40.47,,63.77,24.58,0,1,60.58,-6.53,7.50,41.98,18.42
326.51,0,,98.03,43.46,0,2,98.10,13.61,1.00,98.91,39.41,,63.71,24.42,0,1,58.59,-10.17,8.04,38.88,14.24
326.60,0,,98.05,43.41,0,2,96.45,15.08,2.09,101.47,39.79,,63.63,24.22,0,1,58.73,-14.77,6.84,33.08,10.84
326.69,0,,98.05,43.41,0,2,96.45,15.08,2.09,101.47,39.79,,63.53,23.97,1,0,60.79,-16.84,3.66,27.83,11.95
326.78,0,,98.05,43.25,0,2,92.73,16.66,6.24,107.20,37.22,,63.43,23.68,1,0,61.92,-14.21,1.50,28.30,16.74
326.90,0,,98.01,43.15,0,2,97.51,22.07,9.90,116.27,38.97,,63.32,23.38,1,0,61.87,-11.84,1.53,30.70,19.08
327.02,0,,97.98,43.03,0,2,100.00,28.35,10.79,123.44,44.36,,63.22,23.08,1,0,62.28,-12.38,1.99,30.62,18.08
327.08,0,,97.95,42.92,0,2,96.52,25.24,8.12,117.66,43.92,,63.12,22.78,1,0,61.33,-12.71,2.41,30.71,17.33
327.20,0,,97.95,42.92,0,2,96.52,25.24,8.12,117.66,43.92,,63.02,22.48,1,0,59.87,-11.96,4.47,33.52,16.02
327.29,0,,97.85,42.74,0,2,92.06,21.78,6.93,113.01,41.65,,62.92,22.18,1,0,60.93,-8.74,6.44,38.71,17.27
327.38,0,,97.76,42.66,0,2,98.42,22.43,6.99,113.72,42.24,,62.81,21.89,1,0,62.34,-5.96,4.75,39.80,21.74
327.53,0,,97.69,42.57,0,2,98.89,11.53,0.15,95.98,38.18,,62.72,21.62,1,0,63.18,-6.04,3.58,38.55,22.83
327.59,0,,97.63,42.47,0,2,100.00,-1.81,-9.09,73.40,34.08,,62.63,21.38,1,0,63.17,-5.33,4.12,39.80,23.00
327.67,0,,97.58,42.34,0,2,100.00,-4.67,-11.76,67.87,33.89,,62.56,21.18,1,0,63.22,-5.18,3.90,39.73,23.37
327.80,0,,97.56,42.17,0,2,100.00,-0.29,-9.00,75.01,35.51,,62.50,21.01,1,0,62.86,-5.85,4.39,39.55,22.21
327.89,0,,97.55,41.98,0,2,100.00,0.49,-7.33,77.46,34.62,,62.45,20.87,1,0,63.24,-5.40,4.82,40.43,22.23
328.01,0,,97.56,41.76,0,2,98.97,-1.96,-7.78,74.56,32.62,,62.40,20.75,1,0,64.02,-4.20,4.63,41.44,23.62
328.10,0,,97.57,41.51,0,2,97.22,-5.89,-8.37,70.04,29.28,,62.38,20.66,1,0,63.66,-3.51,4.99,42.49,23.95
328.19,0,,97.57,41.51,0,2,97.22,-5.89,-8.37,70.04,29.28,,62.36,20.60,1,0,63.52,-3.43,5.24,42.82,23.78
328.28,0,,97.61,40.90,0,2,100.00,-3.43,-9.52,71.35,32.89,,62.35,20.56,2,-1,62.04,-3.98,6.16,43.19,22.31
328.40,0,,97.65,40.55,0,1,100.00,-10.69,-14.12,59.49,30.23,,62.34,20.53,2,-1,62.28,-5.01,7.37,43.37,20.07
328.52,0,,97.69,40.18,0,1,100.00,-16.37,-17.72,50.21,28.15,,62.33,20.51,2,-1,62.77,-4.04,7.06,44.03,21.35
328.58,0,,97.75,39.79,0,1,100.00,-14.33,-17.85,52.12,30.32,,62.32,20.50,2,-1,63.77,-2.11,5.97,44.87,24.37
328.70,0,,97.75,39.79,0,1,100.00,-14.33,-17.85,52.12,30.32,,62.33,20.51,2,-1,64.30,-1.99,5.44,44.46,25.02
328.79,0,,97.87,38.96,0,1,100.00,-11.44,-15.68,57.18,31.04,,62.34,20.54,2,-1,63.67,-2.40,5.32,43.93,24.73
328.88,0,,97.95,38.55,0,1,100.00,-9.48,-13.86,60.96,31.18,,62.36,20.60,2,-1,64.39,-2.27,5.27,44.01,24.91
329.03,0,,98.03,38.13,1,0,100.00,-5.45,-11.88,66.97,33.23,,62.39,20.67,2,-1,64.52,-1.65,5.15,44.51,25.65
329.08,0,,98.11,37.74,1,0,100.00,-1.43,-10.54,72.33,35.91,,62.43,20.77,2,-1,64.18,-1.36,5.17,44.82,25.92
329.20,0,,98.19,37.37,1,0,100.00,-0.54,-10.03,73.73,36.29,,62.48,20.88,2,-1,64.55,-1.46,5.28,44.83,25.71
329.30,0,,98.27,37.03,1,0,100.00,4.27,-7.81,80.76,38.88,,62.53,21.02,2,-1,64.79,-1.23,5.15,44.93,26.07
329.39,0,,98.36,36.74,1,0,100.00,6.80,-6.53,84.57,40.13,,62.59,21.16,2,-1,64.78,-1.21,5.00,44.80,26.24
329.51,0,,98.45,36.50,1,0,100.00,4.86,-7.38,81.78,39.04,,62.66,21.32,2,-1,65.23,-1.07,4.93,44.87,26.45
329.60,0,,98.53,36.30,0,1,100.00,9.56,-5.24,88.62,41.60,,62.73,21.50,0,1,65.24,-0.60,4.89,45.30,26.96
329.68,0,,98.53,36.30,0,1,100.00,9.56,-5.24,88.62,41.60,,62.81,21.69,0,1,64.55,-0.88,4.86,44.99,26.71
329.77,0,,98.71,36.04,0,1,100.00,6.28,-5.24,85.34,38.32,,62.89,21.88,0,1,64.06,-1.57,5.17,44.61,25.71
329.90,0,,98.79,35.96,0,1,100.00,7.53,-4.61,87.22,38.94,,62.98,22.08,0,1,63.93,-1.84,5.78,44.95,24.83
330.02,0,,98.87,35.90,0,1,100.00,4.76,-6.43,82.63,37.99,,63.05,22.27,1,0,63.23,-1.68,6.09,45.42,24.68
330.08,0,,98.95,35.86,1,0,100.00,1.27,-9.05,76.52,37.12,,63.13,22.46,1,0,64.83,-1.15,6.12,45.98,25.18
330.20,0,,98.95,35.86,1,0,100.00,1.27,-9.05,76.52,37.12,,63.20,22.65,1,0,65.24,0.03,5.45,46.49,27.03
330.32,0,,99.10,35.84,1,0,100.00,5.58,-6.72,83.16,39.10,,63.28,22.84,1,0,65.65,0.91,4.62,46.54,28.74
330.38,0,,99.18,35.85,1,0,100.00,2.89,-7.73,79.46,37.42,,63.36,23.04,1,0,65.13,0.38,4.53,45.92,28.30
330.53,0,,99.25,35.87,1,0,100.00,3.40,-8.07,79.63,38.27,,63.45,23.26,1,0,64.98,-0.03,4.33,45.31,28.09
330.59,0,,99.31,35.91,1,0,99.12,3.08,-7.46,79.92,37.34,,63.53,23.48,1,0,64.80,0.20,4.14,45.35,28.51
330.68,0,,99.37,35.94,1,0,99.98,-1.23,-10.17,72.90,35.74,,63.62,23.70,1,0,65.54,0.02,4.29,45.32,28.18
330.80,0,,99.43,35.98,1,0,100.00,-1.43,-11.68,71.19,37.05,,63.70,23.93,1,0,65.16,-0.20,4.35,45.16,27.90
330.89,0,,99.48,36.02,1,0,100.00,2.59,-9.07,77.82,38.46,,63.79,24.16,1,0,65.74,-0.08,4.38,45.31,27.99
331.01,0,,99.53,36.06,1,0,100.00,4.53,-6.70,82.13,38.03,,63.87,24.38,1,0,65.43,0.28,4.38,45.67,28.35
331.10,0,,99.58,36.12,1,0,99.34,2.02,-8.54,77.78,37.36,,63.96,24.61,1,0,65.17,0.32,4.23,45.56,28.54
331.18,0,,99.58,36.12,1,0,99.34,2.02,-8.54,77.78,37.36,,64.05,24.83,1,0,65.31,-0.04,4.20,45.17,28.21
331.31,0,,99.66,36.22,0,1,99.77,2.49,-7.50,79.29,36.79,,64.13,25.05,1,0,64.97,-0.28,4.47,45.20,27.70
331.40,0,,99.70,36.27,0,1,99.50,3.46,-6.75,81.01,37.01,,64.21,25.26,1,0,64.70,-0.81,4.69,44.89,26.95
331.52,0,,99.72,36.32,0,1,97.47,5.75,-4.95,85.10,37.50,,64.28,25.46,1,0,64.88,-0.90,4.76,44.87,26.79
331.58,0,,99.74,36.38,0,2,96.70,5.91,-5.50,84.71,38.21,,64.36,25.65,1,0,65.06,-0.16,4.90,45.75,27.39
331.70,0,,99.74,36.38,0,2,96.70,5.91,-5.50,84.71,38.21,,64.42,25.83,1,0,64.15,-0.55,5.17,45.63,26.73
331.79,0,,99.72,36.50,0,2,98.04,3.71,-7.65,80.36,38.16,,64.48,25.99,1,0,63.71,-1.88,5.68,44.81,24.89
331.88,0,,99.70,36.56,0,2,98.60,-0.24,-9.62,74.44,36.18,,64.53,26.13,1,0,64.01,-2.34,5.88,44.55,24.23
332.03,0,,99.67,36.61,0,2,98.62,-4.55,-12.80,66.95,35.05,,64.57,26.24,1,0,63.97,-2.17,5.69,44.53,24.59
332.09,0,,99.64,36.66,0,2,98.34,-7.13,-14.44,62.73,34.11,,64.60,26.33,1,0,61.72,-3.20,6.19,44.00,23.06
332.17,0,,99.61,36.68,0,2,97.56,-9.66,-15.23,59.41,32.37,,64.61,26.39,1,0,60.83,-5.60,6.74,42.15,20.11
332.29,0,,99.56,36.67,0,2,97.94,-12.01,-16.05,56.24,30.84,,64.60,26.41,1,0,60.89,-7.24,6.14,39.91,19.07
332.39,0,,99.52,36.63,0,2,99.91,-14.28,-17.43,52.59,29.95,,64.56,26.39,1,0,60.94,-8.09,5.20,38.12,19.16
332.51,0,,99.48,36.56,0,2,100.00,-15.18,-18.39,50.73,30.01,,64.51,26.33,1,0,60.37,-8.63,5.06,37.44,18.76
332.60,0,,99.45,36.46,0,2,100.00,-14.94,-18.51,50.85,30.37,,64.45,26.22,1,0,61.02,-8.57,5.59,38.03,18.29
332.69,0,,99.45,36.46,0,2,100.00,-14.94,-18.51,50.85,30.37,,64.36,26.09,1,0,60.70,-8.77,5.90,38.14,17.78
332.77,0,,99.40,36.18,0,2,100.00,-13.49,-17.65,53.16,30.96,,64.27,25.92,1,0,61.53,-8.77,5.99,38.23,17.69
332.90,0,,99.38,36.02,0,2,100.00,-12.90,-17.07,54.33,30.97,,64.17,25.72,1,0,61.92,-7.86,6.09,39.24,18.50
333.02,0,,99.37,35.84,0,2,100.00,-13.31,-17.34,53.65,30.83,,64.07,25.50,1,0,62.49,-6.67,5.84,40.18,19.94
333.08,0,,99.37,35.65,0,2,100.00,-13.45,-17.13,53.72,30.48,,63.97,25.27,1,0,62.69,-5.89,5.52,40.64,21.04
333.20,0,,99.37,35.65,0,2,100.00,-13.45,-17.13,53.72,30.48,,63.87,25.04,1,0,63.18,-5.60,5.30,40.71,21.55
333.29,0,,99.37,35.24,0,2,100.00,-20.15,-21.04,43.11,27.69,,63.78,24.81,1,0,62.89,-5.26,5.11,40.86,22.08
333.38,0,,99.38,35.00,0,2,98.83,-19.93,-20.80,43.57,27.67,,63.69,24.59,1,0,62.72,-5.05,5.13,41.09,22.27
333.52,0,,99.38,34.75,0,2,97.51,-16.67,-19.38,48.25,29.51,,63.61,24.38,1,0,62.85,-4.82,5.07,41.26,22.56
333.59,0,,99.37,34.50,0,2,98.00,-12.76,-17.28,54.26,31.32,,63.53,24.18,1,0,62.92,-4.29,4.98,41.70,23.18
333.67,0,,99.35,34.25,0,2,98.45,-10.99,-15.45,57.86,31.26,,63.45,24.00,1,0,62.31,-4.37,5.39,42.03,22.69
333.80,0,,99.33,34.00,0,1,99.03,-12.89,-16.53,54.88,30.44,,63.38,23.82,1,0,62.48,-4.76,5.52,41.77,22.17
333.89,0,,99.32,33.77,0,1,100.00,-16.12,-18.55,49.63,29.23,,63.31,23.66,1,0,61.95,-4.95,5.17,41.23,22.33
334.01,0,,99.30,33.53,0,1,100.00,-17.47,-19.52,47.31,28.85,,63.24,23.50,1,0,62.76,-5.05,5.19,41.15,22.21
334.10,0,,99.30,33.29,0,1,100.00,-17.14,-19.28,47.88,28.94,,63.17,23.36,1,0,63.00,-4.62,5.12,41.51,22.71
334.18,0,,99.30,33.29,0,1,100.00,-17.14,-19.28,47.88,28.94,,63.11,23.23,1,0,63.10,-4.27,4.88,41.62,23.30
334.27,0,,99.29,32.81,0,1,100.00,-16.58,-18.48,49.24,28.70,,63.05,23.11,1,0,62.36,-4.44,4.86,41.43,23.15
334.40,0,,99.30,32.57,0,1,100.00,-15.68,-18.23,50.39,29.35,,63.00,23.00,1,0,62.79,-4.63,4.80,41.18,23.02
334.52,0,,99.31,32.33,0,1,100.00,-14.83,-17.80,51.67,29.77,,62.95,22.90,1,0,62.98,-4.58,4.62,41.05,23.25
334.58,0,,99.32,32.11,0,1,100.00,-14.89,-17.78,51.63,29.69,,62.91,22.82,1,0,63.23,-4.23,4.52,41.30,23.70
334.70,0,,99.32,32.11,0,1,100.00,-14.89,-17.78,51.63,29.69,,62.87,22.75,1,0,62.62,-3.93,4.60,41.68,23.92
334.79,0,,99.35,31.69,0,1,100.00,-14.78,-17.67,51.85,29.69,,62.84,22.70,1,0,62.96,-3.89,4.70,41.82,23.86
334.88,0,,99.37,31.49,0,1,100.00,-15.48,-17.99,50.83,29.31,,62.81,22.65,1,0,62.87,-3.80,4.64,41.85,24.01
335.03,0,,99.39,31.31,0,1,100.00,-15.64,-18.16,50.50,29.32,,62.78,22.62,1,0,63.04,-3.45,4.45,42.01,24.55
335.09,0,,99.41,31.13,0,1,100.00,-16.11,-18.76,49.43,29.45,,62.76,22.61,1,0,62.89,-3.39,4.32,41.94,24.74
335.18,0,,99.44,30.96,0,1,100.00,-17.22,-19.64,47.44,29.22,,62.74,22.60,1,0,62.64,-3.79,4.28,41.50,24.38
335.30,0,,99.46,30.79,0,1,100.00,-17.71,-19.97,46.62,29.06,,62.72,22.61,1,0,63.19,-3.68,4.19,41.52,24.58
335.39,0,,99.49,30.64,0,1,100.00,-17.85,-19.93,46.52,28.88,,62.71,22.63,1,0,62.91,-3.14,4.10,41.97,25.21
335.51,0,,99.51,30.49,0,1,100.00,-17.95,-20.01,46.34,28.86,,62.70,22.67,1,0,62.82,-3.05,4.04,42.00,25.36
335.60,0,,99.54,30.34,0,1,100.00,-17.93,-19.90,46.47,28.77,,62.69,22.71,1,0,62.94,-3.10,3.95,41.86,25.40
335.68,0,,99.54,30.34,0,1,100.00,-17.93,-19.90,46.47,28.77,,62.68,22.77,1,0,62.44,-3.02,3.80,41.79,25.63
335.77,0,,99.59,30.08,0,1,100.00,-17.30,-19.82,47.18,29.32,,62.68,22.83,1,0,62.80,-3.13,3.68,41.56,25.64
335.90,0,,99.61,29.96,0,1,100.00,-16.86,-19.39,48.05,29.33,,62.67,22.91,1,0,62.91,-3.10,3.58,41.49,25.77
336.02,0,,99.63,29.84,0,1,100.00,-16.87,-19.09,48.34,29.02,,62.67,22.99,1,0,63.62,-2.72,3.47,41.76,26.26
336.08,0,,99.66,29.74,0,1,100.00,-17.29,-19.17,47.84,28.68,,62.67,23.09,1,0,63.10,-2.48,3.45,41.98,26.52
336.20,0,,99.66,29.74,0,1,100.00,-17.29,-19.17,47.84,28.68,,62.67,23.19,1,0,63.13,-2.49,3.32,41.84,26.64
336.29,0,,99.70,29.54,0,1,100.00,-18.41,-19.81,46.08,28.20,,62.68,23.31,1,0,63.26,-2.42,3.09,41.68,26.94
336.38,0,,99.73,29.44,0,1,100.00,-18.58,-19.83,45.89,28.05,,62.69,23.43,1,0,63.03,-2.38,3.02,41.65,27.05
336.52,0,,99.75,29.35,0,1,100.00,-17.98,-19.62,46.70,28.44,,62.70,23.56,1,0,63.47,-2.44,2.93,41.50,27.08
336.59,0,,99.77,29.26,0,1,100.00,-16.93,-19.12,48.25,28.99,,62.71,23.70,1,0,63.29,-2.46,2.78,41.33,27.21
336.68,0,,99.79,29.18,0,1,100.00,-16.10,-18.39,49.81,29.09,,62.73,23.84,1,0,64.14,-2.38,2.77,41.40,27.30
336.80,0,,99.81,29.11,0,1,100.00,-15.69,-17.78,50.83,28.89,,62.75,23.99,1,0,63.52,-2.02,2.81,41.80,27.62
336.89,0,,99.83,29.04,0,1,100.00,-15.61,-17.70,50.99,28.89,,62.78,24.15,1,0,63.30,-1.85,2.79,41.95,27.81
337.01,0,,99.84,28.98,0,1,100.00,-15.57,-17.90,50.83,29.13,,62.80,24.31,1,0,63.50,-1.92,2.73,41.82,27.80
337.10,0,,99.86,28.93,0,1,100.00,-15.32,-17.79,51.19,29.27,,62.83,24.47,1,0,64.14,-1.82,2.61,41.80,28.02
337.18,0,,99.86,28.93,0,1,100.00,-15.32,-17.79,51.19,29.27,,62.86,24.64,1,0,63.77,-1.90,2.49,41.60,28.06
337.28,0,,99.88,28.85,0,1,99.68,-13.39,-16.55,54.36,29.96,,62.89,24.80,1,0,63.98,-2.02,2.44,41.43,27.99
337.39,0,,99.89,28.82,0,1,99.66,-13.54,-16.89,53.87,30.15,,62.93,24.97,1,0,63.86,-2.05,2.37,41.33,28.03
337.52,0,,99.89,28.81,0,1,99.27,-12.43,-16.52,55.35,30.89,,62.97,25.14,1,0,63.38,-2.18,2.32,41.15,27.95
337.58,0,,99.89,28.81,0,1,99.35,-10.19,-15.02,59.09,31.63,,63.00,25.31,1,0,63.61,-2.06,2.33,41.28,28.06
337.70,0,,99.89,28.81,0,1,99.35,-10.19,-15.02,59.09,31.63,,63.04,25.48,2,-1,64.10,-1.79,2.32,41.54,28.34
337.79,0,,99.87,28.86,0,1,98.04,-7.35,-14.09,62.86,33.54,,63.08,25.65,2,-1,64.48,-1.74,2.27,41.54,28.44
337.88,0,,99.86,28.91,0,1,99.62,-7.17,-14.11,63.02,33.74,,63.12,25.81,2,-1,64.11,-1.77,2.28,41.52,28.40
338.03,0,,99.83,28.99,0,1,99.18,-8.79,-15.07,60.44,33.08,,63.16,25.97,1,0,64.07,-1.82,2.29,41.48,28.34
338.09,0,,99.81,29.09,0,1,99.35,-9.80,-15.32,59.18,32.32,,63.21,26.13,1,0,63.61,-1.98,2.23,41.26,28.24
338.18,0,,99.79,29.19,0,1,98.66,-11.10,-15.49,57.71,31.19,,63.25,26.29,1,0,63.59,-2.10,2.23,41.14,28.12
338.30,0,,99.76,29.29,0,1,99.17,-12.32,-16.14,55.84,30.62,,63.29,26.43,1,0,63.54,-2.25,2.23,40.99,27.97
338.39,0,,99.74,29.40,0,1,98.70,-11.64,-16.05,56.61,31.21,,63.33,26.58,1,0,63.66,-2.40,2.16,40.77,27.89
338.51,0,,99.70,29.50,0,1,98.20,-11.23,-15.75,57.32,31.32,,63.36,26.71,1,0,63.83,-2.36,2.12,40.77,27.97
338.60,0,,99.67,29.60,0,1,99.01,-11.51,-15.77,57.02,31.06,,63.40,26.84,1,0,63.43,-2.25,2.10,40.86,28.10
338.69,0,,99.67,29.60,0,1,99.01,-11.51,-15.77,57.02,31.06,,63.43,26.96,1,0,64.03,-2.25,2.10,40.86,28.10
338.78,0,,99.59,29.80,0,1,100.00,-5.12,-12.29,66.89,33.97,,63.46,27.08,1,0,63.79,-2.33,2.10,40.78,28.02
338.90,0,,99.55,29.92,0,1,98.83,0.82,-9.38,75.74,37.00,,63.49,27.19,1,0,63.58,-2.44,2.07,40.64,27.94
339.02,0,,99.52,30.07,0,1,100.00,4.76,-6.95,82.11,38.51,,63.51,27.29,1,0,63.86,-2.60,2.07,40.48,27.78
339.08,0,,99.48,30.25,0,1,100.00,5.68,-5.60,84.38,38.08,,63.54,27.38,1,0,63.54,-2.76,2.05,40.30,27.64
339.21,0,,99.48,30.25,0,1,100.00,5.68,-5.60,84.38,38.08,,63.56,27.47,1,0,63.40,-2.88,2.02,40.15,27.55
339.29,0,,99.44,30.68,0,1,100.00,6.10,-5.51,84.89,38.41,,63.58,27.55,1,0,63.40,-2.98,2.01,40.04,27.46
339.38,0,,99.42,30.93,0,1,99.84,8.51,-3.79,89.02,39.10,,63.60,27.61,1,0,63.44,-2.99,2.01,40.03,27.45
339.53,0,,99.41,31.20,0,1,98.66,9.92,-2.70,91.52,39.42,,63.62,27.67,1,0,63.79,-2.91,2.10,40.20,27.44
339.58,0,,99.39,31.49,0,1,97.97,10.27,-2.21,92.36,39.28,,63.63,27.73,1,0,63.67,-2.94,2.14,40.21,27.37
339.68,0,,99.37,31.80,0,2,100.00,12.89,-0.41,96.78,40.10,,63.64,27.77,1,0,63.34,-3.05,2.06,40.02,27.34
339.80,0,,99.36,32.12,0,2,100.00,17.10,2.19,103.59,41.71,,63.65,27.81,1,0,63.38,-3.12,2.09,39.98,27.24
339.89,0,,99.34,32.47,0,2,100.00,17.55,3.33,105.18,41.02,,63.66,27.84,1,0,63.37,-3.24,2.14,39.91,27.07
340.01,0,,99.34,32.82,0,2,100.00,16.81,3.09,104.20,40.52,,63.66,27.86,1,0,63.66,-3.33,2.12,39.80,27.00
340.10,0,,99.34,33.19,0,2,100.00,19.71,4.55,108.56,41.96,,63.67,27.88,1,0,62.98,-3.45,2.15,39.71,26.85
340.19,0,,99.34,33.19,0,2,100.00,19.71,4.55,108.56,41.96,,63.67,27.88,1,0,63.05,-3.61,2.21,39.61,26.63
340.27,0,,99.35,33.96,0,2,100.00,21.88,5.04,111.22,43.64,,63.66,27.88,1,0,62.98,-3.55,2.19,39.65,26.71
340.40,0,,99.36,34.36,0,2,100.00,24.01,6.29,114.60,44.52,,63.65,27.88,1,0,62.70,-3.47,2.22,39.76,26.76
340.52,0,,99.37,34.78,0,2,99.06,22.74,5.23,112.27,44.31,,63.64,27.86,1,0,62.94,-3.50,2.29,39.80,26.66
340.58,0,,99.37,35.22,0,2,98.64,23.56,5.17,113.03,45.19,,63.63,27.84,1,0,62.82,-3.54,2.34,39.81,26.57
340.70,0,,99.37,35.22,0,2,98.64,23.56,5.17,113.03,45.19,,63.61,27.82,1,0,63.11,-3.66,2.36,39.71,26.43
340.79,0,,99.38,36.12,0,1,100.00,26.58,7.02,117.90,46.36,,63.59,27.79,1,0,63.30,-3.78,2.34,39.57,26.33
340.88,0,,99.39,36.59,0,1,100.00,28.66,8.59,121.55,46.87,,63.57,27.75,1,0,62.72,-3.91,2.40,39.50,26.14
341.03,0,,99.40,37.07,0,1,100.00,30.29,9.78,124.37,47.31,,63.55,27.71,1,0,62.72,-4.08,2.49,39.42,25.88
341.09,0,,99.40,37.55,0,1,98.49,29.86,9.61,123.77,47.05,,63.52,27.67,1,0,62.61,-4.12,2.49,39.38,25.84
341.18,0,,99.41,38.05,0,1,100.00,29.03,9.36,122.69,46.47,,63.50,27.61,1,0,62.74,-3.97,2.56,39.60,25.92
341.30,0,,99.42,38.54,0,1,100.00,29.53,9.43,123.26,46.90,,63.47,27.56,1,0,62.94,-3.86,2.68,39.83,25.91
341.39,0,,99.43,39.02,0,1,100.00,28.99,9.35,122.64,46.44,,63.44,27.49,1,0,62.31,-3.92,2.70,39.79,25.83
341.51,0,,99.44,39.50,0,1,100.00,28.27,9.00,121.57,46.07,,63.41,27.43,1,0,62.74,-3.98,2.75,39.78,25.72
341.60,0,,99.45,39.97,0,1,100.00,28.01,7.87,120.18,46.94,,63.37,27.36,1,0,63.32,-3.99,2.80,39.82,25.66
341.69,0,,99.47,40.43,0,1,100.00,27.76,7.24,119.30,47.32,,63.34,27.29,1,0,62.70,-4.05,2.77,39.73,25.63
341.78,0,,99.49,40.88,0,1,99.35,28.31,7.59,120.20,47.52,,63.31,27.22,1,0,63.01,-4.20,2.82,39.63,25.43
341.90,0,,99.50,41.32,0,2,100.00,30.26,8.28,122.84,48.78,,63.29,27.14,1,0,62.69,-4.40,2.84,39.45,25.21
342.02,0,,99.52,41.76,0,2,100.00,31.20,8.93,124.43,49.07,,63.26,27.06,1,0,63.17,-4.40,2.87,39.48,25.18
342.08,0,,99.53,42.20,0,2,100.00,30.94,9.29,124.53,48.45,,63.23,26.98,1,0,62.60,-4.24,2.96,39.73,25.25
342.20,0,,99.53,42.20,0,2,100.00,30.94,9.29,124.53,48.45,,63.20,26.90,1,0,62.95,-4.21,2.99,39.79,25.25
342.29,0,,99.57,43.04,0,2,99.25,31.46,9.42,125.18,48.84,,63.18,26.81,1,0,62.84,-4.26,3.00,39.75,25.19
342.38,0,,99.59,43.45,0,2,100.00,31.08,9.49,124.87,48.39,,63.15,26.73,1,0,62.46,-4.37,3.08,39.72,25.00
342.53,0,,99.60,43.85,0,2,100.00,32.10,9.30,125.70,49.60,,63.12,26.64,1,0,62.64,-4.48,3.13,39.66,24.84
342.59,0,,99.62,44.24,0,2,100.00,31.73,9.00,125.03,49.53,,63.10,26.56,1,0,62.92,-4.53,3.13,39.61,24.79
342.68,0,,99.63,44.61,0,2,100.00,32.37,9.65,126.32,49.52,,63.07,26.47,1,0,62.37,-4.67,3.21,39.55,24.57
342.80,0,,99.65,44.98,0,2,100.00,34.32,10.49,129.11,50.63,,63.04,26.38,1,0,62.57,-4.77,3.25,39.49,24.43
342.89,0,,99.67,45.34,0,2,100.00,35.06,11.34,130.70,50.52,,63.02,26.28,1,0,62.58,-4.68,3.23,39.56,24.54
343.01,0,,99.69,45.69,0,2,100.00,35.82,12.33,132.45,50.29,,62.99,26.19,1,0,62.40,-4.59,3.32,39.74,24.54
343.10,0,,99.70,46.04,0,2,100.00,36.43,12.86,133.59,50.37,,62.97,26.10,1,0,62.53,-4.62,3.40,39.79,24.43
343.19,0,,99.72,46.37,0,2,100.00,34.69,12.82,131.81,48.67,,62.94,26.01,1,0,62.63,-4.64,3.42,39.79,24.39
343.28,0,,99.74,46.67,0,2,100.00,30.23,10.09,124.62,46.94,,62.91,25.91,1,0,62.40,-4.65,3.49,39.85,24.31
343.40,0,,99.75,46.95,0,2,100.00,26.04,5.92,116.26,46.92,,62.89,25.82,1,0,62.41,-4.74,3.55,39.82,24.16
343.52,0,,99.77,47.20,0,2,99.43,23.85,3.58,111.73,47.07,,62.86,25.73,1,0,62.22,-4.92,3.62,39.71,23.91
343.58,0,,99.78,47.43,0,1,100.00,22.85,2.73,109.88,46.92,,62.83,25.64,1,0,62.56,-5.04,3.70,39.67,23.71
343.70,0,,99.78,47.43,0,1,100.00,22.85,2.73,109.88,46.92,,62.81,25.54,1,0,61.89,-5.12,3.71,39.60,23.62
343.79,0,,99.81,47.81,0,1,98.48,28.74,5.57,118.61,49.97,,62.78,25.45,1,0,63.03,-5.11,3.72,39.62,23.62
343.88,0,,99.81,47.98,0,1,99.46,31.82,8.11,124.23,50.51,,62.76,25.35,1,0,62.72,-4.91,3.78,39.88,23.76
344.03,0,,99.81,48.15,0,1,100.00,32.59,8.53,125.42,50.86,,62.73,25.25,1,0,62.48,-4.93,3.84,39.92,23.68
344.08,0,,99.81,48.31,0,1,100.00,34.64,9.86,128.80,51.58,,62.71,25.16,1,0,62.82,-5.08,3.90,39.83,23.47
344.18,0,,99.82,48.48,0,1,99.43,35.50,10.78,130.58,51.52,,62.69,25.06,1,0,62.39,-5.08,3.94,39.87,23.43
344.30,0,,99.82,48.65,0,1,99.85,35.06,10.19,129.55,51.67,,62.68,24.97,1,0,62.32,-5.15,3.99,39.85,23.31
344.39,0,,99.82,48.82,0,1,99.48,35.42,10.37,130.09,51.85,,62.66,24.87,1,0,62.02,-5.20,4.15,39.96,23.10
344.51,0,,99.81,48.99,0,1,99.39,35.84,10.50,130.64,52.14,,62.64,24.78,1,0,61.97,-5.32,4.34,40.03,22.79
344.60,0,,99.81,49.16,0,1,99.00,36.37,10.79,131.46,52.38,,62.62,24.68,1,0,61.66,-5.48,4.38,39.91,22.59
344.68,0,,99.80,49.33,0,1,99.92,36.55,11.08,131.93,52.27,,62.59,24.59,1,0,62.25,-5.39,4.39,40.01,22.67
344.78,0,,99.80,49.49,0,1,99.52,36.48,10.96,131.74,52.32,,62.57,24.49,1,0,61.73,-5.31,4.50,40.20,22.64
344.90,0,,99.79,49.66,0,1,100.00,36.56,11.16,132.02,52.20,,62.54,24.39,1,0,61.87,-5.35,4.57,40.23,22.53
345.02,0,,99.78,49.83,0,1,100.00,37.11,11.27,132.68,52.64,,62.51,24.29,1,0,61.05,-5.35,4.58,40.24,22.52
345.08,0,,99.78,49.99,0,1,100.00,37.54,11.28,133.12,53.06,,62.48,24.19,1,0,61.16,-5.43,4.69,40.27,22.33
345.20,0,,99.78,49.99,0,1,100.00,37.54,11.28,133.12,53.06,,62.44,24.09,1,0,60.72,-5.50,4.76,40.27,22.19
345.29,0,,99.78,50.32,0,1,100.00,36.97,11.32,132.59,52.45,,62.40,23.99,1,0,60.90,-5.56,4.75,40.20,22.14
345.38,0,,99.78,50.47,0,1,100.00,36.69,11.09,132.08,52.40,,62.35,23.88,1,0,61.38,-5.72,4.79,40.08,21.94
345.53,0,,99.78,50.63,0,1,100.00,36.42,10.74,131.46,52.48,,62.30,23.78,1,0,60.76,-5.85,4.84,40.00,21.76
345.59,0,,99.78,50.77,0,1,100.00,36.64,10.64,131.58,52.80,,62.25,23.68,1,0,61.13,-5.83,4.91,40.09,21.71
345.68,0,,99.78,50.92,0,1,100.00,36.59,10.50,131.39,52.89,,62.20,23.58,1,0,60.61,-5.63,5.04,40.42,21.78
345.80,0,,99.79,51.06,0,1,99.22,36.49,10.55,131.34,52.74,,62.14,23.47,1,0,60.77,-5.55,5.12,40.58,21.78
345.89,0,,99.79,51.19,0,1,100.00,35.55,10.01,129.86,52.34,,62.08,23.37,1,0,60.72,-5.63,5.15,40.53,21.67
346.01,0,,99.79,51.32,0,1,99.98,33.63,8.57,126.50,51.86,,62.02,23.27,1,0,61.12,-5.66,5.16,40.51,21.63
346.10,0,,99.80,51.43,0,1,100.00,33.23,8.02,125.55,52.01,,61.96,23.17,1,0,60.78,-5.76,5.23,40.48,21.46
346.19,0,,99.80,51.54,0,1,100.00,33.57,8.15,126.02,52.22,,61.90,23.07,1,0,60.72,-5.87,5.33,40.47,21.25
346.28,0,,99.80,51.64,0,1,99.46,32.38,7.36,124.04,51.82,,61.84,22.97,1,0,60.98,-5.97,5.33,40.37,21.15
346.40,0,,99.81,51.73,0,1,100.00,32.19,6.90,123.39,52.09,,61.78,22.87,1,0,60.48,-6.09,5.28,40.20,21.08
346.52,0,,99.81,51.82,0,1,100.00,33.30,7.63,125.23,52.47,,61.72,22.77,1,0,60.34,-6.16,5.33,40.18,20.96
346.58,0,,99.81,51.90,0,1,100.00,32.92,7.92,125.14,51.80,,61.66,22.67,1,0,60.43,-6.24,5.46,40.23,20.75
346.70,0,,99.81,51.90,0,1,100.00,32.92,7.92,125.14,51.80,,61.59,22.57,1,0,60.36,-6.17,5.58,40.42,20.70
346.79,0,,99.82,52.03,0,1,100.00,32.74,8.14,125.18,51.40,,61.53,22.46,1,0,60.88,-6.17,5.57,40.41,20.71
346.88,0,,99.83,52.07,0,1,100.00,30.27,7.32,121.89,49.75,,61.47,22.36,1,0,60.47,-6.65,5.44,39.80,20.36
347.03,0,,99.83,52.10,0,1,100.00,25.27,5.31,114.88,46.76,,61.41,22.26,1,0,60.34,-7.11,5.35,39.25,19.99
347.09,0,,99.84,52.09,0,1,98.16,18.64,1.84,104.78,43.60,,61.35,22.16,1,0,60.32,-7.17,5.41,39.25,19.87
347.18,0,,99.83,52.04,0,1,97.05,12.84,-2.61,94.53,42.25,,61.29,22.05,1,0,60.53,-6.98,5.58,39.61,19.89
347.30,0,,99.81,51.94,0,1,99.59,7.54,-6.95,84.89,41.29,,61.23,21.94,1,0,60.48,-6.83,5.66,39.84,19.96
347.39,0,,99.80,51.78,0,1,100.00,3.63,-9.67,78.26,40.10,,61.17,21.83,2,-1,59.50,-6.98,5.63,39.66,19.84
347.51,0,,99.78,51.57,0,1,100.00,-0.75,-11.23,72.32,37.28,,61.11,21.72,2,-1,60.15,-7.03,5.62,39.60,19.80
347.60,0,,99.77,51.30,1,0,100.00,-7.02,-13.54,63.74,33.32,,61.06,21.62,2,-1,60.46,-6.81,5.56,39.76,20.08
347.69,0,,99.77,51.30,1,0,100.00,-7.02,-13.54,63.74,33.32,,61.00,21.51,2,-1,60.66,-6.80,5.53,39.74,20.12
347.78,0,,99.75,50.54,1,0,100.00,-8.47,-15.53,60.30,33.86,,60.95,21.41,2,-1,60.43,-6.87,5.53,39.67,20.05
347.90,0,,99.74,50.07,1,0,100.00,-10.93,-17.18,56.19,33.05,,60.90,21.31,2,-1,60.31,-6.79,5.52,39.74,20.14
348.02,0,,99.74,49.56,1,0,100.00,-11.95,-18.83,53.52,33.68,,60.85,21.21,2,-1,60.47,-6.82,5.60,39.79,20.03
348.08,0,,99.74,49.00,1,0,100.00,-10.03,-18.03,56.24,34.80,,60.80,21.12,2,-1,59.62,-6.92,5.75,39.84,19.78
348.20,0,,99.74,49.00,1,0,100.00,-10.03,-18.03,56.24,34.80,,60.76,21.02,2,-1,60.51,-7.00,5.79,39.80,19.66
348.29,0,,99.74,47.82,0,1,100.00,-5.04,-11.73,67.53,33.49,,60.71,20.93,2,-1,60.33,-6.99,5.71,39.73,19.75
348.41,0,,99.74,47.20,0,1,100.00,-3.02,-10.42,70.86,34.20,,60.67,20.85,2,-1,60.02,-6.94,5.66,39.73,19.85
348.53,0,,99.75,46.57,0,1,100.00,3.20,-7.19,80.31,37.19,,60.63,20.76,2,-1,60.20,-6.91,5.61,39.71,19.93
348.59,0,,99.75,45.95,0,1,100.00,6.51,-5.50,85.31,38.81,,60.59,20.68,2,-1,60.10,-6.75,5.66,39.92,20.04
348.68,0,,99.76,45.35,0,1,99.79,5.40,-6.23,83.47,38.43,,60.55,20.61,2,-1,59.85,-6.61,5.87,40.27,19.97
348.80,0,,99.76,44.78,0,1,96.71,6.58,-6.25,84.63,39.63,,60.51,20.54,2,-1,60.65,-6.50,6.07,40.58,19.88
348.89,0,,99.74,44.23,0,1,95.46,7.21,-6.17,85.34,40.18,,60.48,20.47,2,-1,59.54,-6.48,6.20,40.73,19.77
349.01,0,,99.71,43.72,0,1,97.68,7.13,-6.52,84.91,40.45,,60.44,20.40,2,-1,59.94,-6.52,6.19,40.68,19.74
349.10,0,,99.71,43.72,0,1,97.68,7.13,-6.52,84.91,40.45,,60.41,20.34,2,-1,60.17,-6.25,6.20,40.96,20.00
349.19,0,,99.62,42.79,0,1,100.00,-3.67,-10.58,70.05,33.71,,60.38,20.29,2,-1,59.93,-5.98,6.25,41.28,20.22
349.28,0,,99.58,42.33,0,1,100.00,-9.30,-14.45,60.55,31.95,,60.35,20.23,2,-1,60.12,-5.91,6.23,41.33,20.31
349.40,0,,99.55,41.86,0,1,100.00,-7.55,-14.27,62.48,33.52,,60.32,20.19,2,-1,60.46,-5.81,6.22,41.42,20.42
349.52,0,,99.53,41.39,0,1,100.00,-6.92,-13.60,63.78,33.48,,60.29,20.15,2,-1,60.94,-5.78,6.19,41.42,20.48
349.58,0,,99.51,40.93,0,1,100.00,-8.34,-14.44,61.52,32.90,,60.27,20.12,2,-1,60.90,-5.79,6.18,41.40,20.48
349.70,0,,99.51,40.93,0,1,100.00,-8.34,-14.44,61.52,32.90,,60.26,20.09,2,-1,60.08,-5.89,6.18,41.30,20.38
349.79,0,,99.48,40.00,0,1,100.00,-10.73,-15.56,58.01,31.63,,60.25,20.06,2,-1,60.67,-5.81,6.21,41.41,20.43
349.88,0,,99.47,39.54,0,1,100.00,-9.51,-14.66,60.13,31.95,,60.24,20.05,2,-1,60.64,-5.44,6.24,41.81,20.77
350.03,0,,99.47,39.09,1,0,100.00,-9.08,-14.52,60.70,32.24,,60.23,20.03,2,-1,60.49,-5.29,6.24,41.96,20.92
350.09,0,,99.47,38.64,1,0,100.00,-11.54,-15.77,56.99,31.03,,60.23,20.03,2,-1,60.84,-5.29,6.21,41.93,20.95
350.17,0,,99.47,38.19,1,0,99.90,-13.04,-16.54,54.72,30.30,,60.23,20.03,2,-1,60.71,-5.28,6.16,41.89,21.01
350.30,0,,99.48,37.75,1,0,100.00,-14.65,-17.77,51.88,29.92,,60.23,20.03,2,-1,60.40,-5.38,6.15,41.78,20.92
350.39,0,,99.48,37.30,0,1,100.00,-15.37,-18.08,50.85,29.51,,60.24,20.04,2,-1,61.07,-5.42,6.13,41.72,20.90
350.51,0,,99.49,36.86,0,1,100.00,-13.59,-17.21,53.50,30.42,,60.24,20.06,2,-1,60.64,-5.28,6.00,41.73,21.17
350.60,0,,99.51,36.43,0,1,100.00,-12.86,-17.49,53.95,31.43,,60.25,20.08,2,-1,61.07,-5.10,5.97,41.88,21.38
350.69,0,,99.52,36.01,0,1,100.00,-13.29,-17.71,53.30,31.22,,60.27,20.10,2,-1,60.60,-4.95,6.04,42.10,21.46
350.78,0,,99.54,35.61,0,1,100.00,-12.96,-17.51,53.83,31.35,,60.28,20.13,2,-1,61.05,-4.86,5.97,42.12,21.62
350.90,0,,99.55,35.23,0,1,100.00,-11.93,-17.32,55.05,32.19,,60.30,20.17,2,-1,61.53,-4.86,5.92,42.07,21.67
351.02,0,,99.57,34.87,0,1,100.00,-8.29,-15.51,60.50,34.02,,60.32,20.21,2,-1,61.09,-4.85,5.91,42.07,21.69
351.08,0,,99.57,34.87,0,1,100.00,-8.29,-15.51,60.50,34.02,,60.35,20.25,2,-1,61.74,-4.86,5.83,41.98,21.76
351.20,0,,99.59,34.54,0,1,100.00,-4.96,-13.81,65.53,35.65,,60.37,20.30,2,-1,61.12,-4.92,5.83,41.92,21.70
351.29,0,,99.62,34.01,0,1,100.00,-3.74,-13.62,66.94,36.68,,60.41,20.35,2,-1,62.02,-4.89,5.89,42.01,21.67
351.38,0,,99.64,33.80,0,1,100.00,-2.36,-12.69,69.25,37.13,,60.44,20.41,2,-1,62.27,-4.63,5.99,42.37,21.83
351.53,0,,99.66,33.64,0,1,100.00,-1.95,-12.19,70.16,37.04,,60.49,20.46,2,-1,62.79,-4.64,6.02,42.39,21.79
351.59,0,,99.68,33.51,0,1,100.00,-5.81,-14.16,64.33,35.15,,60.54,20.52,2,-1,62.24,-5.24,5.76,41.53,21.45
351.68,0,,99.70,33.40,0,1,100.00,-7.02,-14.77,62.51,34.55,,60.60,20.58,2,-1,62.36,-5.99,5.33,40.35,21.13
351.80,0,,99.72,33.32,0,1,100.00,-5.17,-13.60,65.53,35.23,,60.66,20.63,2,-1,62.31,-6.44,5.14,39.71,20.87
351.89,0,,99.73,33.25,0,1,100.00,-4.61,-13.45,66.24,35.64,,60.73,20.68,2,-1,62.95,-6.22,5.14,39.93,21.09
352.01,0,,99.75,33.21,0,1,100.00,-2.59,-12.43,69.28,36.64,,60.80,20.73,2,-1,62.86,-5.66,4.96,40.31,21.83
352.10,0,,99.77,33.19,0,1,100.00,-1.95,-11.87,70.48,36.72,,60.87,20.78,2,-1,62.66,-5.49,4.73,40.25,22.23
352.22,0,,99.79,33.19,0,1,100.00,-1.81,-11.84,70.65,36.83,,60.95,20.83,2,-1,62.51,-5.47,4.67,40.21,22.31
352.28,0,,99.80,33.21,0,1,100.00,-0.01,-10.91,73.38,37.70,,61.03,20.89,2,-1,62.53,-5.77,4.59,39.83,22.09
352.39,0,,99.82,33.26,0,1,100.00,1.50,-10.35,75.45,38.65,,61.11,20.94,2,-1,62.79,-6.79,4.20,38.42,21.46
352.52,0,,99.83,33.34,0,1,100.00,3.81,-9.21,78.90,39.82,,61.19,21.00,2,-1,62.74,-7.28,3.86,37.59,21.31
352.58,0,,99.85,33.44,0,1,100.00,4.77,-8.57,80.50,40.14,,61.27,21.05,2,-1,63.75,-6.52,3.74,38.23,22.19
352.70,0,,99.85,33.44,0,1,100.00,4.77,-8.57,80.50,40.14,,61.36,21.10,2,-1,63.79,-5.45,3.34,38.90,23.66
352.79,0,,99.86,33.57,0,1,100.00,6.02,-8.42,81.90,41.24,,61.45,21.16,2,-1,63.53,-5.11,2.73,38.63,24.61
352.88,0,,99.89,33.92,0,1,100.00,4.23,-9.00,79.53,40.03,,61.54,21.24,2,-1,62.76,-5.89,2.08,37.20,24.48
353.03,0,,99.90,34.13,0,1,100.00,5.26,-9.05,80.51,41.11,,61.64,21.32,2,-1,62.18,-6.77,1.44,35.68,24.24
353.09,0,,99.91,34.35,0,1,100.00,7.25,-7.86,83.69,41.91,,61.72,21.41,2,-1,62.49,-6.79,1.18,35.40,24.48
353.18,0,,99.92,34.60,0,1,100.00,9.93,-5.96,88.27,42.69,,61.80,21.51,2,-1,62.48,-6.91,1.96,36.06,23.58
353.30,0,,99.93,34.87,0,1,100.00,15.73,-3.14,96.89,45.67,,61.88,21.61,2,-1,62.22,-7.30,3.43,37.14,21.72
353.39,0,,99.94,35.17,0,1,100.00,19.33,-0.63,103.00,46.76,,61.95,21.71,2,-1,62.37,-6.88,3.97,38.10,21.60
353.51,0,,99.95,35.51,0,1,100.00,20.97,1.23,106.50,46.54,,62.01,21.79,2,-1,62.07,-6.60,3.86,38.27,21.99
353.60,0,,99.96,35.88,1,0,100.00,23.62,2.52,110.44,47.90,,62.07,21.86,2,-1,62.10,-6.61,4.09,38.49,21.75
353.69,0,,99.96,36.27,1,0,100.00,25.99,4.22,114.51,48.57,,62.13,21.93,2,-1,62.51,-6.11,4.03,38.93,22.31
353.78,0,,99.97,36.70,1,0,98.97,27.81,5.92,118.03,48.69,,62.18,21.99,2,-1,62.82,-5.59,3.79,39.21,23.07
353.90,0,,99.97,37.15,1,0,97.47,26.85,5.00,116.15,48.65,,62.23,22.06,2,-1,63.37,-5.19,3.60,39.42,23.66
354.02,0,,99.95,37.62,1,0,95.86,26.39,5.49,116.18,47.70,,62.27,22.12,2,-1,62.89,-5.11,3.43,39.33,23.91
354.08,0,,99.92,38.10,1,0,98.48,25.00,5.44,114.74,46.36,,62.32,22.19,2,-1,63.07,-5.21,3.47,39.27,23.77
354.20,0,,99.92,38.10,1,0,98.48,25.00,5.44,114.74,46.36,,62.37,22.26,2,-1,63.02,-5.36,3.44,39.09,23.65
354.29,0,,99.82,39.04,1,0,97.42,13.26,-3.10,94.46,43.16,,62.42,22.33,2,-1,62.88,-5.53,3.44,38.92,23.48
354.38,0,,99.76,39.48,1,0,97.90,10.05,-5.51,88.84,42.36,,62.46,22.40,2,-1,63.00,-5.34,3.44,39.11,23.67
354.53,0,,99.69,39.89,1,0,97.40,9.86,-5.41,88.75,42.07,,62.50,22.47,2,-1,63.23,-5.00,3.34,39.35,24.11
354.59,0,,99.62,40.27,1,0,99.32,8.53,-5.93,86.90,41.26,,62.54,22.54,2,-1,62.98,-4.89,3.41,39.53,24.15
354.68,0,,99.55,40.62,1,0,99.13,7.69,-6.27,85.72,40.76,,62.59,22.61,2,-1,62.85,-5.11,3.51,39.41,23.83
354.80,0,,99.49,40.93,1,0,100.00,8.16,-5.33,87.13,40.29,,62.62,22.69,2,-1,63.36,-5.26,3.62,39.37,23.57
354.89,0,,99.43,41.20,1,0,100.00,5.92,-5.86,84.36,38.58,,62.66,22.76,2,-1,63.23,-5.25,3.62,39.38,23.58
355.01,0,,99.39,41.43,1,0,100.00,5.39,-5.87,83.82,38.06,,62.70,22.83,2,-1,63.24,-5.29,3.53,39.25,23.63
355.10,0,,99.35,41.62,1,0,100.00,7.08,-5.74,85.64,39.62,,62.74,22.89,2,-1,63.02,-5.17,3.58,39.42,23.70
355.19,0,,99.32,41.78,1,0,100.00,10.72,-5.01,90.01,42.53,,62.77,22.95,2,-1,62.96,-4.99,3.60,39.62,23.86
355.28,0,,99.32,41.78,1,0,100.00,10.72,-5.01,90.01,42.53,,62.80,23.02,2,-1,62.97,-5.00,3.55,39.56,23.90
355.40,0,,99.26,42.08,1,0,95.67,26.33,6.53,117.16,46.60,,62.83,23.08,2,-1,63.08,-5.03,3.53,39.51,23.89
355.52,0,,99.22,42.24,1,0,100.00,26.76,7.11,118.17,46.45,,62.86,23.14,2,-1,63.06,-5.00,3.47,39.48,23.98
355.58,0,,99.18,42.41,1,0,97.89,27.18,6.78,118.26,47.20,,62.89,23.19,2,-1,62.79,-5.04,3.40,39.37,24.01
355.70,0,,99.18,42.41,1,0,97.89,27.18,6.78,118.26,47.20,,62.91,23.25,2,-1,63.15,-5.06,3.41,39.36,23.98
355.79,0,,99.10,42.78,1,0,97.14,26.83,6.88,118.01,46.75,,62.93,23.30,2,-1,63.23,-4.92,3.43,39.52,24.10
355.88,0,,99.07,42.97,1,0,99.35,25.05,6.98,116.33,44.87,,62.95,23.36,2,-1,63.32,-4.77,3.47,39.71,24.21
356.03,0,,99.03,43.15,1,0,97.53,23.60,6.63,114.53,43.77,,62.97,23.41,2,-1,63.92,-4.74,3.44,39.71,24.27
356.09,0,,98.99,43.31,1,0,98.63,21.68,6.16,112.14,42.32,,63.00,23.46,2,-1,63.26,-4.71,3.36,39.66,24.38
356.18,0,,98.95,43.45,1,0,98.88,17.01,3.56,104.87,40.25,,63.02,23.52,2,-1,63.56,-4.84,3.42,39.59,24.19
356.30,0,,98.92,43.56,1,0,97.63,11.23,-1.18,94.35,39.21,,63.04,23.56,2,-1,61.95,-5.94,3.46,38.53,23.05
356.39,0,,98.88,43.64,1,0,100.00,8.06,-4.06,88.30,38.92,,63.06,23.60,2,-1,60.76,-7.86,3.51,36.66,21.08
356.52,0,,98.86,43.68,1,0,100.00,8.48,-3.88,88.90,39.16,,63.06,23.63,1,1,60.06,-8.72,3.88,36.17,19.85
356.60,0,,98.84,43.68,1,0,100.00,10.60,-2.18,92.72,39.58,,63.04,23.62,1,1,61.01,-8.50,4.38,36.89,19.57
356.69,0,,98.83,43.67,1,0,100.00,9.68,-2.64,91.34,39.12,,63.01,23.60,1,1,60.96,-7.79,4.89,38.11,19.77
356.78,0,,98.83,43.63,1,0,100.00,8.02,-4.00,88.32,38.82,,62.98,23.56,1,1,61.74,-6.42,5.06,39.65,20.97
356.90,0,,98.83,43.56,1,0,100.00,10.80,-2.33,92.77,39.93,,62.94,23.50,1,1,61.81,-5.98,4.87,39.90,21.60
357.02,0,,98.84,43.48,1,0,100.00,12.04,-0.86,95.48,39.70,,62.90,23.44,1,1,61.61,-6.19,4.89,39.71,21.37
357.08,0,,98.86,43.39,1,0,100.00,13.41,-0.32,97.39,40.53,,62.85,23.38,1,1,61.82,-6.01,4.86,39.86,21.58
357.20,0,,98.86,43.39,1,0,100.00,13.41,-0.32,97.39,40.53,,62.80,23.31,1,1,61.59,-5.94,4.79,39.86,21.72
357.29,0,,98.91,43.21,1,0,100.00,24.91,7.12,116.33,44.59,,62.76,23.23,1,1,61.24,-5.74,4.86,40.13,21.85
357.38,0,,98.94,43.14,1,0,100.00,22.04,6.09,112.43,42.75,,62.70,23.16,1,1,61.59,-5.61,4.84,40.24,22.00
357.53,0,,98.97,43.08,1,0,100.00,24.02,7.57,115.89,43.25,,62.65,23.09,1,1,61.89,-5.66,4.86,40.21,21.93
357.59,0,,99.00,43.03,1,0,100.00,23.19,5.21,112.70,44.78,,62.60,23.02,1,1,61.91,-5.56,4.88,40.33,22.01
357.67,0,,99.04,43.00,1,0,100.00,24.76,4.08,113.14,47.48,,62.55,22.95,1,1,62.21,-5.51,4.84,40.34,22.10
357.83,0,,99.08,42.99,1,0,100.00,25.96,5.18,115.44,47.58,,62.50,22.88,1,1,62.45,-5.51,4.81,40.31,22.13
357.89,0,,99.12,43.00,1,0,98.19,20.79,2.02,107.11,45.57,,62.46,22.82,1,1,62.27,-5.53,4.75,40.23,22.17
358.01,0,,99.15,43.04,1,0,100.00,21.09,2.39,107.78,45.50,,62.42,22.76,1,1,61.91,-5.49,4.73,40.25,22.23
358.10,0,,99.18,43.08,1,0,100.00,26.04,9.51,119.85,43.33,,62.38,22.70,1,1,61.97,-5.85,4.52,39.68,22.08
358.19,0,,99.22,43.12,1,0,100.00,25.11,6.68,116.09,45.23,,62.34,22.64,1,1,60.09,-8.06,4.42,37.37,19.97
358.28,0,,99.25,43.17,1,0,100.00,25.43,5.31,115.04,46.92,,62.29,22.57,1,1,59.94,-11.04,4.74,34.71,16.67
358.40,0,,99.29,43.23,1,0,100.00,27.94,9.68,121.92,45.06,,62.24,22.48,1,1,59.61,-11.85,4.30,33.46,16.30
358.52,0,,99.32,43.31,1,0,100.00,26.09,5.81,116.20,47.08,,62.18,22.36,1,1,60.96,-10.48,3.99,34.52,17.98
358.58,0,,99.36,43.39,1,0,100.00,26.05,6.47,116.82,46.38,,62.11,22.23,1,1,62.06,-8.22,4.66,37.45,19.57
358.70,0,,99.36,43.39,1,0,100.00,26.05,6.47,116.82,46.38,,62.06,22.10,1,1,65.11,-5.32,3.47,39.16,23.66
358.79,0,,99.43,43.57,1,0,99.80,23.49,3.84,111.63,46.45,,62.02,22.00,1,1,64.83,-3.62,1.69,39.08,27.14
358.88,0,,99.46,43.67,1,0,99.40,24.97,5.79,115.06,45.98,,62.01,21.93,1,1,65.54,-3.85,1.85,39.01,26.75
359.03,0,,99.50,43.78,1,0,100.00,25.16,5.64,115.10,46.32,,62.02,21.89,1,1,66.03,-3.89,1.94,39.06,26.62
359.09,0,,99.52,43.88,1,0,98.35,25.08,5.31,114.69,46.57,,62.05,21.89,1,1,65.98,-3.44,1.56,39.13,27.45
359.18,0,,99.55,44.00,1,0,100.00,25.79,5.86,115.95,46.73,,62.10,21.92,1,1,66.10,-3.46,1.69,39.24,27.30
359.30,0,,99.57,44.11,1,0,99.90,26.23,5.74,116.27,47.29,,62.17,21.98,1,1,66.54,-3.26,1.79,39.54,27.40
359.39,0,,99.59,44.23,1,0,100.00,26.63,6.42,117.35,47.01,,62.25,22.06,1,1,66.23,-3.03,1.80,39.78,27.62
359.51,0,,99.61,44.36,1,0,99.40,26.34,6.72,117.36,46.42,,62.35,22.17,1,1,66.27,-2.97,1.88,39.92,27.60
359.60,0,,99.62,44.48,1,0,100.00,25.45,5.63,115.38,46.62,,62.47,22.29,1,1,66.08,-2.67,2.08,40.42,27.70
359.72,0,,99.64,44.61,1,0,100.00,25.14,5.01,114.45,46.93,,62.59,22.44,1,1,66.27,-2.24,2.38,41.15,27.83
359.78,0,,99.66,44.73,1,0,100.00,25.32,5.15,114.77,46.97,,62.72,22.60,0,1,65.85,-2.03,2.38,41.36,28.04
359.90,0,,99.68,44.86,1,0,100.00,25.56,4.68,114.54,47.68,,62.85,22.78,0,1,65.95,-2.29,2.23,40.95,27.93
360.02,0,,99.69,44.99,1,0,100.00,27.42,5.71,117.43,48.51,,62.99,22.96,0,1,65.28,-2.45,2.35,40.91,27.65
360.08,0,,99.71,45.12,1,0,100.00,30.07,8.58,122.95,48.29,,63.13,23.16,0,1,65.67,-2.52,2.36,40.85,27.57
360.20,0,,99.71,45.12,1,0,100.00,30.07,8.58,122.95,48.29,,63.27,23.36,0,1,66.21,-2.63,2.14,40.52,27.68
360.29,0,,99.75,45.39,1,0,100.00,28.52,9.24,122.06,46.08,,63.41,23.57,0,1,65.63,-2.46,2.07,40.62,27.92
360.38,0,,99.76,45.51,1,0,100.00,27.41,8.90,120.61,45.31,,63.55,23.77,0,1,66.25,-2.19,2.04,40.86,28.22
360.53,0,,99.78,45.62,1,0,100.00,26.46,9.09,119.85,44.17,,63.69,23.99,0,1,66.06,-1.83,1.93,41.11,28.69
360.59,0,,99.80,45.71,1,0,100.00,24.64,8.43,117.37,43.01,,63.83,24.21,0,1,66.20,-1.71,1.90,41.20,28.84
360.68,0,,99.81,45.77,1,0,100.00,22.95,8.10,115.35,41.65,,63.97,24.43,0,1,66.54,-1.70,1.96,41.27,28.79
360.80,0,,99.83,45.81,1,0,100.00,22.56,8.42,115.28,40.94,,64.11,24.65,0,1,66.23,-1.44,1.98,41.55,29.03
360.89,0,,99.84,45.81,1,0,100.00,21.47,8.15,113.92,40.12,,64.24,24.88,0,1,66.58,-1.41,1.93,41.53,29.11
361.01,0,,99.85,45.78,1,0,100.00,17.83,5.89,108.02,38.74,,64.38,25.10,0,1,66.55,-1.58,1.84,41.27,29.03
361.10,0,,99.87,45.71,1,0,100.00,14.73,3.30,102.33,38.23,,64.51,25.33,0,1,66.81,-1.47,1.75,41.29,29.23
361.19,0,,99.88,45.60,1,0,100.00,14.17,2.60,101.07,38.37,,64.65,25.56,0,1,66.97,-1.30,1.77,41.48,29.38
361.28,0,,99.89,45.46,1,0,100.00,14.32,2.84,101.46,38.28,,64.78,25.78,0,1,66.70,-1.38,1.76,41.39,29.31
361.40,0,,99.90,45.30,1,0,100.00,13.85,2.49,100.64,38.16,,64.91,26.00,0,1,66.32,-1.40,1.70,41.31,29.35
361.52,0,,99.91,45.11,1,0,100.00,13.54,2.21,100.05,38.13,,65.04,26.22,0,1,66.87,-1.36,1.69,41.34,29.40
361.58,0,,99.91,45.11,1,0,100.00,13.54,2.21,100.05,38.13,,65.16,26.43,0,1,66.50,-1.40,1.66,41.27,29.39
361.70,0,,99.92,44.90,1,0,100.00,13.75,2.39,100.44,38.16,,65.28,26.64,0,1,66.64,-1.38,1.61,41.24,29.46
361.79,0,,99.94,44.44,1,0,97.55,14.81,3.58,102.69,38.03,,65.39,26.84,0,1,66.66,-1.31,1.60,41.30,29.54
361.88,0,,99.93,44.18,1,0,95.35,15.62,4.93,104.85,37.49,,65.50,27.04,0,1,66.66,-1.16,1.65,41.50,29.64
362.03,0,,99.90,43.92,1,0,96.87,16.99,5.73,107.02,38.06,,65.60,27.23,0,1,66.66,-1.07,1.69,41.63,29.69
362.09,0,,99.85,43.65,1,0,98.46,18.51,5.99,108.80,39.32,,65.70,27.41,0,1,66.52,-1.14,1.65,41.52,29.66
362.18,0,,99.81,43.38,1,0,98.88,19.92,5.94,110.16,40.78,,65.79,27.59,0,1,66.89,-1.17,1.62,41.46,29.66
362.30,0,,99.76,43.13,1,0,98.50,20.71,5.55,110.56,41.96,,65.89,27.76,0,1,66.94,-1.21,1.62,41.42,29.62
362.39,0,,99.70,42.90,1,0,99.18,20.60,4.62,109.52,42.78,,65.97,27.93,0,2,67.24,-1.32,1.56,41.25,29.57
362.51,0,,99.65,42.68,1,0,98.70,17.81,2.19,104.30,42.42,,66.06,28.09,0,2,66.88,-1.35,1.56,41.22,29.54
362.60,0,,99.60,42.49,1,0,97.34,9.42,-3.71,90.01,39.93,,66.14,28.24,0,2,66.64,-1.19,1.56,41.38,29.70
362.69,0,,99.55,42.30,1,0,99.93,1.75,-9.45,76.60,38.00,,66.21,28.38,0,2,66.66,-1.18,1.54,41.37,29.73
362.78,0,,99.50,42.11,1,0,100.00,-1.88,-11.54,70.88,36.46,,66.28,28.51,0,2,66.83,-1.30,1.55,41.26,29.60
362.90,0,,99.46,41.90,1,0,100.00,-3.59,-12.16,68.55,35.37,,66.35,28.64,0,2,66.88,-1.23,1.52,41.30,29.70
363.02,0,,99.42,41.68,1,0,100.00,-6.14,-14.11,64.05,34.77,,66.41,28.76,0,2,66.60,-1.17,1.53,41.37,29.75
363.08,0,,99.40,41.44,1,0,99.75,-9.67,-15.77,58.86,32.90,,66.47,28.87,0,2,66.33,-1.30,1.70,41.41,29.45
363.20,0,,99.40,41.44,1,0,99.75,-9.67,-15.77,58.86,32.90,,66.52,28.98,0,2,66.23,-1.38,1.84,41.47,29.23
363.29,0,,99.36,40.90,1,0,100.00,-6.21,-14.14,63.95,34.73,,66.56,29.07,0,2,66.37,-1.24,1.93,41.70,29.28
363.38,0,,99.31,40.61,1,0,77.51,-9.40,-15.38,59.52,32.78,,66.60,29.16,0,2,66.79,-0.99,2.06,42.08,29.40
363.53,0,,99.20,40.30,1,0,90.08,-14.22,-17.59,52.49,30.17,,66.63,29.24,0,2,66.77,-0.87,2.05,42.19,29.53
363.59,0,,99.04,39.97,1,0,100.00,-13.98,-18.01,52.31,30.83,,66.66,29.31,0,2,66.29,-0.87,1.96,42.10,29.62
363.68,0,,98.89,39.62,1,0,100.00,-11.40,-16.71,56.19,32.11,,66.69,29.38,0,2,66.97,-0.84,1.85,42.02,29.76
363.80,0,,98.76,39.26,1,0,100.00,-10.22,-15.97,58.11,32.55,,66.72,29.44,0,2,66.74,-0.75,1.73,41.99,29.97
363.89,0,,98.65,38.91,1,0,100.00,-7.75,-15.17,61.38,34.22,,66.74,29.50,0,2,66.74,-0.71,1.77,42.07,29.97
364.01,0,,98.56,38.56,1,0,100.00,-8.13,-14.93,61.24,33.60,,66.76,29.55,0,2,67.23,-0.71,1.90,42.20,29.84
364.10,0,,98.49,38.21,1,0,100.00,-10.47,-16.08,57.75,32.41,,66.78,29.60,0,2,66.95,-0.49,1.95,42.47,30.01
364.19,0,,98.43,37.88,1,0,100.00,-9.54,-15.85,58.91,33.11,,66.80,29.65,0,2,67.15,-0.18,2.01,42.84,30.26
364.28,0,,98.39,37.55,1,0,100.00,-9.52,-15.85,58.93,33.13,,66.82,29.69,0,2,66.99,-0.11,2.05,42.95,30.29
364.40,0,,98.36,37.23,1,0,100.00,-6.52,-14.75,63.03,35.03,,66.84,29.74,0,2,66.90,-0.10,2.01,42.92,30.34
364.52,0,,98.35,36.93,1,0,100.00,4.64,-8.29,80.65,39.73,,66.85,29.78,0,2,67.11,-0.19,1.90,42.72,30.36
364.58,0,,98.35,36.68,1,0,100.00,13.73,-1.80,96.23,42.33,,66.87,29.82,0,2,67.10,-0.49,1.76,42.28,30.20
364.70,0,,98.35,36.68,1,0,100.00,13.73,-1.80,96.23,42.33,,66.89,29.86,0,2,67.24,-0.62,1.68,42.07,30.15
364.79,0,,98.35,36.48,1,0,100.00,9.03,-3.84,89.49,39.67,,66.90,29.90,0,2,67.44,-0.58,1.61,42.04,30.26
364.88,0,,98.39,36.18,1,0,100.00,1.20,-8.76,76.74,36.76,,66.92,29.94,0,2,66.88,-0.48,1.58,42.11,30.39
365.03,0,,98.42,36.06,1,0,100.00,3.98,-8.09,80.19,38.87,,66.94,29.97,0,2,67.14,-0.35,1.60,42.26,30.50
365.09,0,,98.46,35.97,1,0,100.00,5.15,-6.94,82.51,38.89,,66.95,30.01,0,2,66.77,-0.46,1.62,42.17,30.37
365.18,0,,98.50,35.91,1,0,100.00,6.38,-6.53,84.15,39.71,,66.97,30.04,0,2,67.02,-0.59,1.65,42.07,30.21
365.30,0,,98.50,35.91,1,0,100.00,6.38,-6.53,84.15,39.71,,66.98,30.07,0,2,66.97,-0.52,1.56,42.05,30.37
365.39,0,,98.59,35.88,1,0,100.00,14.13,-2.32,96.11,43.25,,66.99,30.10,0,2,67.11,-0.50,1.52,42.03,30.43
365.51,0,,98.65,35.93,1,0,100.00,17.05,-0.61,100.74,44.46,,67.00,30.12,0,2,66.65,-0.57,1.63,42.07,30.25
365.60,0,,98.70,36.02,1,0,100.00,22.04,2.34,108.68,46.50,,67.01,30.15,0,2,67.36,-0.41,1.62,42.22,30.42
365.69,0,,98.76,36.16,1,0,100.00,25.04,4.80,114.14,47.04,,67.01,30.17,0,2,67.41,-0.12,1.64,42.53,30.69
365.78,0,,98.82,36.35,1,0,100.00,26.70,6.09,117.09,47.41,,67.02,30.20,0,2,67.21,-0.05,1.66,42.62,30.74
365.90,0,,98.88,36.59,1,0,100.00,27.11,6.21,117.62,47.70,,67.03,30.22,0,2,67.22,-0.17,1.58,42.42,30.70
366.02,0,,98.93,36.86,1,0,100.00,26.66,5.83,116.79,47.63,,67.04,30.25,0,2,67.14,-0.24,1.47,42.24,30.74
366.08,0,,98.99,37.17,1,0,100.00,27.43,5.74,117.47,48.49,,67.05,30.27,0,2,66.92,-0.32,1.38,42.07,30.75
366.20,0,,98.99,37.17,1,0,100.00,27.43,5.74,117.47,48.49,,67.06,30.30,0,2,67.53,-0.41,1.41,42.01,30.63
366.29,0,,99.11,37.88,1,0,100.00,28.39,6.66,119.35,48.53,,67.07,30.32,0,2,67.56,-0.44,1.34,41.91,30.67
366.38,0,,99.17,38.28,1,0,99.51,28.47,6.84,119.61,48.43,,67.08,30.35,0,2,67.51,-0.28,1.31,42.04,30.86
366.53,0,,99.22,38.69,1,0,100.00,26.66,6.22,117.18,47.24,,67.09,30.37,0,2,67.42,-0.05,1.36,42.32,31.04
366.59,0,,99.27,39.11,1,0,100.00,25.09,5.22,114.61,46.67,,67.11,30.40,0,2,67.53,-0.01,1.34,42.34,31.10
366.68,0,,99.32,39.52,1,0,100.00,24.81,5.28,114.39,46.33,,67.12,30.43,0,2,67.98,-0.00,1.40,42.41,31.05
366.80,0,,99.37,39.94,1,0,100.00,23.58,5.46,113.34,44.92,,67.14,30.45,0,2,67.67,0.02,1.37,42.40,31.10
366.89,0,,99.42,40.33,1,0,100.00,19.41,4.30,108.01,41.91,,67.16,30.48,0,2,67.51,-0.02,1.33,42.32,31.10
367.01,0,,99.46,40.69,1,0,95.74,13.76,2.58,100.64,37.98,,67.18,30.51,0,2,67.42,-0.00,1.46,42.47,30.99
367.10,0,,99.48,41.00,1,0,95.91,9.42,0.49,94.21,35.73,,67.20,30.54,0,2,67.46,0.18,1.52,42.71,31.11
367.19,0,,99.47,41.25,1,0,95.85,4.68,-2.73,86.25,34.21,,67.21,30.57,0,2,67.57,0.37,1.53,42.91,31.29
367.28,0,,99.45,41.43,1,0,94.97,-2.79,-7.77,73.74,31.78,,67.23,30.60,0,2,67.18,0.37,1.53,42.91,31.29
367.40,0,,99.40,41.54,1,0,96.61,-8.06,-11.70,64.54,30.44,,67.25,30.63,0,2,67.63,0.36,1.51,42.88,31.30
367.52,0,,99.35,41.57,1,0,97.08,-9.82,-13.31,61.17,30.29,,67.27,30.66,0,2,67.51,0.37,1.47,42.85,31.35
367.58,0,,99.28,41.53,1,0,97.92,-10.31,-14.10,59.89,30.59,,67.28,30.70,0,2,67.40,0.24,1.49,42.74,31.20
367.70,0,,99.28,41.53,1,0,97.92,-10.31,-14.10,59.89,30.59,,67.30,30.73,0,2,67.45,0.15,1.48,42.64,31.12
367.79,0,,99.15,41.28,1,0,98.53,-10.97,-14.67,58.66,30.50,,67.31,30.76,0,2,67.66,0.22,1.40,42.63,31.27
367.88,0,,99.09,41.09,1,0,98.19,-9.18,-14.38,60.74,32.00,,67.33,30.79,0,2,67.34,0.34,1.47,42.82,31.32
368.03,0,,99.03,40.86,1,0,99.82,-6.73,-13.06,64.51,33.13,,67.34,30.82,0,2,66.75,0.44,1.50,42.95,31.39
368.09,0,,98.98,40.61,1,0,98.72,-8.40,-13.22,62.68,31.62,,67.35,30.85,0,2,67.27,0.38,1.46,42.85,31.37
368.18,0,,98.93,40.33,1,0,100.00,-6.69,-12.47,65.14,32.58,,67.36,30.88,0,2,67.32,0.32,1.49,42.82,31.28
368.30,0,,98.90,40.04,1,0,99.73,-1.29,-8.95,74.06,34.46,,67.36,30.91,0,2,67.14,0.34,1.45,42.80,31.34
368.39,0,,98.87,39.74,1,0,100.00,-4.29,-10.26,69.75,32.77,,67.37,30.94,0,2,67.72,0.27,1.44,42.72,31.28
368.51,0,,98.85,39.44,1,0,100.00,-6.53,-12.18,65.59,32.45,,67.37,30.97,0,2,67.63,0.26,1.49,42.76,31.22
368.60,0,,98.84,39.13,1,0,100.00,-4.90,-11.08,68.32,32.98,,67.38,30.99,0,2,67.12,0.51,1.53,43.05,31.43
368.69,0,,98.84,38.81,1,0,100.00,-6.85,-12.13,65.32,32.08,,67.38,31.02,0,2,67.25,0.89,1.73,43.63,31.61
368.78,0,,98.85,38.49,1,0,100.00,-7.61,-12.79,63.90,31.98,,67.39,31.05,0,2,66.92,0.77,2.10,43.88,31.12
368.90,0,,98.86,38.16,1,0,99.54,-5.73,-11.99,66.58,33.06,,67.39,31.07,0,2,66.18,0.20,2.41,43.62,30.24
369.02,0,,98.87,37.84,1,0,98.92,-3.06,-10.54,70.70,34.28,,67.38,31.08,0,2,65.72,-0.23,2.62,43.40,29.60
369.08,0,,98.89,37.53,1,0,98.48,3.19,-6.58,80.91,36.57,,67.36,31.09,0,2,66.23,-0.52,2.63,43.12,29.30
369.20,0,,98.89,37.53,1,0,98.48,3.19,-6.58,80.91,36.57,,67.34,31.09,0,2,65.80,-0.44,2.30,42.87,29.71
369.29,0,,98.91,37.01,1,0,100.00,8.91,-2.70,90.51,38.41,,67.32,31.07,0,2,65.95,-0.41,2.25,42.85,29.79
369.38,0,,98.93,36.80,1,0,99.69,8.56,-2.99,89.87,38.35,,67.28,31.06,0,2,65.35,-0.84,2.56,42.73,29.05
369.56,0,,98.95,36.63,1,0,99.75,8.54,-3.83,89.01,39.17,,67.24,31.03,0,2,65.50,-1.02,2.75,42.74,28.68
369.59,0,,98.98,36.48,1,0,99.59,5.02,-5.22,84.10,37.04,,67.20,30.99,0,2,65.27,-1.21,3.00,42.80,28.24
369.68,0,,99.00,36.36,1,0,100.00,3.01,-6.68,80.63,36.49,,67.14,30.94,0,2,64.99,-1.59,3.15,42.57,27.71
369.80,0,,99.03,36.25,1,0,100.00,6.11,-5.50,84.91,38.41,,67.08,30.87,0,2,65.35,-1.72,3.05,42.34,27.68
369.89,0,,99.06,36.16,1,0,100.00,8.70,-2.85,90.15,38.35,,67.02,30.80,0,2,65.90,-1.52,2.88,42.37,28.05
370.01,0,,99.10,36.09,1,0,100.00,5.24,-4.86,84.68,36.90,,66.96,30.71,0,2,65.33,-1.24,2.67,42.44,28.54
370.10,0,,99.13,36.04,1,0,100.00,5.71,-5.85,84.16,38.36,,66.89,30.62,0,2,65.43,-1.44,2.79,42.36,28.22
370.19,0,,99.17,36.01,1,0,100.00,7.54,-4.43,87.41,38.77,,66.82,30.53,0,2,64.81,-1.81,3.18,42.38,27.46
370.28,0,,99.20,35.99,1,0,99.62,5.23,-5.30,84.23,37.33,,66.75,30.43,0,2,64.78,-1.89,3.41,42.53,27.15
370.40,0,,99.24,35.99,1,0,100.00,8.44,-3.66,89.08,38.90,,66.67,30.32,0,2,64.12,-2.02,3.58,42.57,26.85
370.52,0,,99.28,36.00,1,0,100.00,12.69,-1.51,95.48,41.00,,66.59,30.20,0,2,64.43,-2.24,3.74,42.51,26.47
370.58,0,,99.31,36.04,1,0,98.76,10.52,-2.99,91.83,40.31,,66.50,30.07,0,2,64.34,-2.42,3.72,42.31,26.31
370.70,0,,99.31,36.04,1,0,98.76,10.52,-2.99,91.83,40.31,,66.41,29.94,0,2,64.52,-2.43,3.68,42.26,26.34
370.79,0,,99.37,36.18,1,0,100.00,13.51,-0.57,97.24,40.88,,66.32,29.79,0,2,64.14,-2.26,3.87,42.62,26.32
370.91,0,,99.40,36.28,1,0,98.45,15.20,0.78,100.28,41.22,,66.23,29.64,0,2,64.86,-2.57,4.11,42.55,25.77
371.03,0,,99.43,36.39,1,0,100.00,19.83,4.47,108.60,42.16,,66.13,29.49,0,2,64.14,-3.23,4.14,41.92,25.08
371.09,0,,99.45,36.53,1,0,98.64,17.49,3.06,104.85,41.23,,66.04,29.32,0,2,63.83,-3.80,4.29,41.50,24.36
371.18,0,,99.47,36.68,1,0,98.90,15.71,1.29,101.30,41.22,,65.94,29.14,0,2,62.87,-4.81,4.56,40.76,23.08
371.30,0,,99.48,36.84,1,0,98.64,19.45,2.33,106.08,43.92,,65.83,28.95,0,2,62.21,-6.14,4.56,39.43,21.75
371.39,0,,99.48,37.03,1,0,99.76,20.18,2.71,107.19,44.27,,65.72,28.73,0,1,62.10,-7.03,4.66,38.64,20.76
371.51,0,,99.49,37.24,1,0,99.45,23.84,5.75,113.89,44.89,,65.59,28.49,0,1,61.82,-7.93,4.69,37.77,19.83
371.60,0,,99.49,37.46,1,0,96.54,24.52,8.20,117.02,43.12,,65.46,28.23,0,1,61.03,-9.55,4.45,35.91,18.45
371.69,0,,99.48,37.70,1,0,97.91,19.56,5.44,109.30,40.92,,65.31,27.93,0,1,60.57,-10.53,4.62,35.10,17.30
371.78,0,,99.46,37.93,1,0,97.01,19.04,4.12,107.46,41.72,,65.15,27.61,0,1,60.61,-10.10,5.01,35.92,17.34
371.90,0,,99.42,38.17,1,0,96.59,19.32,4.30,107.92,41.82,,64.99,27.26,0,1,60.34,-9.48,5.08,36.61,17.89
372.02,0,,99.38,38.39,1,0,97.25,19.75,4.91,108.96,41.64,,64.81,26.89,1,0,60.33,-9.13,5.14,37.02,18.18
372.08,0,,99.33,38.61,1,0,96.34,19.68,5.22,109.20,41.26,,64.62,26.51,1,0,60.29,-8.78,4.93,37.16,18.74
372.20,0,,99.33,38.61,1,0,96.34,19.68,5.22,109.20,41.26,,64.44,26.13,2,-1,60.86,-8.23,4.56,37.34,19.66
372.29,0,,99.19,39.03,1,0,96.59,18.21,4.22,106.73,40.79,,64.25,25.75,2,-1,61.63,-7.82,4.46,37.65,20.17
372.38,0,,99.12,39.22,1,0,96.13,17.64,3.59,105.53,40.85,,64.06,25.37,2,-1,62.05,-7.93,4.38,37.46,20.14
372.53,0,,99.03,39.40,1,0,95.71,16.00,2.63,102.93,40.17,,63.88,25.00,2,-1,62.36,-7.82,4.34,37.53,20.29
372.59,0,,98.94,39.57,1,0,96.16,18.57,4.19,107.06,41.18,,63.71,24.65,2,-1,62.37,-7.45,4.27,37.83,20.73
372.68,0,,98.84,39.72,1,0,97.14,19.09,4.30,107.69,41.59,,63.55,24.31,2,-1,61.82,-7.23,4.10,37.88,21.12
372.80,0,,98.73,39.88,1,0,96.44,16.59,2.54,103.43,40.85,,63.40,23.98,2,-1,61.17,-6.91,4.05,38.15,21.49
372.89,0,,98.63,40.02,1,0,95.38,17.52,2.38,104.20,41.94,,63.25,23.68,2,-1,61.87,-6.37,4.08,38.72,22.00
373.01,0,,98.52,40.16,1,0,97.23,18.11,1.94,104.35,42.97,,63.11,23.40,2,-1,62.17,-5.83,4.15,39.33,22.47
373.10,0,,98.41,40.30,1,0,96.31,17.78,1.06,103.14,43.52,,62.98,23.14,2,-1,61.91,-5.60,4.43,39.84,22.42
373.19,0,,98.30,40.44,1,0,97.51,17.59,0.20,102.09,44.19,,62.85,22.90,2,-1,61.66,-5.50,4.55,40.06,22.40
373.28,0,,98.20,40.59,1,0,96.23,16.43,-0.72,100.01,43.95,,62.73,22.69,2,-1,61.37,-5.48,4.39,39.92,22.58
373.40,0,,98.10,40.75,1,0,96.80,16.42,-0.78,99.94,44.00,,62.62,22.50,2,-1,61.63,-5.54,4.31,39.78,22.60
373.52,0,,98.00,40.90,1,0,96.23,16.30,-0.74,99.86,43.84,,62.51,22.33,4,-2,61.98,-5.48,4.16,39.69,22.81
373.58,0,,97.90,41.06,1,0,96.13,14.71,-1.48,97.53,42.99,,62.41,22.18,4,-2,61.33,-5.24,4.07,39.84,23.14
373.70,0,,97.90,41.06,1,0,96.13,14.71,-1.48,97.53,42.99,,62.32,22.05,4,-2,62.13,-4.76,4.25,40.50,23.44
373.79,0,,97.71,41.35,1,0,96.27,12.63,-2.85,94.08,42.28,,62.23,21.94,4,-2,62.31,-4.66,4.28,40.63,23.51
373.88,0,,97.71,41.35,1,0,96.27,12.63,-2.85,94.08,42.28,,62.15,21.85,4,-2,61.81,-4.85,4.14,40.30,23.46
374.03,0,,97.53,41.62,1,0,97.91,17.45,1.19,102.94,43.06,,62.08,21.79,4,-2,62.91,-4.85,4.08,40.24,23.52
374.09,0,,97.45,41.74,1,0,97.61,11.46,-1.42,94.34,39.68,,62.02,21.74,4,-2,62.28,-4.90,4.00,40.11,23.55
374.18,0,,97.45,41.74,1,0,97.61,11.46,-1.42,94.34,39.68,,61.97,21.70,4,-2,62.22,-4.81,3.88,40.08,23.76
374.30,0,,97.33,41.90,1,0,98.98,4.33,-6.41,82.22,37.54,,61.93,21.68,4,-2,62.55,-4.65,3.84,40.20,23.96
374.39,0,,97.29,41.93,1,0,99.88,5.46,-5.38,84.38,37.64,,61.89,21.68,4,-2,63.27,-4.67,3.79,40.13,23.99
374.51,0,,97.27,41.94,1,0,99.66,5.54,-4.88,84.96,37.22,,61.87,21.69,4,-2,62.68,-4.65,3.67,40.03,24.13
374.60,0,,97.27,41.91,1,0,100.00,3.59,-6.01,81.88,36.40,,61.85,21.71,4,-2,62.55,-4.79,3.58,39.80,24.08
374.69,0,,97.28,41.86,1,0,100.00,3.42,-6.82,80.90,37.04,,61.84,21.74,4,-2,61.99,-5.02,3.46,39.45,23.97
374.78,0,,97.28,41.86,1,0,100.00,3.42,-6.82,80.90,37.04,,61.83,21.79,4,-2,62.25,-5.09,3.35,39.27,24.01
374.90,0,,97.35,41.70,1,0,100.00,9.83,-3.40,90.73,40.03,,61.83,21.84,4,-2,62.36,-5.10,3.31,39.22,24.04
375.02,0,,97.40,41.62,1,0,100.00,9.55,-3.47,90.38,39.82,,61.82,21.90,4,-2,62.26,-4.95,3.24,39.30,24.26
375.08,0,,97.40,41.62,1,0,100.00,9.55,-3.47,90.38,39.82,,61.83,21.97,4,-2,62.41,-4.82,3.20,39.39,24.43
375.20,0,,97.46,41.53,1,0,98.99,8.85,-3.06,90.09,38.71,,61.83,22.04,4,-2,62.18,-4.90,3.13,39.24,24.42
375.29,0,,97.57,41.32,1,0,99.15,4.73,-4.88,84.15,36.41,,61.84,22.12,4,-2,62.63,-4.86,3.07,39.22,24.52
375.38,0,,97.57,41.32,1,0,99.15,4.73,-4.88,84.15,36.41,,61.85,22.21,4,-2,62.37,-4.81,3.06,39.26,24.58
375.53,0,,97.70,41.07,1,0,100.00,11.35,-2.29,93.36,40.44,,61.86,22.30,4,-2,62.24,-4.95,2.99,39.05,24.51
375.59,0,,97.77,40.95,1,0,99.32,11.39,-2.18,93.51,40.37,,61.87,22.39,4,-2,62.35,-5.05,2.91,38.87,24.49
375.68,0,,97.77,40.95,1,0,99.32,11.39,-2.18,93.51,40.37,,61.88,22.49,4,-2,62.32,-5.07,2.83,38.77,24.55
375.80,0,,97.88,40.74,1,0,97.49,8.29,-4.33,88.26,39.42,,61.90,22.59,4,-2,62.40,-4.92,2.76,38.85,24.77
375.89,0,,97.92,40.65,1,0,97.85,3.42,-7.71,80.01,37.93,,61.92,22.69,4,-2,62.62,-4.79,2.67,38.89,24.99
376.01,0,,97.96,40.54,1,0,96.80,-2.34,-11.17,70.79,35.63,,61.94,22.79,4,-2,63.03,-4.81,2.60,38.80,25.04
376.10,0,,97.98,40.42,1,0,98.25,-5.94,-13.22,65.14,34.08,,61.96,22.90,4,-2,62.70,-4.78,2.63,38.86,25.04
376.19,0,,98.01,40.28,1,0,100.00,-5.31,-13.21,65.78,34.70,,61.98,23.00,4,-2,63.01,-4.86,2.54,38.69,25.05
376.28,0,,98.01,40.28,1,0,100.00,-5.31,-13.21,65.78,34.70,,62.01,23.11,4,-2,62.68,-5.07,2.43,38.37,24.95
376.40,0,,98.08,39.94,1,0,100.00,-4.46,-13.89,65.95,36.23,,62.04,23.22,4,-2,63.12,-5.10,2.45,38.36,24.90
376.52,0,,98.12,39.77,1,0,97.09,3.73,-9.33,78.70,39.86,,62.07,23.32,4,-2,62.79,-4.90,2.45,38.56,25.10
376.58,0,,98.12,39.77,1,0,97.09,3.73,-9.33,78.70,39.86,,62.11,23.43,4,-2,63.83,-4.72,2.46,38.75,25.27
376.70,0,,98.16,39.61,1,0,95.29,7.73,-4.37,87.66,38.90,,62.15,23.53,4,-2,62.91,-4.76,2.37,38.62,25.32
376.79,0,,98.17,39.33,1,0,95.67,11.74,-3.93,92.11,42.47,,62.19,23.64,4,-2,63.21,-4.77,2.26,38.50,25.42
376.88,0,,98.17,39.33,1,0,95.67,11.74,-3.93,92.11,42.47,,62.23,23.74,4,-2,62.95,-4.82,2.24,38.43,25.39
377.03,0,,98.15,39.14,1,0,98.47,8.73,-2.68,90.35,38.21,,62.27,23.84,4,-2,63.10,-4.95,2.17,38.23,25.33
377.09,0,,98.14,39.07,1,0,96.90,9.54,-1.51,92.33,37.85,,62.31,23.94,4,-2,63.14,-5.00,2.11,38.12,25.34
377.18,0,,98.14,39.07,1,0,96.90,9.54,-1.51,92.33,37.85,,62.36,24.04,4,-2,63.17,-5.03,2.07,38.05,25.35
377.30,0,,98.10,38.93,1,0,98.34,13.96,-2.41,95.85,43.17,,62.40,24.14,4,-2,63.70,-4.86,2.03,38.18,25.56
377.39,0,,98.08,38.90,1,0,98.33,14.65,-0.92,98.03,42.37,,62.45,24.23,4,-2,63.25,-4.67,2.08,38.42,25.70
377.51,0,,98.06,38.88,1,0,97.39,1.95,-8.29,77.96,37.04,,62.49,24.32,4,-2,63.25,-4.70,2.08,38.39,25.67
377.63,0,,98.04,38.87,1,0,98.72,-4.33,-13.09,66.88,35.56,,62.54,24.41,4,-2,63.74,-4.69,2.01,38.33,25.75
377.69,0,,98.03,38.83,1,0,100.00,-2.52,-10.85,70.93,35.13,,62.58,24.50,4,-2,63.17,-4.74,2.00,38.27,25.71
377.78,0,,98.03,38.83,1,0,100.00,-2.52,-10.85,70.93,35.13,,62.63,24.59,4,-2,62.95,-4.91,1.98,38.08,25.56
377.90,0,,98.03,38.70,1,0,100.00,-2.94,-11.07,70.29,34.93,,62.67,24.67,4,-2,63.32,-5.00,1.93,37.94,25.52
378.02,0,,98.05,38.61,1,0,100.00,-7.46,-11.47,65.37,30.81,,62.71,24.75,4,-2,63.08,-4.94,1.91,37.98,25.60
378.08,0,,98.05,38.61,1,0,100.00,-7.46,-11.47,65.37,30.81,,62.76,24.82,4,-2,63.29,-4.72,1.91,38.20,25.82
378.20,0,,98.08,38.48,1,0,100.00,-16.36,-16.69,51.25,27.13,,62.79,24.90,4,-2,62.82,-4.62,1.93,38.32,25.90
378.29,0,,98.16,38.09,1,0,100.00,-20.19,-21.84,42.27,28.45,,62.83,24.97,4,-2,63.31,-4.64,1.93,38.30,25.88
378.41,0,,98.21,37.83,1,0,100.00,-22.13,-23.59,38.58,28.26,,62.86,25.04,4,-2,63.31,-4.62,1.92,38.31,25.91
378.53,0,,98.23,37.55,1,0,81.95,-22.94,-24.14,37.22,28.00,,62.90,25.11,4,-2,62.81,-4.69,1.86,38.18,25.90
378.59,0,,98.22,37.24,1,0,100.00,-23.10,-23.32,37.88,27.02,,62.93,25.17,4,-2,62.91,-4.79,1.81,38.03,25.85
378.68,0,,98.22,37.24,1,0,100.00,-23.10,-23.32,37.88,27.02,,62.95,25.23,4,-2,63.27,-4.83,1.80,37.98,25.82
378.80,0,,98.16,36.54,1,0,97.13,-23.48,-23.76,37.06,27.08,,62.98,25.29,4,-2,63.42,-4.87,1.77,37.91,25.81
378.89,0,,98.14,36.16,1,0,100.00,-23.93,-24.40,35.97,27.27,,63.00,25.35,4,-2,63.39,-4.77,1.80,38.04,25.88
379.01,0,,98.13,35.77,1,0,100.00,-23.96,-24.39,35.95,27.23,,63.03,25.40,4,-2,63.48,-4.50,1.89,38.40,26.06
379.10,0,,98.12,35.37,1,0,99.85,-22.99,-24.56,36.75,28.37,,63.05,25.45,4,-2,62.95,-4.32,2.06,38.75,26.07
379.19,0,,98.13,34.97,1,0,95.29,-22.51,-23.89,37.90,28.18,,63.07,25.50,4,-2,63.18,-4.19,2.21,39.03,26.05
379.28,0,,98.13,34.97,1,0,95.29,-22.51,-23.89,37.90,28.18,,63.09,25.55,4,-2,63.04,-4.08,2.24,39.17,26.13
379.40,0,,98.07,34.17,1,0,89.82,-12.92,-15.38,56.00,29.26,,63.11,25.59,4,-2,63.27,-4.16,2.23,39.08,26.06
379.52,0,,97.98,33.79,1,0,89.51,1.32,-3.72,81.90,31.84,,63.13,25.64,4,-2,63.41,-4.29,2.18,38.90,25.98
379.58,0,,97.98,33.79,1,0,89.51,1.32,-3.72,81.90,31.84,,63.14,25.68,4,-2,62.91,-4.45,2.18,38.74,25.82
379.70,0,,97.85,33.43,1,0,92.11,2.68,-2.10,84.88,31.58,,63.16,25.71,4,-2,62.99,-4.54,2.21,38.68,25.70
379.79,0,,97.53,32.83,2,-1,90.23,25.30,13.71,123.31,38.39,,63.17,25.75,4,-2,63.38,-4.36,2.14,38.79,25.95
379.88,0,,97.53,32.83,2,-1,90.23,25.30,13.71,123.31,38.39,,63.18,25.78,4,-2,63.05,-4.30,2.15,38.86,26.00
380.03,0,,97.11,32.42,2,-1,90.08,17.30,8.26,109.86,35.84,,63.19,25.81,4,-2,63.47,-4.42,2.18,38.77,25.85
380.09,0,,96.86,32.28,2,-1,88.58,16.88,8.44,109.62,35.24,,63.20,25.83,4,-2,62.90,-4.42,2.19,38.78,25.84
380.18,0,,96.86,32.28,2,-1,88.58,16.88,8.44,109.62,35.24,,63.21,25.86,2,-1,63.19,-4.47,2.28,38.82,25.70
380.30,0,,96.31,32.09,2,-1,88.15,18.73,9.67,112.70,35.86,,63.21,25.88,2,-1,63.31,-4.59,2.27,38.69,25.59
380.39,0,,96.01,32.03,2,-1,90.79,20.75,10.83,115.88,36.72,,63.22,25.89,2,-1,63.18,-4.67,2.22,38.56,25.56
380.51,0,,95.70,32.01,2,-1,87.39,22.08,12.28,118.66,36.60,,63.22,25.91,2,-1,62.87,-4.77,2.25,38.49,25.43
380.60,0,,95.39,32.02,2,-1,92.60,20.95,11.60,116.85,36.15,,63.23,25.91,2,-1,62.67,-4.86,2.24,38.39,25.35
380.69,0,,95.08,32.05,2,-1,89.99,15.19,7.14,106.63,34.85,,63.23,25.92,2,-1,63.11,-4.78,2.25,38.48,25.42
380.78,0,,95.08,32.05,2,-1,89.99,15.19,7.14,106.63,34.85,,63.22,25.92,2,-1,63.22,-4.61,2.33,38.73,25.51
380.90,0,,94.50,32.13,2,-1,93.00,-4.72,-9.25,70.33,31.33,,63.22,25.92,2,-1,63.24,-4.60,2.35,38.76,25.50
381.02,0,,94.23,32.16,2,-1,93.91,-10.51,-13.74,60.05,30.03,,63.22,25.91,2,-1,63.17,-4.60,2.35,38.76,25.50
381.08,0,,94.23,32.16,2,-1,93.91,-10.51,-13.74,60.05,30.03,,63.22,25.91,2,-1,63.12,-4.60,2.43,38.84,25.42
381.20,0,,94.00,32.18,2,-1,98.97,-15.63,-17.30,51.37,28.47,,63.22,25.90,2,-1,62.89,-4.69,2.46,38.78,25.30
381.29,0,,93.68,32.15,2,-1,100.00,-19.69,-21.19,43.42,28.30,,63.21,25.89,2,-1,62.74,-4.74,2.45,38.72,25.26
381.38,0,,93.68,32.15,2,-1,100.00,-19.69,-21.19,43.42,28.30,,63.21,25.88,1,0,63.27,-4.85,2.45,38.61,25.15
381.53,0,,93.56,32.03,2,-1,99.70,-20.50,-21.16,42.64,27.46,,63.20,25.86,1,0,63.03,-4.96,2.42,38.47,25.07
381.59,0,,93.57,31.95,2,-1,99.74,-20.22,-20.93,43.15,27.51,,63.20,25.84,1,0,62.56,-5.00,2.45,38.46,25.00
381.68,0,,93.57,31.95,2,-1,99.74,-20.22,-20.93,43.15,27.51,,63.19,25.82,1,0,62.77,-4.86,2.52,38.67,25.07
381.80,0,,93.68,31.73,4,-2,100.00,-19.69,-20.86,43.75,27.97,,63.18,25.79,1,0,63.18,-4.68,2.51,38.84,25.26
381.89,0,,93.78,31.60,4,-2,99.89,-19.43,-20.77,44.10,28.14,,63.17,25.77,1,0,62.80,-4.73,2.53,38.81,25.19
382.01,0,,93.91,31.47,4,-2,99.97,-19.15,-20.73,44.42,28.38,,63.16,25.74,1,0,62.62,-4.78,2.58,38.81,25.09
382.10,0,,94.06,31.33,4,-2,100.00,-19.29,-21.00,44.01,28.51,,63.15,25.72,1,0,63.27,-4.81,2.58,38.78,25.06
382.19,0,,94.22,31.19,4,-2,100.00,-19.81,-21.59,42.90,28.58,,63.14,25.69,1,0,62.80,-4.92,2.59,38.68,24.94
382.28,0,,94.22,31.19,4,-2,100.00,-19.81,-21.59,42.90,28.58,,63.13,25.66,1,0,62.71,-5.00,2.60,38.61,24.85
382.40,0,,94.60,30.91,4,-2,100.00,-19.99,-21.86,42.45,28.67,,63.11,25.63,1,0,62.60,-5.09,2.63,38.55,24.73
382.52,0,,94.81,30.77,4,-2,100.00,-19.50,-21.79,43.01,29.09,,63.10,25.60,1,0,62.88,-5.17,2.69,38.53,24.59
382.58,0,,94.81,30.77,4,-2,100.00,-19.50,-21.79,43.01,29.09,,63.09,25.56,1,0,63.03,-5.12,2.70,38.59,24.63
382.70,0,,95.03,30.64,4,-2,100.00,-19.09,-21.60,43.61,29.31,,63.07,25.52,1,0,62.42,-4.95,2.73,38.79,24.77
382.79,0,,95.46,30.39,4,-2,97.14,-17.00,-20.43,46.87,30.23,,63.06,25.49,1,0,63.02,-5.00,2.74,38.75,24.71
382.88,0,,95.46,30.39,4,-2,97.14,-17.00,-20.43,46.87,30.23,,63.04,25.45,0,1,63.16,-5.20,2.77,38.58,24.48
383.03,0,,95.85,30.19,4,-2,94.87,-15.57,-19.72,49.01,30.95,,63.03,25.41,0,1,62.53,-5.48,2.64,38.17,24.33
383.09,0,,96.01,30.11,4,-2,95.05,-15.14,-19.33,49.83,30.99,,63.02,25.36,0,1,62.71,-5.88,2.25,37.38,24.32
383.18,0,,96.01,30.11,4,-2,95.05,-15.14,-19.33,49.83,30.99,,63.00,25.32,0,1,62.78,-6.06,2.10,37.05,24.29
383.30,0,,96.26,29.99,4,-2,94.65,-14.58,-18.92,50.80,31.14,,62.99,25.28,0,1,62.72,-6.09,2.06,36.98,24.30
383.39,0,,96.36,29.95,4,-2,94.52,-14.51,-18.69,51.10,30.98,,62.98,25.23,0,1,62.52,-6.12,1.96,36.85,24.37
383.51,0,,96.43,29.92,4,-2,94.85,-14.50,-18.49,51.31,30.79,,62.96,25.18,0,1,62.18,-6.08,2.01,36.94,24.36
383.60,0,,96.48,29.90,4,-2,93.58,-14.19,-18.30,51.81,30.91,,62.94,25.14,0,1,62.62,-5.95,1.95,37.01,24.55
383.69,0,,96.52,29.88,4,-2,94.27,-13.76,-18.12,52.42,31.16,,62.93,25.09,0,1,62.59,-5.77,1.91,37.15,24.77
383.78,0,,96.52,29.88,4,-2,94.27,-13.76,-18.12,52.42,31.16,,62.91,25.05,0,1,62.65,-5.81,2.01,37.21,24.63
383.90,0,,96.54,29.88,2,-1,93.72,-12.48,-17.48,54.34,31.80,,62.89,25.01,0,1,62.12,-6.08,2.19,37.12,24.18
384.02,0,,96.53,29.90,2,-1,94.36,-10.95,-16.35,57.00,32.20,,62.87,24.97,0,1,61.58,-6.64,2.61,36.98,23.20
384.08,0,,96.53,29.90,2,-1,94.36,-10.95,-16.35,57.00,32.20,,62.84,24.92,0,1,61.80,-7.26,2.90,36.65,22.29
384.20,0,,96.50,29.93,2,-1,95.95,-10.47,-15.96,57.87,32.29,,62.81,24.86,0,1,61.56,-7.47,2.81,36.35,22.17
384.29,0,,96.46,30.01,2,-1,95.51,-9.57,-15.80,58.93,33.03,,62.78,24.80,0,1,62.11,-7.27,2.55,36.29,22.63
384.38,0,,96.46,30.01,2,-1,95.51,-9.57,-15.80,58.93,33.03,,62.75,24.73,0,1,62.90,-6.28,2.26,36.99,23.91
384.53,0,,96.42,30.15,2,-1,98.59,-9.03,-15.24,60.03,33.01,,62.72,24.66,0,1,65.90,-4.09,1.12,38.04,27.24
384.59,0,,96.42,30.23,2,-1,100.00,-6.64,-14.10,63.56,34.26,,62.72,24.62,0,1,66.39,-2.47,-0.62,37.92,30.60
384.68,0,,96.42,30.23,2,-1,100.00,-6.64,-14.10,63.56,34.26,,62.73,24.61,0,1,65.73,-3.44,-0.75,36.82,29.76
384.80,0,,96.48,30.43,2,-1,100.00,-7.73,-14.88,61.69,33.95,,62.76,24.63,0,1,66.21,-4.21,-0.25,36.55,28.49
384.89,0,,96.53,30.55,2,-1,100.00,-7.45,-15.09,61.76,34.44,,62.81,24.67,0,1,66.37,-3.13,-0.71,37.17,30.03
385.04,0,,96.60,30.68,2,-1,100.00,-7.06,-14.54,62.70,34.28,,62.87,24.74,0,1,66.96,-2.77,-0.70,37.54,30.38
385.10,0,,96.68,30.81,2,-1,100.00,-7.86,-15.08,61.36,34.02,,62.95,24.84,0,1,66.62,-2.98,-0.47,37.56,29.94
385.19,0,,96.77,30.95,2,-1,98.88,-8.46,-15.39,60.45,33.73,,63.05,24.95,0,1,67.47,-2.89,-0.50,37.62,30.06
385.31,0,,96.86,31.09,2,-1,92.35,-7.79,-13.81,62.70,32.82,,63.15,25.08,0,1,66.78,-2.78,-0.04,38.19,29.71
385.40,0,,96.92,31.23,2,-1,95.19,-4.19,-9.58,70.53,32.19,,63.27,25.23,0,1,66.92,-2.33,0.32,39.00,29.80
385.55,0,,96.97,31.36,2,-1,94.95,1.63,-4.09,81.84,32.52,,63.40,25.39,0,1,66.46,-1.86,0.31,39.46,30.28
385.58,0,,96.97,31.36,2,-1,94.95,1.63,-4.09,81.84,32.52,,63.53,25.56,0,1,67.12,-1.76,0.30,39.55,30.39
385.76,0,,97.00,31.61,2,-1,97.26,1.66,-6.19,79.77,34.65,,63.67,25.74,0,1,67.15,-2.12,0.25,39.14,30.08
385.79,0,,97.01,31.74,2,-1,95.52,-2.93,-9.34,72.03,33.21,,63.82,25.92,0,1,66.78,-2.75,0.11,38.37,29.59
385.94,0,,97.01,31.86,2,-1,95.66,-4.06,-10.32,69.92,33.06,,63.96,26.11,0,1,66.54,-2.94,0.15,38.22,29.36
386.03,0,,97.00,31.98,2,-1,96.36,-2.52,-8.73,73.05,33.01,,64.11,26.30,0,1,66.60,-2.60,0.29,38.70,29.56
386.12,0,,96.98,32.09,2,-1,93.13,-0.29,-6.49,77.52,33.00,,64.26,26.48,0,1,66.47,-2.59,0.34,38.76,29.52
386.21,0,,96.98,32.09,2,-1,93.13,-0.29,-6.49,77.52,33.00,,64.40,26.67,0,1,66.93,-2.66,0.45,38.80,29.34
386.33,0,,96.92,32.32,2,-1,96.33,1.56,-8.00,77.86,36.36,,64.54,26.85,0,1,66.40,-2.67,0.44,38.78,29.34
386.42,0,,96.89,32.44,2,-1,95.78,4.16,-5.70,82.76,36.66,,64.68,27.02,0,1,66.70,-3.06,0.41,38.36,28.98
386.63,0,,96.82,32.74,2,-1,100.00,21.58,4.48,110.36,43.90,,64.82,27.19,0,1,66.71,-2.95,0.52,38.58,28.98
386.63,0,,96.82,32.74,2,-1,100.00,21.58,4.48,110.36,43.90,,64.95,27.35,0,1,66.39,-2.73,0.64,38.92,29.08
386.72,0,,96.79,32.95,2,-1,100.00,20.32,4.60,109.22,42.52,,65.08,27.51,0,1,66.24,-2.99,0.75,38.77,28.71
386.78,0,,96.79,32.95,2,-1,100.00,20.32,4.60,109.22,42.52,,65.20,27.65,0,1,66.24,-2.83,0.88,39.06,28.74
387.08,0,,96.84,33.66,2,-1,97.99,5.32,-2.87,86.75,34.99,,65.31,27.79,0,1,64.46,-3.04,1.47,39.44,27.94
387.08,0,,96.84,33.66,2,-1,97.99,5.32,-2.87,86.75,34.99,,65.41,27.91,0,1,63.89,-4.68,2.59,38.92,25.18
387.08,0,,96.84,33.66,2,-1,97.99,5.32,-2.87,86.75,34.99,,65.41,27.91,0,1,63.89,-4.68,2.59,38.92,25.18
387.47,0,,97.04,34.50,2,-1,97.00,9.03,-3.03,90.30,38.86,,65.55,28.06,0,1,64.43,-4.97,3.57,39.61,23.91
387.47,0,,97.04,34.50,2,-1,97.00,9.03,-3.03,90.30,38.86,,65.55,28.06,0,1,64.43,-4.97,3.57,39.61,23.91
387.47,0,,97.04,34.50,2,-1,97.00,9.03,-3.03,90.30,38.86,,65.62,28.09,0,1,64.06,-5.57,3.00,38.44,23.88
387.59,0,,97.14,34.91,2,-1,98.45,4.00,-8.55,79.75,39.35,,65.65,28.07,0,1,65.42,-5.03,2.23,38.21,25.19
387.59,0,,97.14,34.91,2,-1,98.45,4.00,-8.55,79.75,39.35,,65.65,28.07,0,1,65.42,-5.03,2.23,38.21,25.19
387.86,0,,97.25,35.34,2,-1,97.94,7.17,-6.05,85.42,40.02,,65.67,27.99,0,1,64.84,-4.35,2.11,38.77,25.99
387.86,0,,97.25,35.34,2,-1,97.94,7.17,-6.05,85.42,40.02,,65.67,27.93,0,1,64.41,-4.66,2.61,38.96,25.18
387.92,0,,97.30,35.57,2,-1,99.82,9.15,-5.36,88.09,41.31,,65.66,27.87,0,1,63.74,-4.99,2.78,38.80,24.68
388.31,0,,97.55,36.66,2,-1,98.48,8.08,-5.79,86.59,40.67,,65.65,27.79,0,1,64.13,-5.15,2.95,38.81,24.35
388.77,0,,97.73,37.75,2,-1,97.27,4.18,-9.86,78.62,40.84,,65.63,27.71,0,1,64.57,-4.86,2.92,39.07,24.67
388.77,0,,97.73,37.75,2,-1,97.27,4.18,-9.86,78.62,40.84,,65.60,27.61,0,1,64.14,-4.70,2.90,39.21,24.85
388.77,0,,97.73,37.75,2,-1,97.27,4.18,-9.86,78.62,40.84,,65.57,27.51,0,1,64.01,-4.94,3.34,39.41,24.17
388.77,0,,97.73,37.75,2,-1,97.27,4.18,-9.86,78.62,40.84,,65.57,27.51,0,1,64.01,-4.94,3.34,39.41,24.17
388.77,0,,97.73,37.75,2,-1,97.27,4.18,-9.86,78.62,40.84,,65.48,27.28,0,1,63.57,-5.05,3.78,39.74,23.62
388.82,0,,97.76,37.99,2,-1,98.69,4.44,-8.38,80.36,39.62,,65.44,27.15,0,1,65.36,-4.22,3.47,40.26,24.76
388.82,0,,97.76,37.99,2,-1,98.69,4.44,-8.38,80.36,39.62,,65.44,27.15,0,1,65.36,-4.22,3.47,40.26,24.76
388.82,0,,97.76,37.99,2,-1,98.69,4.44,-8.38,80.36,39.62,,65.36,26.91,0,1,66.54,-1.42,1.64,41.23,29.39
389.00,0,,97.81,38.42,2,-1,97.63,13.29,-3.06,94.53,43.15,,65.34,26.83,0,1,66.41,-1.96,1.75,40.80,28.74
389.00,0,,97.81,38.42,2,-1,97.63,13.29,-3.06,94.53,43.15,,65.33,26.76,0,1,66.48,-1.75,1.87,41.13,28.83
389.27,0,,97.87,38.84,0,1,98.59,0.42,-11.42,73.30,38.64,,65.32,26.71,0,1,66.87,-1.27,1.75,41.49,29.43
389.27,0,,97.87,38.84,0,1,98.59,0.42,-11.42,73.30,38.64,,65.32,26.68,0,1,67.05,-1.56,1.98,41.43,28.91
389.33,0,,97.90,39.03,0,1,96.77,-5.80,-15.02,63.48,36.02,,65.34,26.67,0,1,66.56,-1.52,2.13,41.62,28.80
389.39,0,,97.92,39.18,0,1,89.64,-8.06,-14.53,61.71,33.27,,65.36,26.67,0,1,65.85,-1.74,2.54,41.81,28.17
389.60,0,,97.89,39.34,0,1,100.00,-13.03,-19.31,51.96,33.08,,65.37,26.68,0,1,63.77,-3.07,3.49,41.43,25.89
389.60,0,,97.89,39.34,0,1,100.00,-13.03,-19.31,51.96,33.08,,65.38,26.68,0,1,63.89,-4.24,4.25,41.02,23.96
389.72,0,,97.89,39.34,0,2,100.00,-12.37,-18.54,53.39,32.97,,65.38,26.68,0,1,65.36,-3.32,4.06,41.75,25.07
389.84,0,,97.91,39.30,0,2,100.00,-14.81,-17.96,51.53,29.95,,65.38,26.66,0,1,66.01,-1.40,3.23,42.84,27.82
389.90,0,,97.93,39.22,0,2,100.00,-16.90,-19.52,47.88,29.42,,65.39,26.65,0,1,64.67,-1.34,2.96,42.63,28.15
390.62,0,,98.31,37.49,0,2,100.00,-19.28,-20.41,44.61,27.93,,65.38,26.65,0,1,64.97,-2.95,3.24,41.30,26.26
390.68,0,,98.31,37.49,0,2,100.00,-19.28,-20.41,44.61,27.93,,65.38,26.64,0,1,64.80,-4.14,3.51,40.38,24.80
390.80,0,,98.45,36.76,0,2,100.00,-19.51,-20.24,44.55,27.53,,65.37,26.63,0,1,65.19,-3.80,3.64,40.85,25.01
390.80,0,,98.45,36.76,0,2,100.00,-19.51,-20.24,44.55,27.53,,65.37,26.63,0,1,65.19,-3.80,3.64,40.85,25.01
390.81,0,,98.45,36.76,0,2,100.00,-19.51,-20.24,44.55,27.53,,65.36,26.59,0,1,64.72,-2.51,3.81,42.31,26.13
390.81,0,,98.45,36.76,0,2,100.00,-19.51,-20.24,44.55,27.53,,65.36,26.59,0,1,64.72,-2.51,3.81,42.31,26.13
390.81,0,,98.45,36.76,0,2,100.00,-19.51,-20.24,44.55,27.53,,65.33,26.53,0,1,64.32,-3.20,4.57,42.38,24.68
390.81,0,,98.45,36.76,0,2,100.00,-19.51,-20.24,44.55,27.53,,65.33,26.53,0,1,64.32,-3.20,4.57,42.38,24.68
390.81,0,,98.45,36.76,0,2,100.00,-19.51,-20.24,44.55,27.53,,65.33,26.53,0,1,64.32,-3.20,4.57,42.38,24.68
391.10,0,,98.67,35.56,0,2,100.00,-20.75,-21.39,42.16,27.44,,65.26,26.41,0,1,64.73,-3.03,4.52,42.50,24.90
391.13,0,,98.67,35.56,0,2,100.00,-20.75,-21.39,42.16,27.44,,65.24,26.36,0,1,65.59,-2.36,4.03,42.68,26.06
391.13,0,,98.67,35.56,0,2,100.00,-20.75,-21.39,42.16,27.44,,65.24,26.36,0,1,65.59,-2.36,4.03,42.68,26.06
391.25,0,,98.75,35.15,0,2,100.00,-20.10,-21.51,42.69,28.21,,65.21,26.27,0,1,66.29,-0.83,3.23,43.41,28.39
391.31,0,,98.82,34.74,0,2,100.00,-19.25,-21.19,43.86,28.74,,65.20,26.26,0,1,66.88,-0.32,2.87,43.56,29.26
391.46,0,,98.90,34.34,0,2,100.00,-19.49,-21.05,43.76,28.36,,65.21,26.26,0,1,67.05,0.42,2.42,43.85,30.45
392.03,0,,99.30,32.12,0,2,100.00,-19.55,-20.76,43.99,28.01,,65.22,26.28,0,1,66.95,0.42,2.36,43.79,30.51
392.03,0,,99.30,32.12,0,2,100.00,-19.55,-20.76,43.99,28.01,,65.24,26.33,0,1,66.75,0.15,2.72,43.88,29.88
392.39,0,,99.52,30.88,0,2,100.00,-19.98,-20.76,43.56,27.58,,65.27,26.39,2,-1,66.18,-0.25,2.97,43.73,29.23
392.39,0,,99.52,30.88,0,2,100.00,-19.98,-20.76,43.56,27.58,,65.30,26.46,2,-1,66.04,-0.70,3.08,43.39,28.67
392.39,0,,99.52,30.88,0,2,100.00,-19.98,-20.76,43.56,27.58,,65.30,26.46,2,-1,66.04,-0.70,3.08,43.39,28.67
392.39,0,,99.52,30.88,0,2,100.00,-19.98,-20.76,43.56,27.58,,65.37,26.62,0,1,66.99,0.70,2.68,44.39,30.47
392.39,0,,99.52,30.88,0,2,100.00,-19.98,-20.76,43.56,27.58,,65.37,26.62,0,1,66.99,0.70,2.68,44.39,30.47
392.39,0,,99.52,30.88,0,2,100.00,-19.98,-20.76,43.56,27.58,,65.37,26.62,0,1,66.99,0.70,2.68,44.39,30.47
392.39,0,,99.52,30.88,0,2,100.00,-19.98,-20.76,43.56,27.58,,65.52,26.96,0,1,67.68,1.07,2.33,44.41,31.19
392.40,0,,99.52,30.88,0,2,100.00,-19.98,-20.76,43.56,27.58,,65.58,27.10,0,1,67.78,1.05,2.36,44.42,31.14
392.84,0,,99.70,29.83,0,2,100.00,-19.54,-20.33,44.43,27.59,,65.65,27.25,0,1,67.65,1.38,2.42,44.81,31.41
392.84,0,,99.70,29.83,0,2,100.00,-19.54,-20.33,44.43,27.59,,65.65,27.25,0,1,67.65,1.38,2.42,44.81,31.41
392.84,0,,99.70,29.83,0,2,100.00,-19.54,-20.33,44.43,27.59,,65.65,27.25,0,1,67.65,1.38,2.42,44.81,31.41
392.84,0,,99.70,29.83,0,2,100.00,-19.54,-20.33,44.43,27.59,,65.88,27.74,0,1,67.93,1.86,2.28,45.15,32.03
392.99,0,,99.78,29.38,0,2,100.00,-17.47,-18.24,48.59,27.57,,65.97,27.92,0,1,68.15,1.90,2.24,45.15,32.11
392.99,0,,99.78,29.38,0,2,100.00,-17.47,-18.24,48.59,27.57,,66.06,28.11,0,1,67.85,1.79,2.21,45.01,32.03
393.08,0,,99.78,29.38,0,2,100.00,-17.47,-18.24,48.59,27.57,,66.15,28.30,0,1,67.71,1.60,2.27,44.88,31.78
393.23,0,,99.84,28.98,0,2,100.00,-20.64,-20.01,43.65,26.17,,66.24,28.49,0,1,67.70,1.56,2.34,44.91,31.67
393.44,0,,99.90,28.61,0,2,100.00,-21.98,-20.76,41.56,25.58,,66.33,28.68,0,1,68.03,1.74,2.26,45.01,31.93
393.44,0,,99.90,28.61,0,2,100.00,-21.98,-20.76,41.56,25.58,,66.33,28.68,0,1,68.03,1.74,2.26,45.01,31.93
393.71,0,,99.94,28.24,0,2,99.82,-19.81,-19.04,45.45,26.03,,66.51,29.05,0,1,68.05,1.70,1.92,44.63,32.23
393.77,0,,99.95,28.06,0,2,92.85,-21.07,-19.64,43.59,25.37,,66.59,29.23,0,1,67.99,1.89,1.74,44.64,32.60
394.37,0,,99.56,27.14,0,2,95.88,-20.93,-20.81,42.56,26.68,,66.68,29.42,0,1,68.13,1.96,1.75,44.72,32.66
394.37,0,,99.56,27.14,0,2,95.88,-20.93,-20.81,42.56,26.68,,66.77,29.60,0,1,68.01,2.06,1.71,44.78,32.80
394.37,0,,99.56,27.14,0,2,95.88,-20.93,-20.81,42.56,26.68,,66.85,29.79,0,1,68.35,2.28,1.61,44.90,33.12
394.38,0,,99.56,27.14,0,2,95.88,-20.93,-20.81,42.56,26.68,,66.93,29.97,0,1,68.33,2.43,1.57,45.01,33.31
394.38,0,,99.56,27.14,0,2,95.88,-20.93,-20.81,42.56,26.68,,66.93,29.97,0,1,68.33,2.43,1.57,45.01,33.31
394.38,0,,99.56,27.14,0,2,95.88,-20.93,-20.81,42.56,26.68,,66.93,29.97,0,1,68.33,2.43,1.57,45.01,33.31
394.38,0,,99.56,27.14,0,2,95.88,-20.93,-20.81,42.56,26.68,,67.18,30.52,0,1,68.25,2.43,1.25,44.69,33.63
394.40,0,,99.46,27.03,0,2,96.72,-19.30,-19.91,45.09,27.41,,67.26,30.71,0,1,68.33,2.23,1.16,44.40,33.52
394.58,0,,99.35,26.92,0,2,97.62,-18.39,-19.11,46.80,27.52,,67.34,30.89,0,1,68.17,2.46,1.17,44.64,33.74
394.58,0,,99.35,26.92,0,2,97.62,-18.39,-19.11,46.80,27.52,,67.34,30.89,0,1,68.17,2.46,1.17,44.64,33.74
394.70,0,,99.23,26.84,0,2,97.00,-18.26,-18.88,47.16,27.42,,67.48,31.24,0,1,68.28,2.76,1.23,45.00,33.98
394.82,0,,98.99,26.69,0,2,95.16,-18.96,-19.11,46.23,26.95,,67.56,31.41,0,1,68.42,2.65,1.15,44.81,33.95
394.95,0,,98.86,26.64,0,2,95.22,-18.30,-18.83,47.17,27.33,,67.62,31.58,0,1,68.05,2.47,1.14,44.62,33.78
395.09,0,,98.57,26.55,0,2,94.50,-17.64,-18.05,48.61,27.21,,67.69,31.74,0,1,67.78,2.16,1.16,44.33,33.45
395.09,0,,98.57,26.55,0,2,94.50,-17.64,-18.05,48.61,27.21,,67.69,31.74,0,1,67.78,2.16,1.16,44.33,33.45
395.18,0,,98.57,26.55,0,2,94.50,-17.64,-18.05,48.61,27.21,,67.80,32.05,0,1,68.25,2.69,1.14,44.84,34.00
395.33,0,,98.25,26.50,0,1,95.04,-18.07,-18.30,47.93,27.03,,67.85,32.20,0,1,67.75,2.90,1.42,45.33,33.93
395.39,0,,98.08,26.48,0,1,94.16,-18.28,-18.62,47.40,27.14,,67.89,32.34,0,1,67.46,2.57,1.88,45.46,33.14
395.51,0,,97.90,26.47,0,1,93.81,-18.22,-18.43,47.65,27.01,,67.93,32.47,0,1,68.09,2.76,1.90,45.67,33.31
395.60,0,,97.72,26.46,0,1,92.58,-18.18,-18.21,47.91,26.83,,67.96,32.59,0,1,68.92,3.45,1.42,45.88,34.48
395.84,0,,97.33,26.45,0,1,93.15,-17.89,-18.09,48.32,27.00,,68.00,32.71,0,1,68.28,3.42,1.13,45.56,34.74
395.84,0,,97.33,26.45,0,1,93.15,-17.89,-18.09,48.32,27.00,,68.00,32.71,0,1,68.28,3.42,1.13,45.56,34.74
396.02,0,,96.91,26.46,0,1,92.16,-17.55,-17.40,49.35,26.65,,68.06,32.94,0,1,68.05,2.94,1.22,45.17,34.17
396.02,0,,96.91,26.46,0,1,92.16,-17.55,-17.40,49.35,26.65,,68.06,32.94,0,1,68.05,2.94,1.22,45.17,34.17
396.08,0,,96.91,26.46,0,1,92.16,-17.55,-17.40,49.35,26.65,,68.12,33.16,0,1,68.07,2.77,1.01,44.79,34.21
396.29,0,,96.24,26.47,0,1,92.08,-16.86,-16.60,50.84,26.54,,68.14,33.26,0,1,68.19,2.82,1.03,44.86,34.24
396.29,0,,96.24,26.47,0,1,92.08,-16.86,-16.60,50.84,26.54,,68.14,33.26,0,1,68.19,2.82,1.03,44.86,34.24
396.38,0,,96.24,26.47,0,1,92.08,-16.86,-16.60,50.84,26.54,,68.17,33.44,0,1,67.77,2.49,1.06,44.56,33.88
396.53,0,,95.78,26.48,1,0,90.38,-16.53,-16.56,51.21,26.83,,68.19,33.53,0,1,67.93,2.71,1.07,44.79,34.09
396.59,0,,95.53,26.49,1,0,91.21,-16.22,-16.46,51.62,27.04,,68.20,33.60,0,1,68.42,3.20,0.97,45.18,34.68
396.80,0,,95.05,26.50,1,0,90.76,-16.63,-15.90,51.77,26.07,,68.21,33.68,0,1,67.79,3.29,1.21,45.51,34.53
396.80,0,,95.05,26.50,1,0,90.76,-16.63,-15.90,51.77,26.07,,68.21,33.68,0,1,67.79,3.29,1.21,45.51,34.53
396.89,0,,94.80,26.51,1,0,88.34,-13.12,-13.41,57.77,27.09,,68.22,33.82,0,1,68.35,2.98,1.06,45.05,34.37
397.01,0,,94.54,26.52,1,0,90.21,-3.89,-5.35,75.06,28.26,,68.22,33.88,0,1,67.79,3.14,0.87,45.02,34.72
397.46,0,,93.73,26.50,1,0,98.91,-39.94,-34.23,10.13,21.09,,68.22,33.94,0,1,68.38,2.89,0.83,44.73,34.51
397.46,0,,93.73,26.50,1,0,98.91,-39.94,-34.23,10.13,21.09,,68.22,33.94,0,1,68.38,2.89,0.83,44.73,34.51
397.52,0,,93.63,26.44,1,0,98.91,-41.14,-39.90,3.26,25.56,,68.22,34.06,0,1,68.40,3.11,0.88,45.00,34.68
397.52,0,,93.63,26.44,1,0,98.91,-41.14,-39.90,3.26,25.56,,68.22,34.11,0,1,68.22,3.00,0.80,44.81,34.65
397.52,0,,93.63,26.44,1,0,98.91,-41.14,-39.90,3.26,25.56,,68.22,34.11,0,1,68.22,3.00,0.80,44.81,34.65
397.61,0,,93.58,26.38,1,0,98.91,-42.14,-48.79,-6.63,33.45,,68.23,34.21,0,1,67.56,2.78,0.78,44.57,34.45
397.70,0,,93.58,26.38,1,0,98.91,-42.14,-48.79,-6.63,33.45,,68.22,34.25,0,1,67.56,2.25,0.84,44.10,33.86
397.79,0,,93.58,26.59,1,0,98.91,-45.22,-84.60,-45.52,66.18,,68.22,34.28,0,1,67.43,1.05,0.64,42.70,32.86
397.88,0,,93.58,26.59,1,0,98.91,-45.22,-84.60,-45.52,66.18,,68.21,34.31,0,1,67.49,0.61,0.53,42.15,32.53
398.03,0,,93.57,27.17,1,0,80.00,-106.18,-60.99,-82.87,-18.39,,68.20,34.32,0,1,67.44,0.59,0.50,42.10,32.54
398.12,0,,93.48,27.20,1,0,88.89,-103.96,-63.55,-83.21,-13.61,,68.18,34.32,0,1,67.10,0.63,0.57,42.21,32.51
398.18,0,,93.48,27.20,1,0,88.89,-103.96,-63.55,-83.21,-13.61,,68.16,34.31,0,1,67.01,1.23,0.79,43.03,32.89
398.30,0,,93.27,26.58,4,-2,100.00,-106.70,-63.73,-86.13,-16.17,,68.13,34.29,0,1,67.65,1.50,0.80,43.31,33.15
398.39,0,,93.22,25.97,4,-2,100.00,-105.55,-65.37,-86.62,-13.38,,68.11,34.27,0,1,68.00,1.78,0.71,43.50,33.52
398.54,0,,93.22,25.19,4,-2,100.00,-106.82,-65.31,-87.83,-14.71,,68.09,34.25,0,1,68.26,2.31,0.72,44.04,34.04
398.63,0,,93.22,24.26,4,-2,77.13,-105.11,-64.38,-85.19,-13.93,,68.07,34.22,0,1,67.96,2.65,0.70,44.36,34.40
398.72,0,,93.16,23.22,4,-2,72.94,-97.04,-62.09,-74.83,-8.15,,68.05,34.20,0,1,68.18,3.09,0.64,44.74,34.90
398.82,0,,92.99,22.09,4,-2,73.24,-94.63,-58.96,-69.29,-8.87,,68.03,34.19,0,1,68.33,3.16,0.58,44.75,35.03
398.90,0,,92.71,20.90,4,-2,70.01,-87.16,-54.93,-57.79,-5.43,,68.02,34.18,0,1,68.12,3.06,0.44,44.51,35.07
399.02,0,,92.37,19.72,4,-2,87.63,-44.62,-34.68,5.00,16.86,,68.01,34.18,0,1,68.89,3.15,0.32,44.48,35.28
399.08,0,,92.37,19.72,4,-2,87.63,-44.62,-34.68,5.00,16.86,,68.01,34.19,0,1,68.80,3.09,0.28,44.38,35.26
399.20,0,,91.99,18.71,4,-2,78.53,188.78,124.79,397.87,90.79,,68.01,34.20,0,1,68.73,2.87,0.19,44.07,35.13
399.29,0,,91.15,17.51,4,-2,79.88,-6.88,-17.15,60.27,37.07,,68.01,34.21,0,1,68.04,2.44,0.07,43.52,34.82
399.38,0,,91.15,17.51,4,-2,79.88,-6.88,-17.15,60.27,37.07,,68.02,34.23,0,1,67.76,1.95,0.14,43.10,34.26
399.53,0,,90.19,16.83,4,-2,76.37,-25.53,-20.45,38.32,21.72,,68.02,34.24,0,1,67.94,2.04,0.32,43.37,34.17
399.59,0,,89.68,16.63,4,-2,78.97,-7.42,-16.80,60.08,36.18,,68.02,34.26,0,1,68.28,2.52,0.27,43.80,34.70
399.71,0,,89.68,16.63,4,-2,78.97,-7.42,-16.80,60.08,36.18,,68.02,34.27,0,1,67.65,2.47,0.54,44.02,34.38
399.80,0,,88.63,16.49,4,-2,77.39,-15.18,-16.87,52.25,28.49,,68.02,34.28,0,2,66.71,1.75,1.45,44.21,32.75
399.89,0,,88.10,16.52,4,-2,81.75,-16.00,-16.69,51.61,27.49,,68.01,34.28,0,2,66.09,1.23,1.78,44.02,31.90
400.01,0,,87.59,16.61,4,-2,81.56,-18.76,-18.59,46.95,26.63,,68.00,34.28,0,2,67.84,2.11,1.13,44.25,33.43
400.10,0,,87.10,16.75,4,-2,82.86,-17.65,-17.97,48.68,27.12,,67.98,34.26,0,2,68.21,3.09,0.30,44.40,35.24
400.19,0,,86.63,16.93,4,-2,80.57,-20.95,-19.36,43.99,25.21,,67.97,34.25,0,2,68.26,2.23,0.20,43.44,34.48
400.28,0,,86.63,16.93,4,-2,80.57,-20.95,-19.36,43.99,25.21,,67.96,34.25,0,2,68.09,1.84,0.29,43.14,34.00
400.40,0,,85.74,17.39,4,-2,82.21,-19.07,-15.78,49.45,23.51,,67.95,34.24,0,2,68.51,2.25,-0.18,43.08,34.88
400.52,0,,85.33,17.64,4,-2,81.39,-18.47,-15.11,50.72,23.44,,67.95,34.24,0,2,68.86,1.85,-0.29,42.57,34.59
400.58,0,,85.33,17.64,4,-2,81.39,-18.47,-15.11,50.72,23.44,,67.95,34.24,0,2,68.33,1.89,-0.05,42.85,34.39
400.70,0,,84.94,17.91,4,-2,80.63,-22.10,-18.80,43.40,23.50,,67.95,34.24,0,2,67.83,1.84,0.08,42.93,34.21
400.79,0,,84.21,18.45,4,-2,79.81,-24.24,-22.22,37.84,24.78,,67.96,34.24,0,2,69.28,1.53,-0.05,42.49,34.03
400.88,0,,84.21,18.45,4,-2,79.81,-24.24,-22.22,37.84,24.78,,67.96,34.24,0,2,68.95,1.89,-0.44,42.46,34.78
401.03,0,,83.51,19.01,4,-2,74.96,-28.30,-25.01,30.99,23.51,,67.98,34.24,0,1,68.50,2.25,-0.33,42.93,35.03
401.09,0,,83.16,19.29,4,-2,76.97,-28.52,-24.86,30.92,23.14,,67.99,34.25,0,1,68.02,1.99,-0.01,42.99,34.45
401.18,0,,83.16,19.29,4,-2,76.97,-28.52,-24.86,30.92,23.14,,68.01,34.26,0,1,67.75,1.38,0.15,42.54,33.68
401.30,0,,82.47,19.82,4,-2,79.61,-27.18,-23.85,33.27,23.47,,68.02,34.26,0,1,68.25,1.89,0.36,43.26,33.98
401.39,0,,82.15,20.08,4,-2,78.74,-27.56,-23.41,33.33,22.65,,68.03,34.26,0,1,68.10,2.94,0.14,44.09,35.25
401.54,0,,81.84,20.32,4,-2,78.49,-28.75,-24.21,31.34,22.26,,68.04,34.27,0,1,68.53,2.83,-0.09,43.75,35.37
401.60,0,,81.55,20.55,4,-2,78.66,-29.11,-24.46,30.73,22.15,,68.06,34.28,0,1,68.56,2.64,-0.07,43.58,35.16
401.69,0,,81.28,20.77,4,-2,79.14,-30.08,-25.30,28.92,22.02,,68.07,34.30,0,1,68.72,2.86,-0.10,43.77,35.41
401.78,0,,81.28,20.77,4,-2,79.14,-30.08,-25.30,28.92,22.02,,68.09,34.32,0,1,68.79,2.99,-0.03,43.97,35.47
401.90,0,,80.77,21.16,4,-2,80.29,-22.57,-20.60,41.13,24.83,,68.11,34.34,0,1,68.95,3.07,0.02,44.10,35.50
402.02,0,,80.54,21.36,4,-2,80.15,-22.05,-19.11,43.14,23.86,,68.13,34.37,0,1,68.62,2.86,-0.06,43.81,35.37
402.08,0,,80.54,21.36,4,-2,80.15,-22.05,-19.11,43.14,23.86,,68.15,34.41,0,1,68.56,2.63,-0.08,43.56,35.16
402.20,0,,80.34,21.54,4,-2,78.46,-22.74,-19.40,42.16,23.46,,68.17,34.44,0,1,68.57,2.43,-0.21,43.23,35.09
402.29,0,,79.96,21.90,4,-2,79.10,-20.91,-17.37,46.02,23.26,,68.19,34.47,0,1,68.83,2.19,-0.31,42.89,34.95
402.38,0,,79.96,21.90,4,-2,79.10,-20.91,-17.37,46.02,23.26,,68.22,34.50,0,1,68.39,2.31,-0.07,43.25,34.83
402.53,0,,79.62,22.21,4,-2,77.19,-21.43,-18.43,44.44,23.80,,68.24,34.54,0,1,68.64,2.63,0.14,43.78,34.94
402.59,0,,79.46,22.36,4,-2,79.02,-21.99,-18.95,43.36,23.76,,68.26,34.57,0,1,68.92,3.16,0.15,44.32,35.46
402.68,0,,79.46,22.36,4,-2,79.02,-21.99,-18.95,43.36,23.76,,68.29,34.60,0,1,68.85,3.50,0.07,44.58,35.88
402.80,0,,79.14,22.63,4,-2,71.19,-14.76,-14.12,55.42,26.16,,68.31,34.63,0,1,68.80,2.87,0.04,43.92,35.28
402.89,0,,78.95,22.78,4,-2,72.48,-11.36,-11.23,61.71,26.67,,68.34,34.67,0,1,68.67,2.40,0.11,43.52,34.74
403.04,0,,78.75,22.92,4,-2,76.24,-12.83,-11.95,59.52,25.92,,68.36,34.70,0,1,68.50,2.50,0.03,43.54,34.92
403.10,0,,78.54,23.07,4,-2,72.86,-14.53,-13.78,55.99,26.05,,68.38,34.73,0,1,68.37,2.51,-0.01,43.51,34.97
403.19,0,,78.33,23.23,4,-2,76.81,-17.36,-15.51,51.43,24.95,,68.40,34.76,0,1,68.33,2.62,0.12,43.75,34.95
403.28,0,,78.33,23.23,4,-2,76.81,-17.36,-15.51,51.43,24.95,,68.42,34.79,0,1,68.65,2.58,0.04,43.63,34.99
403.40,0,,77.95,23.51,4,-2,77.77,-18.31,-15.75,50.24,24.24,,68.44,34.81,0,1,68.66,2.49,-0.03,43.47,34.97
403.52,0,,77.79,23.63,4,-2,78.73,-18.87,-15.29,50.14,23.22,,68.45,34.84,0,1,68.27,2.43,-0.01,43.43,34.89
403.58,0,,77.79,23.63,4,-2,78.73,-18.87,-15.29,50.14,23.22,,68.47,34.86,0,1,68.94,2.48,-0.17,43.32,35.10
403.70,0,,77.65,23.74,4,-2,78.14,-19.46,-15.29,49.55,22.63,,68.48,34.88,0,1,68.35,2.90,-0.18,43.73,35.53
403.79,0,,77.53,23.83,4,-2,77.09,-19.98,-16.19,48.13,23.01,,68.49,34.90,0,1,68.31,2.94,0.06,44.01,35.33
403.88,0,,77.41,23.91,4,-2,76.86,-20.06,-16.04,48.20,22.78,,68.51,34.92,0,1,68.85,3.00,0.09,44.10,35.36
404.03,0,,77.23,24.02,4,-2,77.93,-20.19,-15.63,48.48,22.24,,68.52,34.95,0,1,69.34,3.34,-0.12,44.23,35.91
404.09,0,,77.16,24.05,4,-2,78.47,-19.73,-14.63,49.94,21.70,,68.53,34.97,0,1,68.42,3.17,-0.23,43.95,35.85
404.18,0,,77.16,24.05,4,-2,78.47,-19.73,-14.63,49.94,21.70,,68.54,35.00,0,1,68.70,2.98,-0.01,43.98,35.44
404.30,0,,77.05,24.06,4,-2,77.41,-19.57,-13.81,50.92,21.04,,68.56,35.03,0,1,68.95,2.95,0.05,44.01,35.35
404.39,0,,77.00,24.04,4,-2,77.05,-11.51,-8.10,64.69,23.39,,68.57,35.05,0,1,68.78,3.08,-0.11,43.98,35.64
404.55,0,,76.97,24.03,4,-2,76.71,-3.16,-5.61,75.53,29.25,,68.58,35.08,0,1,68.77,3.35,-0.07,44.29,35.87
404.60,0,,76.92,24.04,4,-2,71.09,-10.62,-11.27,62.41,27.45,,68.60,35.11,0,1,68.93,3.18,-0.07,44.12,35.70
404.69,0,,76.86,24.06,4,-2,74.70,-14.36,-12.38,57.56,24.82,,68.61,35.14,0,1,68.96,3.00,-0.07,43.94,35.52
404.78,0,,76.86,24.06,4,-2,74.70,-14.36,-12.38,57.56,24.82,,68.62,35.17,0,1,68.19,2.99,-0.07,43.93,35.51
404.90,0,,76.72,24.13,4,-2,76.15,-13.12,-11.47,59.71,25.15,,68.63,35.20,0,1,69.13,2.90,-0.25,43.66,35.60
405.02,0,,76.64,24.16,4,-2,76.31,-14.18,-12.53,57.59,25.15,,68.64,35.22,0,1,69.10,3.12,-0.34,43.79,35.91
405.08,0,,76.64,24.16,4,-2,76.31,-14.18,-12.53,57.59,25.15,,68.66,35.25,0,1,68.44,3.35,-0.28,44.08,36.08
405.20,0,,76.57,24.20,4,-2,74.69,-13.70,-11.90,58.70,25.00,,68.67,35.28,0,1,68.93,3.33,-0.29,44.05,36.07
405.29,0,,76.42,24.28,4,-2,75.58,-12.20,-11.05,61.05,25.65,,68.68,35.31,0,1,68.77,3.18,-0.40,43.79,36.03
405.38,0,,76.42,24.28,4,-2,75.58,-12.20,-11.05,61.05,25.65,,68.69,35.34,0,1,68.04,2.62,-0.28,43.35,35.35
405.53,0,,76.26,24.37,4,-2,73.41,-12.32,-10.83,61.15,25.31,,68.69,35.37,0,1,68.20,1.98,0.09,43.08,34.34
405.59,0,,76.17,24.41,4,-2,74.69,-12.72,-11.38,60.20,25.46,,68.70,35.39,0,1,68.26,2.09,0.06,43.16,34.48
405.68,0,,76.17,24.41,4,-2,74.69,-12.72,-11.38,60.20,25.46,,68.70,35.40,0,1,68.73,2.63,-0.20,43.44,35.28
405.80,0,,76.09,24.46,4,-2,73.65,-10.89,-10.68,62.73,26.59,,68.70,35.41,0,1,69.17,2.83,-0.22,43.62,35.50
405.89,0,,75.90,24.59,4,-2,72.88,-3.29,-6.92,74.09,30.43,,68.70,35.42,0,1,68.77,3.01,-0.38,43.64,35.84
406.04,0,,75.80,24.69,4,-2,72.41,-4.31,-8.10,71.89,30.59,,68.70,35.44,0,1,68.98,3.12,-0.48,43.65,36.05
406.11,0,,75.69,24.82,4,-2,71.58,-3.25,-7.90,73.15,31.45,,68.71,35.45,0,1,68.95,2.84,-0.30,43.55,35.59
406.19,0,,75.56,24.97,4,-2,69.29,0.59,-6.53,78.36,33.92,,68.71,35.46,0,1,68.67,2.55,-0.22,43.34,35.22
406.28,0,,75.56,24.97,4,-2,69.29,0.59,-6.53,78.36,33.92,,68.71,35.47,0,1,68.76,2.68,-0.14,43.55,35.27
406.40,0,,75.27,25.38,4,-2,73.17,6.79,-3.07,88.02,36.66,,68.72,35.48,0,1,68.26,3.04,-0.23,43.82,35.72
406.52,0,,75.12,25.65,4,-2,70.82,8.68,-1.87,91.11,37.35,,68.72,35.49,0,1,69.21,3.05,-0.45,43.61,35.95
406.58,0,,75.12,25.65,4,-2,70.82,8.68,-1.87,91.11,37.35,,68.72,35.50,0,1,68.56,2.84,-0.20,43.65,35.49
406.70,0,,74.96,25.96,4,-2,70.12,9.02,-1.55,91.77,37.37,,68.72,35.50,0,1,68.19,2.59,0.17,43.77,34.87
406.79,0,,74.79,26.30,4,-2,72.39,7.81,-1.83,90.28,36.44,,68.72,35.51,0,1,68.64,2.42,0.24,43.67,34.63
406.88,0,,74.62,26.67,4,-2,71.12,3.77,-4.08,83.99,34.65,,68.72,35.51,0,1,68.58,2.52,0.04,43.57,34.93
407.03,0,,74.29,27.40,4,-2,72.27,-0.36,-5.46,78.48,31.90,,68.72,35.50,0,1,68.27,2.50,-0.08,43.43,35.03
407.09,0,,74.13,27.76,4,-2,73.54,-0.25,-5.38,78.67,31.93,,68.71,35.50,0,1,67.64,2.09,0.41,43.51,34.13
407.18,0,,74.13,27.76,4,-2,73.54,-0.25,-5.38,78.67,31.93,,68.70,35.48,0,1,67.21,1.20,0.95,43.16,32.70
407.30,0,,73.85,28.44,4,-2,74.19,1.43,-4.54,81.19,32.77,,68.69,35.45,0,1,67.46,0.50,0.98,42.49,31.97
407.39,0,,73.85,28.44,4,-2,74.19,1.43,-4.54,81.19,32.77,,68.66,35.40,0,1,66.98,0.41,0.97,42.39,31.89
407.54,0,,73.64,29.08,4,-2,74.67,2.16,-5.26,81.20,34.22,,68.63,35.34,0,1,67.33,0.42,0.92,42.35,31.95
407.60,0,,73.56,29.39,4,-2,75.66,2.16,-5.16,81.30,34.12,,68.60,35.27,0,1,68.12,0.72,0.44,42.17,32.73
407.69,0,,73.50,29.69,4,-2,74.92,0.98,-6.07,79.21,33.85,,68.56,35.19,0,1,67.88,1.22,-0.29,41.94,33.96
407.78,0,,73.50,29.69,4,-2,74.92,0.98,-6.07,79.21,33.85,,68.53,35.11,0,1,67.35,0.81,-0.25,41.57,33.51
407.90,0,,73.42,30.29,4,-2,76.31,3.36,-5.15,82.51,35.31,,68.49,35.02,0,1,67.21,0.02,0.31,41.34,32.16
408.02,0,,73.40,30.59,4,-2,76.30,3.59,-5.06,82.83,35.45,,68.45,34.93,0,1,68.65,0.48,-0.01,41.48,32.94
408.08,0,,73.40,30.59,4,-2,76.30,3.59,-5.06,82.83,35.45,,68.42,34.85,0,1,68.76,1.73,-0.75,41.99,34.93
408.20,0,,73.41,30.88,4,-2,75.20,3.82,-5.58,82.54,36.20,,68.39,34.76,0,1,69.48,2.33,-0.84,42.50,35.62
408.29,0,,73.42,31.17,4,-2,75.59,3.76,-5.31,82.75,35.87,,68.37,34.70,0,1,69.23,2.25,-0.79,42.47,35.49
408.38,0,,73.44,31.46,4,-2,76.05,4.09,-5.17,83.22,36.06,,68.35,34.64,0,1,69.54,2.16,-0.97,42.20,35.58
408.53,0,,73.51,32.03,4,-2,71.29,6.79,-4.04,87.05,37.63,,68.35,34.59,0,1,69.44,2.35,-1.05,42.31,35.85
408.59,0,,73.52,32.32,4,-2,68.59,12.17,-0.18,96.29,39.15,,68.35,34.56,0,1,69.25,2.49,-0.99,42.51,35.93
408.68,0,,73.52,32.32,4,-2,68.59,12.17,-0.18,96.29,39.15,,68.36,34.54,0,1,69.00,2.25,-0.84,42.42,35.54
408.80,0,,73.46,32.92,4,-2,68.16,13.42,2.64,100.36,37.58,,68.37,34.52,0,1,68.59,2.20,-0.67,42.54,35.32
408.89,0,,73.38,33.21,4,-2,70.27,14.52,5.40,104.22,35.92,,68.38,34.52,0,1,68.33,2.14,-0.61,42.54,35.20
409.04,0,,73.30,33.48,4,-2,72.46,8.67,6.20,99.17,29.27,,68.38,34.51,0,1,68.20,1.32,-0.83,41.50,34.60
409.10,0,,73.21,33.70,4,-2,74.59,1.57,2.54,88.41,25.83,,68.39,34.51,0,1,68.20,0.85,-0.93,40.93,34.23
409.19,0,,73.15,33.86,4,-2,75.19,1.04,1.21,86.55,26.63,,68.40,34.51,0,1,67.81,0.71,-0.50,41.22,33.66
409.28,0,,73.15,33.86,4,-2,75.19,1.04,1.21,86.55,26.63,,68.40,34.50,0,1,67.31,0.20,-0.18,41.03,32.83
409.40,0,,73.05,34.02,4,-2,72.98,-2.19,-3.21,78.90,27.82,,68.39,34.48,0,1,66.39,-0.32,0.22,40.91,31.91
409.52,0,,73.01,34.03,4,-2,72.81,-4.29,-3.43,76.58,25.94,,68.37,34.45,0,1,66.50,-0.97,0.64,40.68,30.84
409.58,0,,73.01,34.03,4,-2,72.81,-4.29,-3.43,76.58,25.94,,68.35,34.40,0,1,66.26,-0.83,0.59,40.77,31.03
409.70,0,,72.97,34.00,4,-2,72.66,-10.28,-7.85,66.17,24.37,,68.31,34.34,0,1,66.20,-0.47,0.61,41.15,31.37
409.79,0,,72.91,33.76,4,-2,75.17,-20.91,-16.55,46.84,22.44,,68.27,34.26,0,1,65.92,-1.28,0.59,40.32,30.58
409.88,0,,72.91,33.76,4,-2,75.17,-20.91,-16.55,46.84,22.44,,68.22,34.18,0,1,65.96,-1.81,0.71,39.91,29.93
410.03,0,,72.91,33.34,4,-2,75.92,-21.22,-17.04,46.04,22.62,,68.16,34.07,0,1,66.24,-1.36,0.89,40.54,30.20
410.09,0,,72.93,33.06,4,-2,76.49,-21.94,-18.17,44.19,23.03,,68.09,33.96,0,1,65.70,-0.90,0.53,40.64,31.02
410.18,0,,72.93,33.06,4,-2,76.49,-21.94,-18.17,44.19,23.03,,68.02,33.84,0,1,66.01,-1.07,0.30,40.24,31.08
410.30,0,,73.03,32.45,4,-2,69.90,-3.21,-6.46,74.63,30.05,,67.94,33.72,0,1,66.15,-1.29,0.02,39.74,31.14
410.39,0,,73.08,32.16,4,-2,76.73,33.94,22.49,140.73,38.25,,67.86,33.59,0,1,66.01,-1.17,-0.32,39.52,31.60
410.54,0,,73.13,31.94,4,-2,74.35,29.26,13.67,127.23,42.39,,67.78,33.47,0,1,66.69,-0.77,0.19,40.43,31.49
410.60,0,,73.18,31.78,4,-2,73.18,18.98,6.12,109.40,39.66,,67.70,33.35,0,1,65.94,-0.38,0.65,41.28,31.42
410.69,0,,73.23,31.70,4,-2,74.44,25.15,9.89,119.34,42.06,,67.62,33.23,0,1,66.21,-0.90,0.25,40.36,31.30
410.78,0,,73.23,31.70,4,-2,74.44,25.15,9.89,119.34,42.06,,67.54,33.11,0,1,66.16,-1.26,0.07,39.82,31.12
410.90,0,,73.35,31.71,4,-2,75.41,9.09,-1.25,92.14,37.14,,67.46,32.99,0,1,66.71,-0.52,0.39,40.88,31.54
411.02,0,,73.42,31.77,4,-2,77.52,7.00,-1.97,89.33,35.77,,67.38,32.87,0,1,66.76,-0.04,0.56,41.53,31.85
411.08,0,,73.42,31.77,4,-2,77.52,7.00,-1.97,89.33,35.77,,67.31,32.76,0,1,66.26,-0.60,0.37,40.78,31.48
411.20,0,,73.50,31.84,4,-2,76.37,7.96,-0.60,91.66,35.36,,67.24,32.66,0,1,66.57,-1.08,0.20,40.13,31.17
411.29,0,,73.70,32.04,4,-2,77.45,12.70,3.56,100.56,35.94,,67.17,32.56,0,1,65.72,-0.77,0.35,40.59,31.33
411.38,0,,73.70,32.04,4,-2,77.45,12.70,3.56,100.56,35.94,,67.11,32.46,0,1,66.70,-0.55,0.51,40.97,31.39
411.53,0,,73.95,32.29,4,-2,75.29,17.64,6.18,108.12,38.26,,67.04,32.36,0,1,66.66,-0.30,0.62,41.33,31.53
411.59,0,,74.08,32.44,4,-2,77.90,18.18,6.98,109.46,38.00,,66.98,32.27,0,1,66.68,0.08,0.71,41.80,31.82
411.68,0,,74.08,32.44,4,-2,77.90,18.18,6.98,109.46,38.00,,66.93,32.19,0,1,66.89,0.14,0.71,41.86,31.88
411.80,0,,74.34,32.78,4,-2,76.46,15.84,8.52,108.66,34.12,,66.88,32.12,0,1,66.44,0.08,0.69,41.78,31.84
411.89,0,,74.47,32.95,4,-2,77.51,15.66,6.79,106.75,35.67,,66.83,32.05,2,-1,66.35,-0.23,0.62,41.40,31.60
412.04,0,,74.60,33.12,4,-2,76.93,21.32,8.67,114.29,39.45,,66.79,31.98,2,-1,66.87,-0.61,0.55,40.95,31.29
412.10,0,,74.74,33.30,4,-2,81.89,22.78,12.07,119.15,37.51,,66.75,31.92,2,-1,66.57,-0.56,0.58,41.03,31.31
412.19,0,,74.89,33.49,4,-2,77.66,18.98,10.90,114.18,34.88,,66.71,31.86,2,-1,67.19,-0.37,0.59,41.23,31.49
412.28,0,,74.89,33.49,4,-2,77.66,18.98,10.90,114.18,34.88,,66.68,31.80,2,-1,67.13,-0.19,0.55,41.37,31.71
412.40,0,,75.18,33.82,4,-2,77.04,17.20,10.83,112.33,33.17,,66.66,31.75,2,-1,67.20,0.22,0.59,41.82,32.08
412.52,0,,75.30,33.96,4,-2,76.04,20.01,12.15,116.46,34.66,,66.64,31.71,2,-1,67.06,0.41,0.56,41.98,32.30
412.59,0,,75.30,33.96,4,-2,76.04,20.01,12.15,116.46,34.66,,66.63,31.68,2,-1,66.49,0.40,0.51,41.92,32.34
412.70,0,,75.42,34.09,4,-2,76.51,20.56,13.10,117.96,34.26,,66.61,31.65,2,-1,66.74,0.52,0.57,42.10,32.40
412.79,0,,75.66,34.30,4,-2,77.24,23.19,15.45,122.94,34.54,,66.60,31.63,2,-1,67.23,0.50,0.55,42.06,32.40
412.88,0,,75.66,34.30,4,-2,77.24,23.19,15.45,122.94,34.54,,66.60,31.62,2,-1,67.30,0.26,0.39,41.66,32.32
413.03,0,,75.91,34.47,4,-2,78.35,21.18,14.26,119.74,33.72,,66.59,31.61,2,-1,67.14,0.04,0.22,41.27,32.27
413.09,0,,76.05,34.54,4,-2,82.30,21.05,14.05,119.40,33.80,,66.60,31.60,2,-1,67.15,0.03,0.20,41.24,32.28
413.18,0,,76.05,34.54,4,-2,82.30,21.05,14.05,119.40,33.80,,66.60,31.61,2,-1,67.46,0.25,0.25,41.51,32.45
413.30,0,,76.36,34.64,2,-1,77.16,21.19,13.89,119.38,34.10,,66.61,31.61,2,-1,66.98,0.55,0.31,41.87,32.69
413.39,0,,76.51,34.68,2,-1,77.23,21.55,13.97,119.82,34.38,,66.62,31.62,2,-1,67.08,0.59,0.38,41.98,32.66
413.54,0,,76.65,34.72,2,-1,76.04,21.95,14.05,120.30,34.70,,66.63,31.64,2,-1,66.92,0.32,0.36,41.69,32.41
413.60,0,,76.77,34.75,2,-1,76.78,22.04,14.05,120.39,34.79,,66.65,31.66,2,-1,67.16,0.16,0.32,41.49,32.29
413.69,0,,76.87,34.77,2,-1,73.92,22.25,13.96,120.51,35.09,,66.66,31.68,2,-1,67.25,0.31,0.27,41.59,32.49
413.78,0,,76.87,34.77,2,-1,73.92,22.25,13.96,120.51,35.09,,66.68,31.70,2,-1,67.71,0.66,0.33,42.00,32.78
413.90,0,,77.02,34.82,2,-1,75.62,21.91,13.57,119.78,35.14,,66.70,31.73,2,-1,67.14,0.76,0.38,42.15,32.83
414.02,0,,77.08,34.85,2,-1,76.57,22.60,14.40,121.30,35.00,,66.72,31.76,2,-1,67.09,0.61,0.26,41.88,32.80
414.08,0,,77.08,34.85,2,-1,76.57,22.60,14.40,121.30,35.00,,66.74,31.79,1,0,67.25,0.59,0.17,41.77,32.87
414.20,0,,77.12,34.87,2,0,74.63,22.46,14.70,121.46,34.56,,66.76,31.83,1,0,67.32,0.54,0.05,41.60,32.94
414.29,0,,77.16,34.90,2,0,77.28,23.16,15.05,122.51,34.91,,66.78,31.87,1,0,66.98,0.38,-0.04,41.35,32.87
414.38,0,,77.16,34.90,2,0,77.28,23.16,15.05,122.51,34.91,,66.80,31.91,1,0,67.38,0.55,0.05,41.61,32.95
414.53,0,,77.18,34.93,2,0,73.34,24.16,15.47,123.93,35.49,,66.83,31.95,1,0,66.88,0.91,0.02,41.94,33.34
414.59,0,,77.16,34.94,1,1,75.15,25.04,15.93,125.27,35.91,,66.85,32.00,1,0,66.66,0.81,-0.07,41.75,33.33
414.68,0,,77.16,34.94,1,1,75.15,25.04,15.93,125.27,35.91,,66.86,32.04,2,-1,66.94,0.55,0.00,41.56,33.00
414.80,0,,77.09,34.99,1,1,73.59,26.01,16.47,126.78,36.34,,66.88,32.09,2,-1,67.34,0.53,-0.04,41.50,33.02
414.89,0,,77.04,35.02,1,1,71.10,26.17,16.40,126.87,36.57,,66.90,32.14,2,-1,66.76,0.11,-0.24,40.88,32.80
415.04,0,,76.96,35.06,1,1,74.34,25.34,15.79,125.43,36.35,,66.91,32.19,2,-1,66.33,-1.01,-0.79,39.21,32.23
415.10,0,,76.87,35.10,1,1,73.83,23.93,15.21,123.44,35.52,,66.92,32.23,2,-1,66.90,-1.61,-1.40,38.00,32.24
415.19,0,,76.78,35.14,1,1,73.87,23.70,14.50,122.50,36.00,,66.93,32.27,2,-1,66.52,-0.65,-1.02,39.34,32.82
415.28,0,,76.78,35.14,1,1,73.87,23.70,14.50,122.50,36.00,,66.93,32.31,2,-1,66.41,-0.79,-0.78,39.44,32.44
415.40,0,,76.56,35.22,1,1,73.66,23.77,14.17,122.24,36.40,,66.94,32.34,2,-1,66.50,-2.87,-1.65,36.49,31.23
415.52,0,,76.44,35.27,1,1,71.45,23.76,13.94,122.00,36.62,,66.94,32.37,2,-1,67.15,-2.39,-1.79,36.83,31.85
415.58,0,,76.44,35.27,1,1,71.45,23.76,13.94,122.00,36.62,,66.94,32.39,2,-1,66.78,-0.24,-1.36,39.41,33.57
415.70,0,,76.30,35.32,1,1,72.00,23.65,13.81,121.76,36.64,,66.93,32.41,2,-1,67.05,-0.43,-1.35,39.23,33.37
415.79,0,,76.00,35.42,1,1,69.80,23.14,13.64,121.08,36.30,,66.93,32.44,2,-1,67.06,-0.99,-1.48,38.54,32.94
415.88,0,,76.00,35.42,1,1,69.80,23.14,13.64,121.08,36.30,,66.94,32.47,2,-1,66.84,-0.67,-1.49,38.85,33.27
416.04,0,,75.65,35.52,0,2,69.66,23.35,13.49,121.14,36.66,,66.94,32.49,2,-1,66.99,-0.49,-1.36,39.16,33.32
416.09,0,,75.46,35.58,0,2,68.20,23.47,13.63,121.40,36.64,,66.94,32.53,2,-1,66.93,-0.14,-1.24,39.63,33.55
416.18,0,,75.46,35.58,0,2,68.20,23.47,13.63,121.40,36.64,,66.94,32.56,2,-1,67.22,0.42,-0.89,40.54,33.76
416.30,0,,75.04,35.68,0,2,69.32,23.36,13.37,121.03,36.79,,66.94,32.59,2,-1,67.15,0.61,-0.55,41.07,33.61
416.39,0,,74.81,35.74,0,2,69.67,23.09,13.42,120.81,36.47,,66.94,32.63,2,-1,67.22,0.66,-0.57,41.10,33.68
416.54,0,,74.57,35.79,0,2,69.97,22.84,13.10,120.24,36.54,,66.94,32.67,2,-1,67.04,1.03,-0.50,41.54,33.98
416.60,0,,74.34,35.85,0,2,70.87,23.06,13.03,120.39,36.83,,66.95,32.72,2,-1,66.93,1.20,-0.41,41.80,34.06
416.69,0,,74.11,35.90,0,2,69.50,23.37,13.21,120.88,36.96,,66.95,32.77,2,-1,66.87,1.09,-0.38,41.72,33.92
416.78,0,,74.11,35.90,0,2,69.50,23.37,13.21,120.88,36.96,,66.96,32.81,2,-1,67.11,1.10,-0.33,41.78,33.88
416.90,0,,73.62,36.00,1,1,68.20,23.03,12.97,120.30,36.86,,66.96,32.86,2,-1,67.12,1.08,-0.36,41.73,33.89
417.02,0,,73.37,36.06,1,1,69.23,23.05,12.83,120.18,37.02,,66.96,32.91,2,-1,67.28,1.01,-0.38,41.64,33.84
417.08,0,,73.37,36.06,1,1,69.23,23.05,12.83,120.18,37.02,,66.97,32.97,2,-1,67.60,1.06,-0.34,41.73,33.85
417.20,0,,73.12,36.11,1,1,70.58,22.85,12.77,119.92,36.88,,66.98,33.02,2,-1,67.52,1.29,-0.36,41.94,34.10
417.29,0,,72.63,36.21,1,1,66.49,22.78,12.82,119.90,36.76,,66.99,33.07,2,-1,67.11,1.47,-0.38,42.10,34.30
417.38,0,,72.63,36.21,1,1,66.49,22.78,12.82,119.90,36.76,,67.00,33.12,2,-1,67.63,1.46,-0.35,42.12,34.26
417.53,0,,72.12,36.30,1,1,65.85,23.29,12.95,120.54,37.14,,67.01,33.18,2,-1,67.17,1.55,-0.35,42.21,34.35
417.59,0,,71.87,36.35,1,1,67.66,23.05,12.86,120.21,36.99,,67.02,33.23,2,-1,67.00,1.52,-0.32,42.21,34.29
417.68,0,,71.87,36.35,1,1,67.66,23.05,12.86,120.21,36.99,,67.04,33.29,2,-1,67.38,1.34,-0.29,42.06,34.08
417.80,0,,71.36,36.44,1,1,66.83,22.93,12.77,120.00,36.96,,67.05,33.34,2,-1,67.48,1.35,-0.30,42.06,34.10
417.89,0,,71.10,36.48,1,1,65.51,22.94,12.74,119.98,37.00,,67.06,33.39,2,-1,67.32,1.56,-0.29,42.28,34.30
418.04,0,,70.84,36.53,1,1,65.86,23.31,12.72,120.33,37.39,,67.07,33.45,2,-1,67.18,1.77,-0.21,42.57,34.43
418.10,0,,70.58,36.57,2,0,65.58,23.14,12.91,120.35,37.03,,67.09,33.50,2,-1,67.31,1.77,-0.11,42.67,34.33
418.19,0,,70.32,36.61,2,0,63.32,23.08,12.92,120.30,36.96,,67.10,33.55,2,-1,67.46,1.75,-0.12,42.64,34.32
418.28,0,,70.32,36.61,2,0,63.32,23.08,12.92,120.30,36.96,,67.11,33.60,2,-1,67.48,1.74,-0.13,42.62,34.32
418.40,0,,69.76,36.68,2,0,65.04,22.76,12.81,119.87,36.75,,67.13,33.65,2,-1,67.38,1.60,-0.16,42.45,34.21
418.52,0,,69.48,36.72,3,-1,63.12,22.83,12.72,119.85,36.91,,67.14,33.70,2,-1,67.26,1.47,-0.18,42.30,34.10
418.58,0,,69.48,36.72,3,-1,63.12,22.83,12.72,119.85,36.91,,67.15,33.75,2,-1,67.54,1.50,-0.14,42.37,34.09
418.70,0,,69.19,36.75,3,-1,64.76,22.78,12.61,119.69,36.97,,67.17,33.79,2,-1,67.21,1.75,-0.14,42.62,34.34
418.79,0,,68.63,36.80,3,-1,63.81,22.92,12.84,120.06,36.88,,67.18,33.83,2,-1,67.09,1.75,-0.14,42.62,34.34
418.88,0,,68.63,36.80,3,-1,63.81,22.92,12.84,120.06,36.88,,67.19,33.87,2,-1,67.44,1.59,-0.13,42.47,34.17
419.03,0,,68.09,36.85,3,-1,63.31,22.64,12.67,119.61,36.77,,67.20,33.91,2,-1,66.80,1.68,-0.12,42.57,34.25
419.09,0,,67.82,36.87,3,-1,64.04,22.48,12.49,119.27,36.79,,67.21,33.94,2,-1,66.80,1.54,-0.06,42.49,34.05
419.18,0,,67.82,36.87,3,-1,64.04,22.48,12.49,119.27,36.79,,67.21,33.97,2,-1,66.83,1.34,-0.05,42.30,33.84
419.30,0,,67.29,36.90,4,-2,62.38,22.74,12.76,119.80,36.78,,67.22,34.00,2,-1,67.30,1.46,-0.09,42.38,34.00
419.39,0,,67.03,36.91,4,-2,60.31,22.86,12.84,120.00,36.82,,67.22,34.03,2,-1,66.75,1.66,-0.07,42.60,34.18
419.54,0,,66.75,36.92,4,-2,62.44,22.86,12.72,119.88,36.94,,67.22,34.05,2,-1,66.90,1.63,0.00,42.64,34.08
419.60,0,,66.48,36.93,4,-2,62.70,22.80,12.94,120.04,36.66,,67.22,34.07,2,-1,67.30,1.55,0.00,42.56,34.00
419.69,0,,66.22,36.94,4,-2,62.66,22.89,12.87,120.06,36.82,,67.21,34.09,2,-1,66.96,1.56,0.00,42.57,34.01
419.78,0,,66.22,36.94,4,-2,62.66,22.89,12.87,120.06,36.82,,67.21,34.11,2,-1,67.14,1.38,0.02,42.41,33.81
419.90,0,,65.70,36.95,4,-2,62.13,23.05,13.08,120.43,36.77,,67.21,34.12,2,-1,66.85,1.30,-0.05,42.26,33.80
420.02,0,,65.45,36.95,4,-2,62.87,23.66,13.16,121.12,37.30,,67.20,34.13,2,-1,67.00,1.34,-0.06,42.29,33.85
420.08,0,,65.45,36.95,4,-2,62.87,23.66,13.16,121.12,37.30,,67.20,34.13,2,-1,66.85,1.40,0.04,42.45,33.81
420.20,0,,65.21,36.96,4,-2,62.84,23.54,13.12,120.96,37.22,,67.19,34.14,2,-1,67.34,1.46,0.04,42.51,33.87
420.29,0,,64.75,36.96,4,-2,62.36,23.33,13.20,120.83,36.93,,67.18,34.14,2,-1,66.65,1.39,0.02,42.42,33.82
420.38,0,,64.75,36.96,4,-2,62.36,23.33,13.20,120.83,36.93,,67.18,34.14,1,0,66.82,1.32,0.06,42.39,33.71
420.53,0,,64.33,36.97,4,-2,60.57,23.27,13.35,120.92,36.72,,67.17,34.14,1,0,67.18,1.23,0.04,42.28,33.64
420.59,0,,64.13,36.97,4,-2,61.32,23.57,13.29,121.16,37.08,,67.16,34.13,1,0,66.62,1.13,0.00,42.14,33.58
420.68,0,,64.13,36.97,4,-2,61.32,23.57,13.29,121.16,37.08,,67.15,34.12,1,0,66.87,1.06,0.04,42.11,33.47
420.80,0,,63.73,36.98,4,-2,60.62,23.71,13.40,121.41,37.11,,67.14,34.11,1,0,66.89,1.12,0.07,42.20,33.50
420.89,0,,63.54,36.98,4,-2,58.36,23.70,13.45,121.45,37.05,,67.13,34.10,1,0,66.76,1.24,0.02,42.27,33.67
421.04,0,,63.34,36.99,4,-2,60.97,23.66,13.30,121.26,37.16,,67.11,34.09,1,0,67.32,1.13,0.03,42.17,33.55
421.10,0,,63.15,36.99,4,-2,60.16,23.61,13.47,121.38,36.94,,67.10,34.07,1,0,66.34,1.05,0.09,42.15,33.41
421.19,0,,62.96,37.00,4,-2,60.61,24.07,13.54,121.91,37.33,,67.09,34.05,1,0,66.95,1.00,0.09,42.10,33.36
421.28,0,,62.96,37.00,4,-2,60.61,24.07,13.54,121.91,37.33,,67.08,34.03,1,0,66.40,0.87,0.11,41.99,33.21
421.40,0,,62.59,37.01,4,-2,59.44,25.25,14.39,123.94,37.66,,67.06,34.01,1,0,66.71,0.78,0.06,41.85,33.17
421.52,0,,62.41,37.03,4,-2,59.63,25.53,14.56,124.39,37.77,,67.05,33.98,1,0,66.38,0.80,0.06,41.87,33.19
421.58,0,,62.23,37.04,4,-2,58.97,25.84,14.67,124.81,37.97,,67.03,33.95,1,0,66.69,0.95,0.15,42.11,33.25
421.70,0,,62.23,37.04,4,-2,58.97,25.84,14.67,124.81,37.97,,67.01,33.93,1,0,66.80,0.98,0.12,42.11,33.31
421.79,0,,61.88,37.08,4,-2,60.46,26.07,14.90,125.27,37.97,,66.99,33.90,1,0,66.70,0.89,0.12,42.02,33.22
421.88,0,,61.72,37.11,4,-2,60.63,27.13,15.31,126.74,38.62,,66.98,33.87,1,0,66.29,0.86,0.21,42.08,33.10
422.03,0,,61.57,37.14,4,-2,60.69,28.07,16.13,128.50,38.74,,66.96,33.83,1,0,66.12,0.78,0.20,41.99,33.03
422.09,0,,61.43,37.17,4,-2,58.96,28.21,16.40,128.91,38.61,,66.93,33.80,1,0,66.44,0.69,0.14,41.84,33.00
422.18,0,,61.30,37.22,4,-2,61.17,27.69,16.15,128.14,38.34,,66.91,33.77,1,0,66.22,0.62,0.17,41.80,32.90
422.30,0,,61.17,37.26,4,-2,58.41,26.85,15.81,126.96,37.84,,66.89,33.73,1,0,66.37,0.71,0.19,41.91,32.97
422.39,0,,61.04,37.30,4,-2,57.10,26.01,15.15,125.46,37.66,,66.86,33.69,1,0,66.33,0.86,0.26,42.13,33.05
422.54,0,,60.91,37.34,4,-2,57.57,25.24,14.47,124.01,37.57,,66.84,33.66,1,0,66.54,0.85,0.32,42.18,32.98
422.60,0,,60.77,37.38,4,-2,58.05,24.92,14.29,123.51,37.43,,66.81,33.62,1,0,66.29,0.82,0.26,42.09,33.01
422.69,0,,60.62,37.41,4,-2,57.15,25.02,14.26,123.58,37.56,,66.79,33.59,1,0,66.21,0.74,0.28,42.03,32.91
422.78,0,,60.48,37.44,4,-2,58.52,24.63,14.02,122.95,37.41,,66.76,33.55,1,0,66.43,0.61,0.34,41.96,32.72
422.90,0,,60.33,37.47,4,-2,58.16,24.07,13.79,122.16,37.08,,66.74,33.51,1,0,65.85,0.53,0.31,41.85,32.67
423.02,0,,60.19,37.49,4,-2,57.82,23.92,13.59,121.81,37.13,,66.71,33.47,1,0,66.27,0.43,0.35,41.79,32.53
423.08,0,,60.05,37.51,4,-2,57.53,23.78,13.31,121.39,37.27,,66.68,33.43,1,0,65.97,0.44,0.39,41.84,32.50
423.20,0,,60.05,37.51,4,-2,57.53,23.78,13.31,121.39,37.27,,66.65,33.39,1,0,66.26,0.63,0.40,42.04,32.68
423.29,0,,59.78,37.53,4,-2,57.06,24.00,13.60,121.90,37.20,,66.63,33.35,1,0,66.15,0.70,0.40,42.11,32.75
423.38,0,,59.64,37.54,4,-2,57.37,24.59,14.02,122.91,37.37,,66.60,33.31,1,0,66.08,0.54,0.39,41.94,32.60
423.54,0,,59.51,37.54,4,-2,59.82,24.72,14.38,123.40,37.14,,66.57,33.27,1,0,66.39,0.51,0.44,41.96,32.52
423.59,0,,59.39,37.55,4,-2,55.28,24.86,14.44,123.60,37.22,,66.54,33.23,1,0,65.93,0.48,0.44,41.93,32.49
423.68,0,,59.26,37.55,4,-2,57.88,25.05,14.45,123.80,37.40,,66.52,33.19,1,0,66.25,0.32,0.43,41.76,32.34
423.80,0,,59.14,37.55,4,-2,60.23,24.95,14.59,123.84,37.16,,66.49,33.15,1,0,66.29,0.25,0.42,41.68,32.28
423.89,0,,59.03,37.54,4,-2,57.43,25.14,14.54,123.98,37.40,,66.47,33.11,1,0,66.10,0.27,0.38,41.66,32.34
424.04,0,,58.93,37.54,4,-2,57.25,24.97,14.39,123.66,37.38,,66.45,33.06,1,0,66.37,0.32,0.48,41.81,32.29
424.10,0,,58.83,37.54,4,-2,57.33,24.28,14.20,122.78,36.88,,66.42,33.02,1,0,65.40,0.37,0.57,41.95,32.25
424.19,0,,58.73,37.53,4,-2,56.57,23.93,13.82,122.05,36.91,,66.40,32.98,1,0,66.02,0.36,0.53,41.90,32.28
424.28,0,,58.63,37.52,4,-2,57.62,23.71,13.61,121.62,36.90,,66.37,32.94,1,0,65.34,0.32,0.59,41.92,32.18
424.40,0,,58.53,37.51,4,-2,57.24,23.41,13.64,121.35,36.57,,66.34,32.89,1,0,65.85,0.24,0.67,41.92,32.02
424.52,0,,58.44,37.49,4,-2,58.38,23.31,13.37,120.98,36.74,,66.32,32.85,1,0,66.06,0.18,0.62,41.81,32.01
424.58,0,,58.35,37.47,4,-2,57.35,23.33,13.18,120.81,36.95,,66.29,32.81,1,0,65.67,0.08,0.62,41.71,31.91
424.70,0,,58.35,37.47,4,-2,57.35,23.33,13.18,120.81,36.95,,66.26,32.76,1,0,65.52,-0.08,0.66,41.59,31.71
424.79,0,,58.18,37.42,4,-2,57.78,23.15,13.43,120.88,36.52,,66.23,32.72,1,0,66.39,-0.04,0.66,41.63,31.75
424.88,0,,58.09,37.40,4,-2,55.11,23.22,13.32,120.84,36.70,,66.21,32.67,1,0,65.64,0.21,0.67,41.89,31.99
425.03,0,,58.01,37.37,4,-2,57.55,23.19,13.63,121.12,36.36,,66.18,32.63,1,0,65.93,0.27,0.73,42.01,31.99
425.09,0,,57.92,37.34,4,-2,59.10,23.21,13.62,121.13,36.39,,66.16,32.58,1,0,65.63,0.21,0.75,41.97,31.91
425.18,0,,57.86,37.31,4,-2,58.35,23.36,13.44,121.10,36.72,,66.13,32.54,1,0,65.56,0.20,0.83,42.04,31.82
425.30,0,,57.79,37.27,4,-2,56.05,23.48,13.62,121.40,36.66,,66.11,32.50,1,0,65.87,0.13,0.89,42.03,31.69
425.39,0,,57.73,37.24,4,-2,56.85,23.34,13.70,121.34,36.44,,66.08,32.45,1,0,65.84,0.13,0.85,41.99,31.73
425.54,0,,57.67,37.21,4,-2,56.88,23.05,13.46,120.81,36.39,,66.06,32.41,1,0,65.58,0.08,0.89,41.98,31.64
425.60,0,,57.61,37.17,4,-2,55.83,22.78,13.45,120.53,36.13,,66.04,32.36,1,0,65.23,-0.08,0.94,41.87,31.43
425.69,0,,57.55,37.13,4,-2,56.44,22.57,13.42,120.29,35.95,,66.01,32.32,1,0,65.17,0.01,0.94,41.96,31.52
425.78,0,,57.49,37.09,4,-2,57.34,22.43,13.17,119.90,36.06,,65.98,32.28,1,0,65.59,0.20,1.00,42.21,31.65
425.90,0,,57.43,37.05,4,-2,56.82,22.58,13.25,120.13,36.13,,65.95,32.23,1,0,65.44,0.28,1.08,42.37,31.65
426.02,0,,57.37,37.00,4,-2,56.43,22.91,13.44,120.65,36.27,,65.93,32.19,1,0,65.63,0.29,1.13,42.43,31.61
426.08,0,,57.32,36.96,4,-2,57.09,22.81,13.39,120.50,36.22,,65.90,32.15,1,0,65.06,0.22,1.18,42.41,31.49
426.20,0,,57.32,36.96,4,-2,57.09,22.81,13.39,120.50,36.22,,65.87,32.11,1,0,65.41,0.16,1.22,42.39,31.39
426.29,0,,57.21,36.87,4,-2,56.01,22.71,13.42,120.43,36.09,,65.84,32.07,1,0,65.24,0.10,1.24,42.35,31.31
426.38,0,,57.15,36.83,4,-2,58.80,22.59,13.35,120.24,36.04,,65.82,32.03,1,0,65.74,0.03,1.23,42.27,31.25
426.53,0,,57.11,36.79,4,-2,56.95,22.59,13.41,120.30,35.98,,65.79,31.99,1,0,65.54,0.04,1.23,42.28,31.26
426.59,0,,57.07,36.74,4,-2,55.30,23.02,13.48,120.80,36.34,,65.76,31.95,2,-1,65.22,0.12,1.31,42.44,31.26
426.68,0,,57.02,36.70,4,-2,56.95,23.22,13.72,121.24,36.30,,65.74,31.90,2,-1,65.03,0.28,1.39,42.68,31.34
426.80,0,,56.98,36.66,4,-2,54.37,23.14,13.92,121.36,36.02,,65.71,31.87,2,-1,65.28,0.34,1.43,42.78,31.36
426.89,0,,56.93,36.62,4,-2,54.96,23.09,13.83,121.22,36.06,,65.69,31.83,2,-1,65.59,0.35,1.43,42.79,31.37
427.04,0,,56.87,36.58,4,-2,55.46,23.17,13.78,121.25,36.19,,65.66,31.79,2,-1,64.96,0.41,1.49,42.91,31.37
427.10,0,,56.81,36.55,4,-2,55.57,23.28,13.83,121.41,36.25,,65.63,31.75,2,-1,64.78,0.31,1.54,42.86,31.22
427.19,0,,56.75,36.51,4,-2,55.70,23.48,13.95,121.73,36.33,,65.61,31.72,2,-1,65.14,0.14,1.49,42.64,31.10
427.28,0,,56.69,36.48,4,-2,55.51,23.82,14.09,122.21,36.53,,65.58,31.68,2,-1,64.92,-0.01,1.47,42.47,30.97
427.40,0,,56.62,36.45,4,-2,54.85,23.71,14.18,122.19,36.33,,65.55,31.65,2,-1,65.53,-0.05,1.49,42.45,30.91
427.52,0,,56.56,36.42,4,-2,54.54,23.48,14.11,121.89,36.17,,65.52,31.61,2,-1,65.48,0.07,1.49,42.57,31.03
427.58,0,,56.49,36.40,4,-2,54.35,23.44,14.03,121.77,36.21,,65.50,31.57,2,-1,65.02,0.02,1.50,42.53,30.97
427.70,0,,56.49,36.40,4,-2,54.35,23.44,14.03,121.77,36.21,,65.48,31.54,2,-1,65.01,-0.11,1.47,42.37,30.87
427.79,0,,56.35,36.35,4,-2,57.22,23.48,14.02,121.80,36.26,,65.45,31.50,2,-1,64.74,-0.10,1.49,42.40,30.86
427.88,0,,56.29,36.33,4,-2,55.00,23.67,14.11,122.08,36.36,,65.43,31.47,2,-1,64.84,-0.19,1.50,42.32,30.76
428.03,0,,56.23,36.31,4,-2,55.95,23.56,14.01,121.87,36.35,,65.40,31.43,2,-1,64.99,-0.32,1.50,42.19,30.63
428.12,0,,56.18,36.30,4,-2,56.93,23.73,14.07,122.10,36.46,,65.37,31.39,2,-1,65.20,-0.42,1.55,42.14,30.48
428.18,0,,56.13,36.28,4,-2,54.56,23.90,14.28,122.48,36.42,,65.35,31.35,2,-1,65.08,-0.36,1.57,42.22,30.52
428.30,0,,56.09,36.27,4,-2,57.96,24.09,14.37,122.76,36.52,,65.33,31.32,2,-1,64.87,-0.17,1.62,42.46,30.66
428.39,0,,56.06,36.26,4,-2,58.29,25.44,15.19,124.93,37.05,,65.30,31.28,2,-1,64.35,-0.23,1.70,42.48,30.52
428.54,0,,56.05,36.26,4,-2,59.45,28.05,16.55,128.90,38.30,,65.28,31.24,2,-1,64.44,-0.35,1.74,42.40,30.36
428.60,0,,56.05,36.28,4,-2,61.31,30.93,17.36,132.59,40.37,,65.25,31.20,2,-1,64.90,-0.31,1.77,42.47,30.37
428.69,0,,56.10,36.31,4,-2,65.73,31.98,16.36,132.64,42.42,,65.22,31.15,2,-1,64.62,-0.41,1.77,42.37,30.27
428.78,0,,56.18,36.37,4,-2,66.63,29.80,13.80,127.90,42.80,,65.19,31.11,2,-1,65.10,-0.52,1.77,42.26,30.16
428.90,0,,56.32,36.46,4,-2,66.90,24.36,10.63,119.29,40.53,,65.17,31.07,2,-1,64.56,-0.54,1.81,42.28,30.10
429.02,0,,56.51,36.57,4,-2,67.49,18.45,6.92,109.67,38.33,,65.14,31.03,2,-1,64.45,-0.42,1.85,42.44,30.18
429.08,0,,56.74,36.68,4,-2,68.38,14.75,4.07,103.12,37.48,,65.11,30.98,2,-1,64.70,-0.30,1.89,42.60,30.26
429.20,0,,56.74,36.68,4,-2,68.38,14.75,4.07,103.12,37.48,,65.08,30.94,2,-1,64.23,-0.40,1.91,42.52,30.14
429.29,0,,57.37,36.83,4,-2,90.84,-1.68,-2.36,80.26,27.48,,65.06,30.89,2,-1,64.84,-0.40,1.97,42.58,30.08
429.38,0,,57.79,36.84,4,-2,53.95,-7.45,-5.39,71.46,24.74,,65.03,30.85,2,-1,65.26,-0.36,2.01,42.66,30.08
429.53,0,,58.20,36.78,4,-2,53.95,-8.70,-6.35,69.25,24.45,,65.00,30.80,2,-1,64.49,-0.55,1.98,42.44,29.92
429.59,0,,58.55,36.65,4,-2,53.95,-9.53,-7.29,67.48,24.56,,64.98,30.76,2,-1,64.61,-0.68,2.02,42.35,29.75
429.68,0,,58.86,36.47,4,-2,76.25,-8.73,-7.54,68.03,25.61,,64.96,30.71,2,-1,64.62,-0.64,2.09,42.46,29.72
429.80,0,,59.19,36.24,4,-2,64.78,-7.20,-6.79,70.31,26.39,,64.93,30.67,2,-1,64.07,-0.47,2.12,42.66,29.86
429.89,0,,59.54,35.98,4,-2,64.78,-10.12,-7.90,66.28,24.58,,64.91,30.62,2,-1,64.08,-0.40,2.18,42.79,29.87
430.04,0,,59.88,35.68,4,-2,64.78,-13.80,-10.42,60.08,23.42,,64.88,30.57,2,-1,64.53,-0.41,2.18,42.78,29.86
430.10,0,,60.21,35.34,4,-2,64.78,-14.90,-12.02,57.38,23.92,,64.85,30.53,2,-1,64.74,-0.38,2.21,42.84,29.86
430.19,0,,60.54,34.97,4,-2,64.78,-15.28,-12.67,56.35,24.19,,64.83,30.48,2,-1,64.76,-0.44,2.28,42.85,29.73
430.28,0,,60.86,34.57,4,-2,64.78,-16.70,-13.98,53.62,24.08,,64.81,30.44,2,-1,64.18,-0.49,2.30,42.82,29.66
430.40,0,,61.16,34.16,4,-2,64.78,-17.94,-16.06,50.30,24.92,,64.78,30.39,2,-1,64.30,-0.55,2.33,42.79,29.57
430.52,0,,61.46,33.73,4,-2,64.78,-18.55,-17.99,47.76,26.24,,64.76,30.35,2,-1,64.20,-0.70,2.33,42.64,29.42
430.58,0,,61.74,33.31,4,-2,64.78,-19.64,-19.00,45.66,26.16,,64.73,30.30,2,-1,64.55,-0.66,2.30,42.65,29.49
430.70,0,,61.74,33.31,4,-2,64.78,-19.64,-19.00,45.66,26.16,,64.71,30.26,2,-1,64.16,-0.64,2.33,42.70,29.48
430.79,0,,62.28,32.46,4,-2,70.03,-17.28,-15.24,51.78,24.76,,64.68,30.21,2,-1,63.99,-0.78,2.35,42.58,29.32
430.88,0,,62.55,32.03,3,-1,68.81,-7.72,-8.08,68.50,27.16,,64.66,30.17,2,-1,64.38,-0.81,2.31,42.51,29.33
431.03,0,,62.83,31.62,3,-1,66.30,-5.33,-4.30,74.67,25.77,,64.63,30.12,2,-1,63.86,-0.96,2.33,42.38,29.16
431.09,0,,63.10,31.22,3,-1,60.65,-5.56,-3.63,75.11,24.87,,64.61,30.07,2,-1,65.01,-1.14,2.36,42.23,28.95
431.18,0,,63.34,30.82,3,-1,68.56,-7.73,-5.59,70.98,24.66,,64.59,30.03,2,-1,63.65,-1.12,2.34,42.23,28.99
431.30,0,,63.54,30.44,3,-1,41.18,-8.52,-9.16,66.62,27.44,,64.56,29.98,2,-1,64.54,-1.16,2.38,42.23,28.91
431.39,0,,63.63,30.09,3,-1,44.02,13.81,-2.70,95.41,43.31,,64.54,29.93,2,-1,64.03,-1.10,2.41,42.32,28.94
431.54,0,,63.61,29.82,3,0,56.54,6.46,1.42,92.18,31.84,,64.52,29.88,2,-1,64.61,-1.03,2.37,42.35,29.05
431.60,0,,63.54,29.60,3,1,63.11,-13.71,-10.73,59.86,23.82,,64.50,29.83,2,-1,64.26,-1.18,2.39,42.22,28.88
431.69,0,,63.47,29.38,3,1,62.30,-11.77,-12.81,59.72,27.84,,64.48,29.77,2,-1,64.09,-1.25,2.47,42.23,28.73
431.78,0,,63.40,29.17,3,1,64.10,-10.59,-11.28,62.43,27.49,,64.46,29.72,2,-1,63.92,-1.28,2.50,42.23,28.67
431.90,0,,63.34,28.97,3,1,65.74,-11.15,-11.70,61.45,27.35,,64.44,29.67,2,-1,64.12,-1.37,2.50,42.14,28.58
432.02,0,,63.30,28.78,3,1,66.78,-9.33,-10.16,64.81,27.63,,64.42,29.62,2,-1,64.02,-1.41,2.54,42.14,28.50
432.08,0,,63.28,28.61,3,1,66.36,-10.01,-9.76,64.53,26.55,,64.40,29.56,2,-1,64.29,-1.39,2.56,42.18,28.50
432.20,0,,63.28,28.61,3,1,66.36,-10.01,-9.76,64.53,26.55,,64.38,29.51,2,-1,63.96,-1.29,2.61,42.33,28.55
432.29,0,,63.30,28.32,0,2,63.72,1.35,-6.23,79.42,34.38,,64.36,29.45,2,-1,64.35,-1.27,2.67,42.41,28.51
432.38,0,,63.31,28.23,0,2,64.96,5.17,-3.66,85.81,35.63,,64.34,29.40,2,-1,64.24,-1.26,2.70,42.45,28.49
432.53,0,,63.34,28.20,0,2,64.72,3.43,-4.66,83.07,34.89,,64.33,29.35,2,-1,63.73,-1.28,2.71,42.44,28.46
432.59,0,,63.37,28.20,0,2,65.27,-1.33,-6.48,76.49,31.95,,64.31,29.29,2,-1,63.93,-1.38,2.74,42.37,28.33
432.68,0,,63.37,28.22,0,2,43.04,-12.72,-11.84,59.74,25.92,,64.29,29.24,2,-1,63.68,-1.39,2.75,42.37,28.31
432.80,0,,63.29,28.23,0,2,46.97,-23.56,-18.80,41.94,22.04,,64.27,29.19,2,-1,63.34,-1.51,2.77,42.27,28.17
432.89,0,,63.15,28.21,0,2,68.40,-22.67,-19.26,42.37,23.39,,64.25,29.13,2,-1,64.63,-1.47,2.82,42.36,28.16
433.04,0,,63.02,28.16,0,2,65.84,-18.79,-16.89,48.62,24.90,,64.23,29.08,2,-1,64.36,-1.19,2.82,42.64,28.44
433.10,0,,62.93,28.10,0,2,64.43,-21.82,-18.84,43.64,23.82,,64.21,29.03,2,-1,64.03,-1.29,2.84,42.56,28.32
433.19,0,,62.84,28.02,0,2,58.49,-16.32,-16.79,51.19,27.27,,64.20,28.98,2,-1,63.94,-1.43,2.87,42.45,28.15
433.28,0,,62.75,27.95,0,2,55.51,-1.41,-10.15,72.74,35.54,,64.18,28.93,2,-1,63.98,-1.30,2.82,42.53,28.33
433.40,0,,62.62,27.93,0,2,56.16,1.57,-8.93,76.94,37.30,,64.17,28.88,2,-1,63.69,-1.44,2.85,42.42,28.16
433.52,0,,62.48,27.96,0,2,58.28,-1.52,-9.76,73.02,35.04,,64.15,28.83,2,-1,63.30,-1.63,2.88,42.26,27.94
433.58,0,,62.32,28.02,0,2,60.00,-4.29,-10.83,69.18,33.34,,64.13,28.78,2,-1,63.66,-1.66,2.82,42.17,27.97
433.70,0,,62.32,28.02,0,2,60.00,-4.29,-10.83,69.18,33.34,,64.11,28.73,2,-1,64.11,-1.60,2.81,42.22,28.04
433.79,0,,62.01,28.22,0,2,58.00,-7.72,-12.42,64.16,31.50,,64.09,28.69,2,-1,63.48,-1.47,2.91,42.45,28.07
433.88,0,,62.01,28.22,0,2,58.00,-7.72,-12.42,64.16,31.50,,64.07,28.64,2,-1,63.60,-1.49,2.98,42.50,27.98
434.03,0,,61.68,28.45,0,2,58.28,-7.92,-12.46,63.92,31.34,,64.05,28.60,2,-1,63.80,-1.57,2.99,42.43,27.89
434.09,0,,61.51,28.58,0,2,57.93,-8.47,-12.64,63.19,30.97,,64.03,28.55,2,-1,63.81,-1.56,2.99,42.44,27.90
434.18,0,,61.33,28.70,0,2,56.11,-8.93,-12.85,62.52,30.72,,64.02,28.51,2,-1,64.45,-1.57,2.98,42.42,27.90
434.30,0,,61.15,28.83,0,2,56.36,-9.22,-12.96,62.12,30.54,,64.00,28.47,2,-1,63.76,-1.65,3.01,42.37,27.79
434.39,0,,60.95,28.95,0,2,56.32,-8.89,-12.83,62.58,30.74,,63.99,28.43,2,-1,63.78,-1.79,3.05,42.27,27.61
434.54,0,,60.76,29.07,0,2,57.11,-8.84,-12.76,62.70,30.72,,63.97,28.38,2,-1,63.87,-1.74,3.08,42.35,27.63
434.60,0,,60.55,29.19,0,2,56.10,-9.16,-12.92,62.22,30.56,,63.96,28.34,2,-1,63.92,-1.56,3.12,42.57,27.77
434.69,0,,60.35,29.30,0,2,55.26,-9.15,-12.93,62.22,30.58,,63.95,28.30,2,-1,64.13,-1.41,3.15,42.75,27.89
434.78,0,,60.13,29.41,0,2,55.59,-8.97,-12.84,62.49,30.67,,63.94,28.26,2,-1,63.71,-1.41,3.20,42.80,27.84
434.90,0,,59.92,29.51,0,2,55.28,-8.61,-12.67,63.02,30.86,,63.93,28.22,2,-1,64.51,-1.49,3.28,42.80,27.68
435.02,0,,59.70,29.61,0,2,56.80,-8.12,-12.47,63.71,31.15,,63.92,28.19,2,-1,63.74,-1.47,3.31,42.85,27.67
435.08,0,,59.48,29.71,0,2,54.17,-7.57,-12.22,64.51,31.45,,63.92,28.15,2,-1,63.66,-1.51,3.31,42.81,27.63
435.20,0,,59.48,29.71,0,2,54.17,-7.57,-12.22,64.51,31.45,,63.91,28.12,2,-1,63.71,-1.59,3.31,42.73,27.55
435.29,0,,59.01,29.91,0,2,51.35,-5.59,-11.17,67.54,32.38,,63.90,28.08,2,-1,63.87,-1.70,3.32,42.63,27.43
435.38,0,,58.75,30.02,0,2,52.60,-4.77,-10.84,68.69,32.87,,63.90,28.05,2,-1,63.65,-1.71,3.33,42.63,27.41
435.53,0,,58.48,30.13,0,2,51.17,-3.55,-10.48,70.27,33.73,,63.89,28.01,2,-1,63.80,-1.52,3.32,42.81,27.61
435.59,0,,58.20,30.25,0,2,50.04,-2.08,-9.98,72.24,34.70,,63.88,27.98,2,-1,63.42,-1.52,3.36,42.85,27.57
435.68,0,,57.90,30.38,0,2,49.43,-0.89,-9.55,73.86,35.46,,63.87,27.94,2,-1,63.79,-1.58,3.41,42.84,27.46
435.80,0,,57.58,30.53,0,2,51.94,0.36,-8.99,75.67,36.15,,63.86,27.91,2,-1,63.86,-1.53,3.40,42.88,27.52
435.89,0,,57.26,30.70,0,2,49.44,1.29,-8.51,77.08,36.60,,63.86,27.88,2,-1,63.91,-1.62,3.43,42.82,27.40
436.04,0,,56.93,30.88,0,2,48.70,1.48,-8.35,77.43,36.63,,63.85,27.85,2,-1,63.67,-1.70,3.41,42.72,27.34
436.10,0,,56.59,31.08,0,2,48.35,1.70,-8.10,77.90,36.60,,63.84,27.82,2,-1,64.10,-1.75,3.36,42.62,27.34
436.19,0,,56.23,31.28,0,2,48.84,2.18,-7.94,78.54,36.92,,63.84,27.79,2,-1,63.74,-1.84,3.37,42.54,27.24
436.28,0,,55.88,31.50,0,2,50.44,2.61,-7.84,79.07,37.25,,63.83,27.76,2,-1,63.45,-1.79,3.41,42.63,27.25
436.40,0,,55.52,31.73,0,2,48.72,3.07,-7.48,79.89,37.35,,63.83,27.73,2,-1,63.85,-1.61,3.47,42.87,27.37
436.52,0,,55.16,31.97,3,1,48.67,3.34,-7.23,80.41,37.37,,63.82,27.70,2,-1,63.69,-1.56,3.53,42.98,27.36
436.58,0,,54.81,32.22,3,1,50.86,3.39,-7.18,80.51,37.37,,63.82,27.67,2,-1,63.43,-1.58,3.55,42.98,27.32
436.70,0,,54.81,32.22,3,1,50.86,3.39,-7.18,80.51,37.37,,63.81,27.65,2,-1,63.60,-1.54,3.52,42.99,27.39
436.79,0,,54.13,32.72,3,1,47.62,3.59,-7.20,80.69,37.59,,63.80,27.62,2,-1,64.11,-1.60,3.51,42.92,27.34
436.88,0,,53.79,32.97,3,1,46.46,3.65,-6.98,80.97,37.43,,63.79,27.60,2,-1,63.74,-1.69,3.55,42.87,27.21
437.03,0,,53.45,33.23,3,1,47.10,4.05,-6.76,81.59,37.61,,63.79,27.57,2,-1,64.22,-1.72,3.54,42.83,27.19
437.09,0,,53.10,33.48,3,0,47.23,4.34,-6.78,81.86,37.92,,63.79,27.55,2,-1,63.76,-1.82,3.51,42.70,27.12
437.18,0,,52.76,33.73,3,0,47.68,4.43,-6.90,81.83,38.13,,63.79,27.52,2,-1,63.29,-1.83,3.54,42.72,27.08
437.30,0,,52.43,33.98,3,-1,49.23,4.76,-7.03,82.03,38.59,,63.78,27.50,2,-1,63.62,-1.71,3.61,42.91,27.13
437.39,0,,52.10,34.23,3,-1,45.48,4.89,-7.09,82.10,38.78,,63.78,27.48,2,-1,63.76,-1.62,3.62,43.01,27.21
437.54,0,,51.78,34.48,3,-1,49.32,4.91,-7.04,82.17,38.75,,63.77,27.45,2,-1,63.42,-1.63,3.61,42.99,27.21
437.60,0,,51.47,34.74,3,-1,47.99,5.26,-6.96,82.60,39.02,,63.77,27.43,2,-1,63.90,-1.62,3.58,42.97,27.25
437.69,0,,51.18,34.98,3,-1,45.91,5.42,-6.90,82.82,39.12,,63.76,27.41,2,-1,63.75,-1.67,3.61,42.95,27.17
437.78,0,,50.88,35.23,4,-2,43.09,5.36,-6.85,82.81,39.01,,63.76,27.39,2,-1,63.50,-1.77,3.65,42.89,27.03
437.90,0,,50.57,35.47,4,-2,41.19,5.53,-6.81,83.02,39.14,,63.75,27.37,2,-1,63.19,-1.86,3.57,42.72,27.02
438.03,0,,50.24,35.71,4,-2,42.56,5.62,-6.80,83.12,39.22,,63.74,27.35,2,-1,63.80,-2.01,3.55,42.55,26.89
438.08,0,,49.91,35.95,4,-2,44.57,5.51,-6.67,83.14,38.98,,63.73,27.33,2,-1,63.11,-1.98,3.61,42.64,26.86
438.20,0,,49.91,35.95,4,-2,44.57,5.51,-6.67,83.14,38.98,,63.73,27.31,2,-1,63.54,-1.81,3.57,42.77,27.07
438.29,0,,49.24,36.39,4,-2,43.73,6.56,-6.28,84.58,39.64,,63.72,27.29,2,-1,63.89,-1.76,3.54,42.79,27.15
438.38,0,,48.91,36.61,4,-2,45.13,6.78,-6.38,84.70,39.96,,63.71,27.27,2,-1,63.50,-1.80,3.54,42.75,27.11
438.53,0,,48.60,36.82,4,-2,43.39,6.76,-6.29,84.77,39.85,,63.70,27.25,2,-1,63.55,-1.84,3.52,42.69,27.09
438.59,0,,48.28,37.03,4,-2,43.74,6.81,-6.40,84.71,40.01,,63.69,27.23,2,-1,63.43,-1.96,3.42,42.47,27.07
438.68,0,,47.98,37.23,4,-2,43.43,6.69,-6.62,84.37,40.11,,63.68,27.22,2,-1,63.82,-1.89,3.34,42.46,27.22
438.80,0,,47.68,37.43,4,-2,44.25,6.91,-6.50,84.71,40.21,,63.68,27.20,2,-1,63.69,-1.67,3.37,42.71,27.41
438.89,0,,47.39,37.63,4,-2,47.04,7.27,-6.48,85.09,40.55,,63.67,27.19,2,-1,64.58,-1.55,3.34,42.80,27.56
439.04,0,,47.13,37.82,4,-2,45.80,7.17,-6.68,84.79,40.65,,63.67,27.18,2,-1,63.60,-1.28,3.24,42.97,27.93
439.10,0,,46.89,38.00,4,-2,46.79,6.83,-6.85,84.28,40.48,,63.67,27.18,2,-1,63.82,-1.10,3.24,43.15,28.11
439.19,0,,46.67,38.19,4,-2,42.95,6.48,-7.04,83.74,40.32,,63.67,27.18,2,-1,64.07,-1.27,3.34,43.08,27.84
439.28,0,,46.45,38.36,4,-2,44.05,6.28,-7.07,83.51,40.15,,63.67,27.19,2,-1,63.95,-1.29,3.37,43.09,27.79
439.40,0,,46.25,38.53,4,-2,42.48,6.45,-6.90,83.85,40.15,,63.67,27.20,2,-1,64.04,-1.24,3.32,43.09,27.89
439.52,0,,46.04,38.69,4,-2,40.23,7.16,-6.70,84.76,40.66,,63.68,27.21,2,-1,63.86,-1.36,3.31,42.96,27.78
439.58,0,,45.82,38.84,4,-2,43.86,7.76,-6.53,85.53,41.09,,63.69,27.22,2,-1,63.52,-1.44,3.29,42.86,27.72
439.70,0,,45.82,38.84,4,-2,43.86,7.76,-6.53,85.53,41.09,,63.69,27.24,2,-1,64.31,-1.36,3.25,42.90,27.84
439.79,0,,45.42,39.14,4,-2,42.55,7.98,-6.49,85.79,41.27,,63.70,27.26,2,-1,64.17,-1.11,3.15,43.05,28.19
439.88,0,,45.22,39.28,4,-2,38.36,8.01,-6.37,85.94,41.18,,63.71,27.28,2,-1,64.00,-1.08,3.09,43.02,28.28
440.03,0,,45.01,39.42,4,-2,40.23,7.94,-6.50,85.74,41.24,,63.72,27.30,2,-1,64.26,-1.27,3.11,42.85,28.07
440.09,0,,44.80,39.56,4,-2,43.18,8.26,-6.53,86.03,41.59,,63.73,27.33,2,-1,64.56,-1.23,3.03,42.81,28.19
440.18,0,,44.59,39.70,4,-2,37.12,9.04,-6.14,87.20,41.98,,63.75,27.36,2,-1,63.39,-1.37,3.02,42.66,28.06
440.30,0,,44.36,39.83,4,-2,35.13,9.92,-5.65,88.57,42.37,,63.76,27.38,2,-1,63.41,-1.81,3.22,42.42,27.42
440.39,0,,44.11,39.96,4,-2,35.91,10.30,-5.58,89.02,42.68,,63.77,27.41,2,-1,63.52,-2.01,3.33,42.33,27.11
440.54,0,,43.84,40.10,4,-2,39.91,10.16,-5.69,88.77,42.65,,63.77,27.43,2,-1,63.50,-1.96,3.31,42.36,27.18
440.60,0,,43.57,40.23,4,-2,40.66,9.97,-5.59,88.68,42.36,,63.78,27.45,2,-1,63.68,-1.88,3.35,42.48,27.22
440.69,0,,43.31,40.37,4,-2,44.11,10.27,-5.38,89.19,42.45,,63.78,27.47,2,-1,63.65,-1.90,3.37,42.48,27.18
440.78,0,,43.07,40.50,4,-2,36.00,10.61,-5.26,89.65,42.67,,63.78,27.48,2,-1,62.98,-2.04,3.32,42.29,27.09
440.90,0,,42.84,40.63,4,-2,43.16,10.47,-5.33,89.44,42.60,,63.78,27.49,2,-1,63.28,-2.11,3.27,42.17,27.07
441.02,0,,42.62,40.76,4,-2,43.35,10.17,-5.47,89.00,42.44,,63.78,27.49,2,-1,63.90,-2.11,3.24,42.14,27.10
441.08,0,,42.42,40.88,4,-2,37.19,9.87,-5.59,88.58,42.26,,63.77,27.49,2,-1,63.80,-1.97,3.16,42.20,27.32
441.20,0,,42.42,40.88,4,-2,37.19,9.87,-5.59,88.58,42.26,,63.77,27.50,2,-1,64.38,-1.68,3.03,42.36,27.74
441.29,0,,42.06,41.12,4,-2,38.88,9.20,-5.73,87.77,41.73,,63.77,27.50,2,-1,64.10,-1.45,3.05,42.61,27.95
441.38,0,,41.89,41.22,4,-2,42.85,9.04,-5.88,87.46,41.72,,63.77,27.50,2,-1,64.35,-1.33,3.11,42.79,28.01
441.53,0,,41.73,41.32,4,-2,37.42,9.34,-6.01,87.63,42.15,,63.78,27.51,2,-1,64.29,-1.34,3.00,42.67,28.11
441.59,0,,41.58,41.41,4,-2,38.53,9.23,-5.93,87.60,41.96,,63.78,27.52,2,-1,63.37,-1.46,3.03,42.58,27.96
441.68,0,,41.43,41.50,4,-2,42.56,8.93,-5.94,87.29,41.67,,63.79,27.53,2,-1,64.24,-1.47,3.00,42.54,27.98
441.80,0,,41.29,41.57,4,-2,40.80,8.87,-6.05,87.12,41.72,,63.79,27.54,2,-1,63.93,-1.49,2.84,42.36,28.12
441.89,0,,41.17,41.64,4,-2,42.00,8.64,-6.02,86.92,41.46,,63.80,27.56,2,-1,64.22,-1.52,2.92,42.41,28.01
442.04,0,,41.06,41.70,4,-2,41.42,8.34,-6.06,86.58,41.20,,63.81,27.57,2,-1,64.43,-1.35,2.98,42.64,28.12
442.10,0,,40.97,41.76,4,-2,40.17,8.65,-6.17,86.78,41.62,,63.82,27.59,2,-1,63.83,-1.38,3.00,42.63,28.07
442.19,0,,40.88,41.80,4,-2,41.21,8.77,-6.06,87.01,41.63,,63.83,27.61,2,-1,64.20,-1.51,3.01,42.51,27.93
442.28,0,,40.81,41.84,4,-2,43.69,8.44,-5.89,86.85,41.13,,63.84,27.63,2,-1,64.12,-1.52,2.99,42.48,27.94
442.40,0,,40.76,41.87,4,-2,45.01,8.64,-6.00,86.94,41.44,,63.85,27.64,2,-1,63.70,-1.72,3.09,42.38,27.64
442.52,0,,40.72,41.90,4,-2,37.70,8.46,-6.06,86.70,41.32,,63.86,27.66,2,-1,63.63,-1.85,3.07,42.23,27.53
442.58,0,,40.69,41.92,4,-2,42.37,7.92,-5.93,86.29,40.65,,63.87,27.67,2,-1,63.99,-1.79,3.01,42.23,27.65
442.70,0,,40.69,41.92,4,-2,42.37,7.92,-5.93,86.29,40.65,,63.88,27.69,2,-1,63.98,-1.53,3.04,42.52,27.88
442.79,0,,40.67,41.93,4,-2,45.60,8.43,-6.22,86.51,41.45,,63.89,27.70,2,-1,64.12,-1.46,3.07,42.62,27.92
442.88,0,,40.69,41.94,4,-2,39.84,8.12,-6.00,86.42,40.92,,63.89,27.71,2,-1,63.87,-1.65,3.08,42.44,27.72
443.03,0,,40.70,41.93,4,-2,37.43,8.38,-6.11,86.57,41.29,,63.90,27.72,2,-1,64.30,-1.63,3.02,42.40,27.80
443.09,0,,40.70,41.92,4,-2,37.22,8.16,-5.98,86.48,40.94,,63.91,27.73,2,-1,63.49,-1.63,3.01,42.39,27.81
443.18,0,,40.69,41.91,4,-2,43.81,7.94,-5.85,86.39,40.59,,63.91,27.74,2,-1,63.85,-1.73,3.09,42.37,27.63
443.30,0,,40.68,41.89,4,-2,42.86,8.45,-6.13,86.62,41.38,,63.92,27.75,2,-1,64.09,-1.64,3.00,42.37,27.81
443.39,0,,40.70,41.87,4,-2,46.03,8.47,-5.99,86.78,41.26,,63.92,27.75,2,-1,64.24,-1.45,2.94,42.50,28.06
443.54,0,,40.73,41.85,4,-2,40.50,7.07,-6.14,85.23,40.01,,63.93,27.76,2,-1,63.93,-1.44,2.99,42.56,28.02
443.60,0,,40.78,41.82,4,-2,47.42,5.42,-7.08,82.64,39.30,,63.93,27.77,2,-1,63.92,-1.57,2.92,42.36,27.96
443.69,0,,40.85,41.78,4,-2,50.59,5.06,-7.21,82.15,39.07,,63.94,27.78,2,-1,64.34,-1.61,2.88,42.28,27.96
443.78,0,,40.98,41.72,4,-2,59.23,3.46,-7.42,80.34,37.68,,63.95,27.79,2,-1,64.18,-1.65,2.82,42.18,27.98
443.90,0,,41.19,41.65,4,-2,59.97,0.52,-9.04,75.78,36.36,,63.95,27.80,2,-1,63.83,-1.71,2.76,42.06,27.98
444.03,0,,41.51,41.56,4,-2,68.48,2.22,-8.33,78.19,37.35,,63.96,27.81,2,-1,63.94,-1.67,2.78,42.12,28.00
444.08,0,,41.94,41.45,4,-2,78.08,9.81,-2.78,91.33,39.39,,63.96,27.82,2,-1,64.54,-1.48,2.73,42.26,28.24
444.20,0,,41.94,41.45,4,-2,78.08,9.81,-2.78,91.33,39.39,,63.97,27.83,2,-1,64.37,-1.42,2.73,42.32,28.30
444.29,0,,43.25,41.21,4,-2,73.45,6.97,0.38,91.65,33.39,,63.98,27.84,2,-1,63.80,-1.52,2.77,42.26,28.16
444.38,0,,44.08,41.05,4,-2,72.00,3.04,0.48,87.82,29.36,,63.99,27.85,2,-1,64.19,-1.53,2.74,42.22,28.18
444.53,0,,44.99,40.84,4,-2,71.46,-0.84,-0.96,82.50,26.92,,64.00,27.87,2,-1,63.83,-1.61,2.71,42.11,28.13
444.59,0,,45.94,40.58,4,-2,65.46,-5.10,-4.23,74.97,25.93,,64.00,27.88,2,-1,64.16,-1.71,2.68,41.98,28.06
444.68,0,,46.93,40.26,4,-2,70.02,-3.44,-4.62,76.24,27.98,,64.01,27.89,2,-1,64.48,-1.69,2.65,41.97,28.11
444.80,0,,47.92,39.92,4,-2,57.99,12.32,-0.05,96.57,39.17,,64.02,27.91,2,-1,64.01,-1.63,2.63,42.01,28.19
444.89,0,,48.85,39.60,4,-2,37.68,30.14,6.64,121.08,50.30,,64.03,27.92,2,-1,64.75,-1.48,2.68,42.21,28.29
445.04,0,,49.64,39.36,4,-2,31.44,18.77,3.89,106.96,41.68,,64.04,27.93,2,-1,64.60,-1.40,2.66,42.27,28.39
445.10,0,,50.26,39.17,4,-2,34.80,20.11,1.83,106.24,45.08,,64.05,27.95,2,-1,64.13,-1.43,2.65,42.23,28.37
445.19,0,,50.72,39.03,4,-2,37.39,23.15,3.99,111.44,45.96,,64.06,27.97,2,-1,64.65,-1.46,2.70,42.25,28.29
445.28,0,,51.06,38.94,4,-2,45.54,19.72,2.78,106.80,43.74,,64.08,27.98,2,-1,64.49,-1.51,2.61,42.11,28.33
445.40,0,,51.30,38.90,4,-2,30.68,21.79,2.79,108.88,45.80,,64.09,28.00,2,-1,64.42,-1.54,2.52,41.99,28.39
445.52,0,,51.42,38.90,4,-2,32.46,21.58,3.66,109.54,44.72,,64.11,28.01,2,-1,64.44,-1.65,2.53,41.89,28.27
445.58,0,,51.42,38.93,4,-2,36.06,21.16,3.32,108.78,44.64,,64.12,28.03,2,-1,64.58,-1.71,2.52,41.82,28.22
445.70,0,,51.42,38.93,4,-2,36.06,21.16,3.32,108.78,44.64,,64.14,28.05,2,-1,64.21,-1.64,2.51,41.88,28.30
445.79,0,,51.12,39.08,4,-2,32.96,20.54,2.88,107.72,44.46,,64.15,28.06,2,-1,64.41,-1.44,2.49,42.06,28.52
445.88,0,,50.86,39.19,4,-2,42.31,20.12,2.60,107.02,44.32,,64.17,28.08,2,-1,64.15,-1.26,2.43,42.18,28.76
446.03,0,,50.55,39.32,4,-2,36.98,19.98,2.06,106.34,44.72,,64.18,28.10,2,-1,64.34,-1.30,2.45,42.16,28.70
446.09,0,,50.18,39.47,4,-2,27.95,19.98,2.08,106.36,44.70,,64.20,28.12,2,-1,64.06,-1.34,2.49,42.16,28.62
446.18,0,,49.76,39.63,4,-2,38.77,19.69,2.19,106.18,44.30,,64.21,28.14,2,-1,64.39,-1.37,2.47,42.11,28.61
446.30,0,,49.28,39.81,4,-2,27.72,19.51,1.70,105.51,44.61,,64.22,28.16,2,-1,64.09,-1.43,2.45,42.03,28.57
446.39,0,,48.75,39.99,4,-2,29.00,18.93,1.54,104.77,44.19,,64.23,28.18,2,-1,64.66,-1.44,2.36,41.93,28.65
446.54,0,,48.17,40.18,3,-1,37.15,18.74,1.44,104.48,44.10,,64.24,28.21,2,-1,64.34,-1.50,2.28,41.79,28.67
446.60,0,,47.59,40.37,3,-1,51.57,21.21,2.47,107.98,45.54,,64.25,28.23,2,-1,64.38,-1.63,2.30,41.68,28.52
446.69,0,,47.08,40.58,3,-1,53.58,24.99,4.90,114.19,46.89,,64.26,28.25,2,-1,64.67,-1.56,2.28,41.73,28.61
446.78,0,,46.66,40.79,4,-2,54.77,25.66,5.66,115.62,46.80,,64.27,28.27,2,-1,64.58,-1.30,2.26,41.97,28.89
446.90,0,,46.32,41.02,4,-2,53.50,23.74,4.72,112.76,45.82,,64.28,28.30,2,-1,64.53,-1.17,2.24,42.08,29.04
447.02,0,,46.06,41.25,4,-2,48.19,22.11,4.04,110.45,44.87,,64.29,28.32,2,-1,64.42,-1.14,2.21,42.08,29.10
447.08,0,,45.84,41.48,4,-2,41.50,21.63,3.54,109.47,44.89,,64.30,28.35,2,-1,64.25,-1.16,2.24,42.09,29.05
447.20,0,,45.84,41.48,4,-2,41.50,21.63,3.54,109.47,44.89,,64.31,28.37,2,-1,64.07,-1.24,2.24,42.01,28.97
447.30,0,,45.48,41.93,4,-2,54.71,21.73,3.35,109.38,45.18,,64.32,28.40,2,-1,64.55,-1.27,2.17,41.91,29.01
447.38,0,,45.38,42.15,4,-2,55.23,22.12,3.37,109.79,45.55,,64.33,28.43,2,-1,64.65,-1.28,2.10,41.83,29.07
447.53,0,,45.34,42.36,4,-2,44.00,22.48,3.61,110.39,45.67,,64.34,28.46,2,-1,64.39,-1.38,2.11,41.74,28.96
447.59,0,,45.32,42.57,3,1,53.45,22.11,3.64,110.05,45.27,,64.35,28.49,2,-1,64.51,-1.41,2.10,41.70,28.94
447.68,0,,45.33,42.78,3,1,50.65,21.91,3.50,109.71,45.21,,64.36,28.52,2,-1,64.24,-1.20,2.04,41.85,29.21
447.80,0,,45.38,42.98,3,1,49.29,21.81,3.34,109.45,45.27,,64.36,28.55,2,-1,64.48,-0.99,2.08,42.10,29.38
447.89,0,,45.44,43.17,3,1,48.31,21.47,3.19,108.96,45.08,,64.37,28.58,2,-1,64.53,-1.00,2.08,42.09,29.37
448.04,0,,45.52,43.35,3,1,46.46,21.58,3.16,109.04,45.22,,64.38,28.61,2,-1,64.60,-0.98,2.05,42.08,29.42
448.10,0,,45.59,43.52,3,1,45.31,21.95,3.26,109.51,45.49,,64.39,28.65,2,-1,64.75,-0.90,2.03,42.14,29.52
448.19,0,,45.65,43.69,3,1,44.37,22.04,3.33,109.67,45.51,,64.39,28.68,2,-1,64.45,-0.97,1.94,41.98,29.54
448.28,0,,45.70,43.85,3,1,45.05,21.76,3.41,109.47,45.15,,64.40,28.72,2,-1,65.03,-1.06,1.92,41.87,29.47
448.40,0,,45.74,44.00,3,1,45.01,21.58,3.62,109.50,44.76,,64.41,28.76,2,-1,64.87,-1.10,1.91,41.82,29.44
448.52,0,,45.77,44.13,3,1,40.57,21.53,3.71,109.54,44.62,,64.43,28.79,2,-1,64.73,-1.10,1.82,41.73,29.53
448.58,0,,45.77,44.26,3,1,39.67,21.07,3.67,109.04,44.20,,64.44,28.83,2,-1,65.01,-0.99,1.80,41.82,29.66
448.70,0,,45.77,44.26,3,1,39.67,21.07,3.67,109.04,44.20,,64.45,28.87,2,-1,64.58,-0.83,1.83,42.01,29.79
448.79,0,,45.72,44.48,3,1,49.31,21.37,3.78,109.45,44.39,,64.47,28.91,2,-1,65.32,-0.79,1.80,42.02,29.86
448.88,0,,45.71,44.56,3,1,46.01,21.18,3.69,109.17,44.29,,64.49,28.95,2,-1,64.92,-0.76,1.76,42.01,29.93
449.03,0,,45.71,44.64,3,1,47.15,21.32,3.70,109.32,44.42,,64.50,28.99,2,-1,65.15,-0.77,1.78,42.02,29.90
449.09,0,,45.71,44.71,3,1,46.66,21.59,3.70,109.59,44.69,,64.52,29.04,2,-1,64.85,-0.82,1.71,41.90,29.92
449.18,0,,45.72,44.77,3,1,43.00,21.42,3.53,109.25,44.69,,64.54,29.08,2,-1,64.95,-0.86,1.65,41.80,29.94
449.30,0,,45.72,44.83,3,1,46.96,21.44,3.45,109.19,44.79,,64.56,29.13,2,-1,64.70,-0.93,1.67,41.75,29.85
449.39,0,,45.71,44.88,3,1,41.63,21.78,3.48,109.56,45.10,,64.58,29.17,2,-1,65.19,-0.87,1.59,41.73,29.99
449.54,0,,45.70,44.92,3,1,48.29,21.87,3.62,109.79,45.05,,64.60,29.21,2,-1,65.35,-0.72,1.55,41.84,30.18
449.60,0,,45.69,44.96,0,2,43.86,21.83,3.68,109.81,44.95,,64.63,29.26,2,-1,65.18,-0.61,1.59,41.99,30.25
449.69,0,,45.67,45.00,0,2,40.09,21.64,3.48,109.42,44.96,,64.65,29.31,1,0,65.27,-0.59,1.57,41.99,30.29
449.78,0,,45.63,45.03,0,2,44.65,21.46,3.50,109.26,44.76,,64.67,29.35,1,0,65.04,-0.54,1.56,42.03,30.35
449.90,0,,45.59,45.06,0,2,46.03,21.69,3.58,109.57,44.91,,64.70,29.40,1,0,65.15,-0.45,1.54,42.10,30.46
450.02,0,,45.54,45.08,0,2,40.55,21.75,3.58,109.63,44.97,,64.72,29.45,1,0,64.76,-0.49,1.45,41.97,30.51
450.08,0,,45.48,45.10,0,2,43.05,21.70,3.72,109.72,44.78,,64.75,29.50,1,0,64.98,-0.64,1.40,41.77,30.41
450.20,0,,45.48,45.10,0,2,43.05,21.70,3.72,109.72,44.78,,64.77,29.55,1,0,65.40,-0.77,1.37,41.61,30.31
450.29,0,,45.32,45.13,0,2,43.32,22.28,3.81,110.39,45.27,,64.79,29.60,1,0,65.41,-0.63,1.34,41.72,30.48
450.38,0,,45.23,45.15,0,2,42.19,22.75,4.15,111.20,45.40,,64.81,29.65,1,0,65.33,-0.43,1.33,41.91,30.69
450.53,0,,45.12,45.16,0,2,36.57,24.10,4.86,113.26,46.04,,64.84,29.70,1,0,65.22,-0.49,1.33,41.85,30.63
450.59,0,,44.99,45.18,0,2,42.28,25.77,5.66,115.73,46.91,,64.86,29.75,1,0,65.05,-0.54,1.34,41.81,30.57
450.68,0,,44.85,45.20,0,2,44.30,26.49,6.08,116.87,47.21,,64.88,29.80,1,0,65.50,-0.47,1.31,41.85,30.67
450.80,0,,44.72,45.24,0,2,40.36,27.66,6.56,118.52,47.90,,64.91,29.85,1,0,64.99,-0.51,1.30,41.80,30.64
450.89,0,,44.58,45.28,0,2,40.11,28.55,6.97,119.82,48.38,,64.93,29.89,1,0,65.02,-0.57,1.32,41.76,30.56
451.04,0,,44.41,45.34,0,2,33.75,27.52,6.75,118.57,47.57,,64.95,29.94,1,0,64.65,-0.61,1.27,41.67,30.57
451.10,0,,44.23,45.41,0,2,45.25,27.12,6.69,118.11,47.23,,64.97,29.99,1,0,65.58,-0.59,1.28,41.70,30.58
451.19,0,,44.05,45.48,0,2,39.15,28.40,7.27,119.97,47.93,,64.98,30.03,1,0,65.74,-0.32,1.29,41.98,30.84
451.28,0,,43.89,45.55,0,2,55.07,29.87,8.18,122.35,48.49,,65.00,30.08,1,0,65.23,-0.24,1.26,42.03,30.95
451.40,0,,43.78,45.64,0,2,47.37,29.41,8.29,122.00,47.92,,65.02,30.12,1,0,65.04,-0.39,1.28,41.90,30.78
451.52,0,,43.71,45.73,0,2,41.51,27.41,7.33,119.04,46.88,,65.04,30.17,1,0,65.25,-0.32,1.22,41.91,30.91
451.58,0,,43.63,45.81,0,2,37.46,24.15,5.58,114.03,45.37,,65.06,30.21,1,0,65.75,-0.30,1.19,41.90,30.96
451.70,0,,43.63,45.81,0,2,37.46,24.15,5.58,114.03,45.37,,65.08,30.25,1,0,65.37,-0.42,1.20,41.79,30.83
451.79,0,,43.41,45.95,0,2,33.99,20.75,3.06,108.11,44.49,,65.10,30.30,1,0,65.29,-0.44,1.13,41.70,30.88
451.88,0,,43.25,45.99,0,2,33.31,21.24,3.21,108.75,44.83,,65.12,30.34,1,0,65.24,-0.39,1.13,41.75,30.93
452.03,0,,43.06,46.02,0,2,38.49,20.27,2.84,107.41,44.23,,65.13,30.38,1,0,65.48,-0.29,1.15,41.87,31.01
452.09,0,,42.86,46.04,0,2,45.26,18.05,1.94,104.29,42.91,,65.15,30.42,1,0,65.50,-0.29,1.12,41.84,31.04
452.18,0,,42.69,46.03,0,2,47.64,15.10,0.73,100.13,41.17,,65.17,30.46,1,0,65.53,-0.30,1.11,41.82,31.04
452.30,0,,42.57,46.00,3,1,52.48,8.97,-2.35,90.92,38.12,,65.18,30.50,1,0,65.42,-0.28,1.10,41.83,31.07
452.39,0,,42.50,45.92,3,1,40.40,0.11,-6.61,77.80,33.52,,65.20,30.53,1,0,65.57,-0.34,1.08,41.75,31.03
452.54,0,,42.45,45.78,3,1,48.42,-5.53,-9.14,69.63,30.41,,65.22,30.57,1,0,65.32,-0.37,1.04,41.68,31.04
452.60,0,,42.44,45.57,3,1,48.42,-9.43,-11.81,63.06,29.18,,65.24,30.61,1,0,65.30,-0.45,1.00,41.56,31.00
452.69,0,,42.45,45.28,3,0,48.42,-13.12,-14.69,56.49,28.37,,65.25,30.64,1,0,65.45,-0.50,0.97,41.48,30.98
452.78,0,,42.50,44.93,3,-1,49.41,-9.16,-13.83,61.31,31.47,,65.27,30.67,1,0,65.30,-0.35,0.99,41.65,31.11
452.90,0,,42.59,44.55,3,-1,52.48,4.87,-9.66,79.51,41.33,,65.28,30.70,1,0,65.19,-0.26,1.03,41.78,31.16
453.02,0,,42.74,44.18,3,-1,57.64,8.17,-6.72,85.75,41.69,,65.29,30.73,1,0,65.23,-0.30,1.02,41.73,31.13
453.08,0,,42.94,43.82,3,-1,58.60,2.35,-5.88,80.77,35.03,,65.30,30.76,1,0,65.37,-0.25,0.98,41.74,31.22
453.20,0,,42.94,43.82,3,-1,58.60,2.35,-5.88,80.77,35.03,,65.31,30.79,1,0,65.33,-0.28,0.98,41.71,31.19
453.29,0,,43.58,43.07,4,-2,61.68,-1.03,-5.99,77.28,31.76,,65.32,30.82,0,1,65.23,-0.43,0.99,41.57,31.03
453.38,0,,44.00,42.67,4,-2,58.74,-7.17,-8.28,68.85,27.91,,65.32,30.85,0,1,65.59,-0.44,0.95,41.52,31.06
453.53,0,,44.41,42.22,4,-2,24.98,-17.30,-16.06,50.94,25.56,,65.33,30.87,0,1,65.44,-0.47,0.91,41.45,31.07
453.59,0,,44.41,42.22,4,-2,24.98,-17.30,-16.06,50.94,25.56,,65.34,30.90,0,1,65.62,-0.54,0.92,41.39,30.99
453.68,0,,44.41,42.22,4,-2,24.98,-17.30,-16.06,50.94,25.56,,65.35,30.92,0,1,65.61,-0.36,0.95,41.60,31.14
453.80,0,,44.41,42.22,4,-2,24.98,-17.30,-16.06,50.94,25.56,,65.36,30.94,0,1,65.46,-0.22,0.94,41.73,31.29
453.89,0,,44.76,41.72,4,-2,48.85,-17.77,-15.97,50.56,25.00,,65.37,30.96,0,1,65.66,-0.27,0.94,41.68,31.24
454.04,0,,45.05,41.18,4,-2,48.88,-16.82,-15.18,52.30,25.16,,65.38,30.98,0,1,65.58,-0.22,0.93,41.72,31.30
454.10,0,,45.34,40.61,4,-2,46.50,-17.07,-15.48,51.75,25.21,,65.39,31.00,0,1,65.49,-0.16,0.93,41.78,31.36
454.19,0,,45.61,40.00,4,-2,53.94,-17.93,-16.10,50.27,24.97,,65.39,31.02,0,1,65.83,-0.28,0.97,41.70,31.20
454.28,0,,45.89,39.37,4,-2,53.68,-13.75,-14.86,55.69,27.91,,65.40,31.04,0,1,65.32,-0.36,0.96,41.61,31.13
454.40,0,,46.20,38.75,4,-2,56.12,-9.86,-12.85,61.59,29.79,,65.41,31.06,0,1,65.12,-0.39,0.97,41.59,31.09
454.52,0,,46.52,38.12,4,-2,55.66,-10.71,-11.67,61.92,27.76,,65.42,31.07,0,1,65.68,-0.40,1.02,41.63,31.03
454.58,0,,46.87,37.51,4,-2,58.02,-10.19,-11.07,63.04,27.68,,65.43,31.09,0,1,65.30,-0.23,1.02,41.80,31.20
454.70,0,,46.87,37.51,4,-2,58.02,-10.19,-11.07,63.04,27.68,,65.43,31.10,0,1,65.79,-0.13,1.05,41.93,31.27
454.79,0,,47.64,36.30,4,-2,58.44,-10.29,-9.06,64.95,25.57,,65.44,31.11,0,1,65.53,-0.15,1.03,41.89,31.27
454.88,0,,48.05,35.70,4,-2,58.72,-9.84,-9.86,64.60,26.82,,65.45,31.12,0,1,65.45,-0.09,0.99,41.91,31.37
455.03,0,,48.49,35.12,4,-2,58.48,-8.96,-10.05,65.29,27.89,,65.45,31.14,0,1,65.32,-0.17,1.05,41.89,31.23
455.09,0,,48.93,34.55,4,-2,58.34,-7.78,-9.62,66.90,28.64,,65.46,31.15,0,1,64.95,-0.31,1.08,41.78,31.06
455.18,0,,49.38,34.01,4,-2,57.00,-3.58,-10.01,70.71,33.23,,65.46,31.16,0,1,65.48,-0.28,0.97,41.70,31.20
455.30,0,,49.84,33.52,4,-2,58.87,-2.74,-11.07,70.49,35.13,,65.46,31.17,0,1,65.21,-0.36,0.95,41.60,31.14
455.39,0,,50.29,33.08,4,-2,56.72,-10.22,-10.99,63.09,27.57,,65.46,31.17,0,1,65.10,-0.43,1.04,41.62,30.98
455.54,0,,50.74,32.66,3,-1,57.64,-12.17,-10.37,61.76,25.00,,65.46,31.18,0,1,65.71,-0.22,0.99,41.78,31.24
455.60,0,,51.18,32.24,3,-1,57.97,-12.46,-12.51,59.33,26.85,,65.46,31.19,0,1,65.43,-0.09,0.96,41.88,31.40
455.69,0,,51.61,31.83,3,-1,58.55,-15.21,-13.43,55.66,25.02,,65.46,31.19,0,1,65.31,-0.17,1.05,41.89,31.23
455.78,0,,52.04,31.43,3,-1,58.41,-14.25,-12.75,57.30,25.30,,65.46,31.20,0,1,65.43,-0.20,0.99,41.80,31.26
455.90,0,,52.46,31.04,3,0,57.91,-14.68,-13.66,55.96,25.78,,65.46,31.20,0,1,65.43,-0.26,0.93,41.68,31.26
456.02,0,,52.87,30.65,3,1,58.65,-15.52,-14.12,54.66,25.40,,65.45,31.21,0,1,65.20,-0.38,0.97,41.60,31.10
456.08,0,,53.27,30.28,3,1,58.41,-14.17,-14.63,55.50,27.26,,65.45,31.21,0,1,65.32,-0.45,0.94,41.50,31.06
456.20,0,,53.27,30.28,3,1,58.41,-14.17,-14.63,55.50,27.26,,65.45,31.21,0,1,65.09,-0.52,0.94,41.43,30.99
456.29,0,,54.03,29.59,0,2,58.20,-11.48,-10.87,61.95,26.19,,65.44,31.22,0,1,65.55,-0.44,0.93,41.50,31.08
456.38,0,,54.39,29.27,0,2,57.49,-11.32,-11.16,61.82,26.64,,65.44,31.22,0,1,65.61,-0.25,0.90,41.66,31.30
456.54,0,,54.71,28.96,0,2,41.74,-16.66,-5.54,62.10,15.68,,65.44,31.22,0,1,65.28,-0.34,0.96,41.63,31.15
456.59,0,,54.94,28.61,0,2,41.74,-25.90,-11.39,47.01,12.29,,65.43,31.22,0,1,65.26,-0.48,1.01,41.54,30.96
456.68,0,,55.07,28.23,0,2,41.74,-28.89,-25.32,30.09,23.23,,65.43,31.22,0,1,65.74,-0.37,0.95,41.59,31.13
456.80,0,,55.14,27.84,0,2,64.43,-22.04,-22.83,39.43,27.59,,65.43,31.21,0,1,65.36,-0.41,0.93,41.53,31.11
456.89,0,,55.23,27.46,0,2,64.35,-7.28,9.43,86.45,10.09,,65.43,31.21,0,1,65.16,-0.59,0.96,41.38,30.90
457.04,0,,55.36,27.07,0,2,64.81,-6.60,-4.33,73.37,24.53,,65.42,31.21,1,0,65.00,-0.64,0.95,41.32,30.86
457.10,0,,55.53,26.68,0,2,63.95,-14.03,-11.83,58.44,24.60,,65.42,31.20,1,0,64.56,-0.67,0.95,41.29,30.83
457.19,0,,55.73,26.32,0,2,63.92,-10.61,-4.41,69.28,20.60,,65.41,31.19,1,0,64.72,-0.61,0.94,41.34,30.90
457.28,0,,55.96,25.97,0,2,63.73,-10.86,-9.33,64.11,25.27,,65.40,31.19,1,0,65.40,-0.42,0.94,41.53,31.09
457.40,0,,56.21,25.65,0,2,63.94,-11.33,-7.58,65.39,23.05,,65.39,31.18,1,0,65.66,-0.47,1.00,41.54,30.98
457.52,0,,56.48,25.35,0,2,63.65,-10.11,-7.19,67.00,23.88,,65.38,31.17,1,0,65.23,-0.59,0.93,41.35,30.93
457.58,0,,56.76,25.07,0,2,63.76,-11.37,-9.28,63.65,24.71,,65.37,31.16,1,0,65.73,-0.53,0.89,41.37,31.03
457.70,0,,56.76,25.07,0,2,63.76,-11.37,-9.28,63.65,24.71,,65.36,31.15,1,0,63.48,-1.60,1.55,40.96,29.30
457.80,0,,57.36,24.59,0,2,63.48,-11.99,-9.69,62.62,24.50,,65.34,31.13,1,0,63.57,-3.63,2.51,39.89,26.31
457.88,0,,57.66,24.38,0,2,65.96,-13.00,-10.36,60.94,24.16,,65.32,31.08,1,0,63.27,-4.13,2.55,39.43,25.77
458.03,0,,57.98,24.20,0,2,65.01,-14.52,-12.10,57.68,24.38,,65.29,31.01,1,0,66.31,-6.95,-1.13,32.93,26.63
458.09,0,,58.30,24.03,0,2,64.89,-16.78,-13.41,54.11,23.43,,65.27,30.92,1,0,66.79,-10.85,-5.23,24.93,26.83
458.18,0,,58.64,23.88,0,2,65.89,-19.08,-14.86,50.36,22.58,,65.25,30.82,1,0,66.21,-9.94,-4.59,26.48,27.10
458.30,0,,58.98,23.74,0,2,66.10,-20.65,-16.27,47.38,22.42,,65.25,30.71,1,0,66.33,-9.06,-2.81,29.14,26.20
458.39,0,,59.32,23.60,0,2,65.37,-21.32,-16.65,46.33,22.13,,65.25,30.58,1,0,65.84,-8.75,-3.13,29.13,26.83
458.55,0,,59.66,23.47,0,2,65.43,-21.77,-16.99,45.54,22.02,,65.25,30.44,1,0,67.69,-5.60,-2.23,33.18,29.08
458.60,0,,60.00,23.35,0,2,65.99,-22.33,-17.37,44.60,21.84,,65.27,30.31,1,0,65.85,-6.02,-2.69,32.30,29.12
458.69,0,,60.34,23.22,0,2,65.88,-23.23,-17.41,43.66,20.98,,65.29,30.19,1,0,66.30,-7.71,-3.62,29.68,28.36
458.78,0,,60.68,23.10,0,2,65.20,-23.58,-17.47,43.25,20.69,,65.31,30.07,1,0,67.70,-7.07,-3.10,30.84,28.48
458.90,0,,61.01,22.98,0,2,65.98,-23.28,-17.46,43.56,20.98,,65.35,29.95,1,0,66.56,-8.03,-2.96,30.02,27.38
459.02,0,,61.33,22.86,0,2,65.44,-22.25,-16.99,45.06,21.54,,65.38,29.82,1,0,66.23,-9.50,-3.22,28.29,26.17
459.08,0,,61.64,22.75,0,2,65.68,-21.42,-16.98,45.90,22.36,,65.43,29.70,1,0,67.21,-7.87,-2.78,30.36,27.36
459.20,0,,61.64,22.75,0,2,65.68,-21.42,-16.98,45.90,22.36,,65.47,29.57,1,0,68.26,-5.62,-2.30,33.09,29.13
459.30,0,,62.24,22.54,0,2,65.39,-21.89,-17.05,45.36,21.96,,65.52,29.45,1,0,65.29,-6.88,-2.91,31.22,28.48
459.38,0,,62.52,22.45,0,2,65.18,-21.66,-17.02,45.62,22.16,,65.58,29.33,1,0,66.09,-9.25,-3.11,28.65,26.31
459.53,0,,62.78,22.37,0,2,64.81,-22.50,-17.37,44.43,21.67,,65.63,29.22,1,0,67.43,-8.79,-3.23,28.99,26.89
459.59,0,,63.03,22.29,0,2,64.60,-24.09,-18.31,41.90,21.02,,65.68,29.10,1,0,66.61,-7.72,-3.09,30.20,27.82
459.68,0,,63.26,22.21,0,2,65.27,-23.37,-17.69,43.24,21.12,,65.73,28.98,1,0,66.61,-9.16,-2.50,29.35,25.79
459.80,0,,63.48,22.14,0,2,64.63,-20.80,-16.31,47.19,22.31,,65.78,28.86,1,0,66.47,-8.00,-2.14,30.87,26.59
459.89,0,,63.69,22.07,0,2,65.32,-20.58,-16.49,47.23,22.71,,65.83,28.75,1,0,67.32,-5.28,-1.51,34.22,28.68
460.05,0,,63.88,22.01,0,2,65.93,-20.96,-16.74,46.60,22.58,,65.89,28.64,1,0,66.75,-5.74,-1.90,33.37,28.61
460.10,0,,64.06,21.97,0,2,64.97,-19.02,-16.45,48.83,24.23,,65.94,28.54,1,0,66.33,-7.82,-2.95,30.24,27.58
460.19,0,,64.23,21.95,0,2,61.90,-11.90,-14.04,58.36,28.94,,65.99,28.44,1,0,68.03,-8.05,-2.83,30.13,27.23
460.28,0,,64.37,21.96,0,2,65.33,-13.36,-13.37,57.57,26.81,,66.05,28.35,1,0,66.76,-6.91,-2.29,31.81,27.83
460.40,0,,64.50,21.99,0,2,64.10,-24.98,-18.06,41.26,19.88,,66.10,28.27,1,0,66.43,-9.44,-2.57,29.00,25.58
460.52,0,,64.61,22.02,0,2,64.79,-22.60,-17.88,43.82,22.08,,66.15,28.18,1,0,66.70,-9.54,-2.17,29.30,25.08
460.58,0,,64.71,22.04,0,2,65.19,-17.61,-15.94,50.75,25.13,,66.20,28.08,1,0,66.91,-5.99,-1.17,33.85,27.63
460.70,0,,64.71,22.04,0,2,65.19,-17.61,-15.94,50.75,25.13,,66.25,27.99,1,0,67.17,-5.11,-1.58,34.32,28.92
460.79,0,,64.89,22.11,0,2,65.75,-20.48,-16.91,46.91,23.23,,66.30,27.91,1,0,67.80,-4.82,-2.33,33.86,29.96
460.88,0,,64.97,22.15,0,2,64.16,-20.32,-16.52,47.46,23.00,,66.35,27.86,1,0,67.12,-4.45,-1.70,34.86,29.70
461.04,0,,65.04,22.18,0,2,66.33,-21.84,-17.02,45.44,21.98,,66.40,27.81,1,0,65.77,-5.92,-0.99,34.10,27.52
461.09,0,,65.11,22.21,0,2,67.72,-20.45,-16.45,47.40,22.80,,66.44,27.77,0,1,65.68,-8.95,-1.97,30.09,25.47
461.18,0,,65.19,22.24,0,2,67.57,-22.33,-16.91,45.06,21.38,,66.48,27.73,0,1,66.45,-8.83,-1.82,30.36,25.44
461.30,0,,65.27,22.27,0,2,64.37,-22.69,-17.48,44.13,21.59,,66.51,27.67,0,1,66.73,-6.24,-0.65,34.12,26.86
461.39,0,,65.34,22.29,0,2,66.48,-22.51,-18.01,43.78,22.30,,66.54,27.62,0,1,66.92,-4.61,-1.20,35.20,29.04
461.54,0,,65.41,22.30,0,2,66.01,-23.09,-18.16,43.05,21.87,,66.56,27.58,0,1,67.26,-3.05,-1.74,36.22,31.14
461.60,0,,65.47,22.31,0,2,63.94,-24.67,-18.79,40.84,20.92,,66.59,27.57,0,1,66.70,-4.00,-0.97,36.04,29.42
461.69,0,,65.52,22.31,0,2,62.97,-26.02,-19.22,39.06,20.00,,66.62,27.56,0,1,66.36,-5.90,-0.35,34.76,26.90
461.81,0,,65.54,22.30,0,2,61.04,-25.55,-18.79,39.96,20.04,,66.64,27.55,0,1,66.40,-6.66,-0.83,33.52,26.62
461.90,0,,65.54,22.28,0,2,59.60,-25.43,-18.61,40.26,19.98,,66.66,27.54,0,1,66.82,-5.75,-0.53,34.73,27.23
462.02,0,,65.51,22.24,0,2,59.69,-25.50,-18.44,40.36,19.74,,66.67,27.53,0,1,67.14,-4.57,-0.64,35.80,28.52
462.08,0,,65.44,22.20,0,2,60.88,-25.17,-18.34,40.79,19.97,,66.69,27.52,0,1,64.15,-6.22,-0.83,33.96,27.06
462.20,0,,65.44,22.20,0,2,60.88,-25.17,-18.34,40.79,19.97,,66.69,27.51,0,1,64.30,-6.68,2.08,36.41,23.69
462.30,0,,65.26,22.09,0,2,60.16,-23.35,-18.08,42.87,21.53,,66.68,27.49,0,1,64.66,-4.43,2.83,39.41,25.19
462.38,0,,65.15,22.03,0,2,60.21,-21.44,-17.39,45.47,22.75,,66.65,27.45,0,1,64.80,-3.15,1.53,39.39,27.77
462.54,0,,65.01,21.99,0,2,59.81,-20.06,-16.69,47.55,23.43,,66.62,27.42,0,1,64.32,-2.93,2.63,40.71,26.89
462.59,0,,64.87,21.96,0,2,60.76,-20.22,-16.55,47.53,23.13,,66.58,27.38,0,1,64.74,-2.33,2.46,41.14,27.66
462.68,0,,64.71,21.93,0,2,61.57,-21.60,-16.70,46.00,21.90,,66.53,27.36,0,1,64.91,-1.88,2.37,41.50,28.20
462.80,0,,64.55,21.91,0,2,62.84,-22.82,-17.46,44.02,21.44,,66.48,27.34,0,1,64.35,-1.62,2.77,42.16,28.06
462.89,0,,64.40,21.89,0,2,64.65,-24.74,-18.83,40.73,20.89,,66.42,27.32,0,1,64.64,-1.43,2.45,42.03,28.57
463.04,0,,64.27,21.86,0,2,64.93,-27.38,-19.46,37.46,18.88,,66.36,27.32,0,1,65.22,-1.27,2.56,42.30,28.62
463.10,0,,64.27,21.86,0,2,64.93,-27.38,-19.46,37.46,18.88,,66.30,27.32,0,1,65.50,-1.07,2.42,42.36,28.96
463.19,0,,64.03,21.80,0,2,61.72,-26.09,-23.73,34.48,24.44,,66.23,27.33,0,1,64.97,-0.66,2.44,42.79,29.35
463.28,0,,63.91,21.77,0,2,61.72,-41.34,-32.40,10.56,17.86,,66.17,27.36,0,1,65.84,-0.09,2.53,43.45,29.83
463.40,0,,63.79,21.73,0,2,61.72,-45.13,-36.95,2.22,18.62,,66.11,27.39,0,1,65.50,0.08,2.38,43.47,30.15
463.52,0,,63.67,21.69,0,2,61.72,-44.98,-43.31,-3.99,25.13,,66.06,27.44,0,1,65.93,0.23,2.30,43.54,30.38
463.58,0,,63.55,21.67,0,2,61.60,-42.20,-42.18,-0.08,26.78,,66.01,27.50,0,1,65.95,0.50,2.15,43.66,30.80
463.70,0,,63.55,21.67,0,2,61.60,-42.20,-42.18,-0.08,26.78,,65.96,27.57,0,1,66.08,0.51,2.05,43.57,30.91
463.79,0,,63.30,21.54,0,2,57.17,-26.21,5.08,63.17,-4.49,,65.92,27.66,0,1,66.40,0.47,1.95,43.43,30.97
463.88,0,,63.16,21.36,0,2,59.74,-30.14,-26.94,27.22,23.60,,65.89,27.75,0,1,66.47,0.48,1.80,43.29,31.13
464.03,0,,63.00,21.15,0,2,56.38,-24.80,-7.80,51.70,9.80,,65.87,27.85,0,1,66.32,0.45,1.67,43.13,31.23
464.09,0,,62.83,20.93,0,2,55.92,-26.55,-18.08,39.67,18.33,,65.84,27.97,0,1,66.03,0.59,1.57,43.17,31.47
464.18,0,,62.63,20.70,0,2,55.26,-25.38,-19.04,39.88,20.46,,65.83,28.09,0,1,66.43,0.93,1.59,43.53,31.79
464.30,0,,62.41,20.49,0,2,56.00,-23.28,-11.57,49.45,15.09,,65.81,28.22,0,1,66.15,0.41,1.71,43.13,31.15
464.39,0,,62.18,20.28,0,2,56.09,-24.73,-19.19,40.38,21.26,,65.81,28.35,0,1,66.04,-1.15,1.70,41.56,29.60
464.54,0,,61.94,20.09,0,2,59.42,-24.28,-15.02,45.00,17.54,,65.80,28.48,0,1,66.83,-0.99,1.44,41.46,30.02
464.60,0,,61.70,19.91,0,2,60.60,-26.39,-17.82,40.09,18.23,,65.80,28.60,0,1,67.71,1.31,0.74,43.06,33.02
464.69,0,,61.49,19.74,0,2,59.12,-26.04,-17.98,40.28,18.74,,65.82,28.74,0,1,70.29,2.78,-0.39,43.40,35.62
464.78,0,,61.28,19.58,0,2,60.12,-24.11,-16.49,43.70,19.18,,65.85,28.91,0,1,70.05,3.45,-1.32,43.14,37.22
464.90,0,,61.09,19.44,0,2,59.51,-22.90,-17.10,44.30,21.00,,65.91,29.10,0,1,70.45,3.36,-1.51,42.86,37.32
465.02,0,,60.91,19.31,0,2,59.32,-22.79,-15.81,45.70,19.82,,65.99,29.32,0,1,70.64,2.84,-1.53,42.32,36.82
465.08,0,,60.73,19.21,0,2,56.92,-24.61,-17.33,42.36,19.52,,66.08,29.56,0,1,70.08,3.38,-1.55,42.84,37.38
465.20,0,,60.73,19.21,0,2,56.92,-24.61,-17.33,42.36,19.52,,66.19,29.82,0,1,70.33,3.28,-1.19,43.10,36.92
465.29,0,,60.36,19.02,0,2,53.75,-26.28,-17.65,40.37,18.17,,66.31,30.09,0,1,69.86,3.19,-1.04,43.16,36.68
465.38,0,,60.16,18.94,0,2,57.95,-24.27,-17.01,43.02,19.54,,66.44,30.38,0,1,69.59,3.62,-1.00,43.63,37.07
465.54,0,,59.96,18.87,0,2,58.23,-22.69,-15.91,45.70,20.02,,66.58,30.67,0,1,70.35,3.36,-0.90,43.47,36.71
465.60,0,,59.77,18.82,0,2,57.01,-23.11,-16.02,45.17,19.71,,66.72,30.97,0,1,69.90,3.36,-0.98,43.39,36.79
465.68,0,,59.58,18.77,0,2,54.52,-22.77,-16.33,45.20,20.36,,66.87,31.27,0,1,70.11,3.38,-1.07,43.32,36.90
465.80,0,,59.58,18.77,0,2,54.52,-22.77,-16.33,45.20,20.36,,67.02,31.57,0,1,70.11,3.37,-1.01,43.37,36.83
465.89,0,,59.18,18.72,0,2,56.60,-22.59,-15.64,46.07,19.85,,67.17,31.87,0,1,70.34,3.65,-0.87,43.79,36.97
466.04,0,,58.98,18.71,0,2,54.50,-22.93,-16.05,45.32,19.92,,67.32,32.17,0,1,69.94,3.55,-0.87,43.69,36.87
466.10,0,,58.78,18.71,0,2,54.93,-22.81,-16.19,45.30,20.18,,67.48,32.47,0,1,70.00,3.41,-0.89,43.53,36.75
466.19,0,,58.57,18.72,0,2,51.68,-22.25,-16.02,46.03,20.57,,67.63,32.76,0,1,69.72,3.43,-0.85,43.59,36.73
466.28,0,,58.35,18.73,0,2,53.56,-22.24,-15.82,46.24,20.38,,67.78,33.04,0,1,70.27,3.30,-0.82,43.49,36.57
466.40,0,,58.13,18.76,0,2,53.91,-22.37,-15.58,46.35,20.01,,67.92,33.31,0,1,69.60,3.12,-0.79,43.34,36.36
466.52,0,,57.89,18.79,0,2,49.62,-22.33,-15.47,46.50,19.94,,68.07,33.57,0,1,69.74,3.04,-0.75,43.30,36.24
466.58,0,,57.64,18.82,0,2,49.91,-22.50,-15.45,46.35,19.75,,68.20,33.82,0,1,69.55,3.08,-0.72,43.37,36.25
466.70,0,,57.64,18.82,0,2,49.91,-22.50,-15.45,46.35,19.75,,68.33,34.06,0,1,69.50,3.22,-0.67,43.56,36.34
466.79,0,,57.09,18.90,3,1,51.40,-21.73,-15.46,47.11,20.53,,68.46,34.29,0,1,69.83,3.30,-0.60,43.71,36.35
466.88,0,,56.80,18.94,3,1,49.36,-21.92,-15.25,47.13,20.13,,68.57,34.50,0,1,70.58,3.30,-0.60,43.71,36.35
467.03,0,,56.49,18.99,3,0,47.97,-21.91,-15.08,47.31,19.97,,68.69,34.70,0,1,69.34,3.13,-0.57,43.57,36.15
467.09,0,,56.18,19.04,3,-1,50.18,-22.00,-14.86,47.44,19.66,,68.80,34.89,0,1,69.19,2.91,-0.55,43.37,35.91
467.18,0,,55.86,19.08,3,-1,50.82,-21.64,-14.90,47.76,20.06,,68.90,35.07,0,1,69.48,2.79,-0.57,43.23,35.81
467.30,0,,55.54,19.13,3,-1,49.51,-21.40,-15.03,47.87,20.43,,68.99,35.23,0,1,69.47,2.69,-0.54,43.16,35.68
467.39,0,,55.22,19.18,3,-1,50.18,-21.41,-15.12,47.77,20.51,,69.08,35.38,0,1,69.29,2.71,-0.51,43.21,35.67
467.54,0,,54.91,19.23,3,-1,48.86,-21.30,-15.08,47.92,20.58,,69.16,35.51,0,1,69.55,2.82,-0.41,43.42,35.68
467.60,0,,54.59,19.29,4,-2,47.65,-21.37,-14.85,48.08,20.28,,69.23,35.63,0,1,69.30,2.84,-0.30,43.55,35.59
467.69,0,,54.27,19.34,4,-2,49.12,-20.88,-14.98,48.44,20.90,,69.29,35.74,0,1,69.42,2.81,-0.30,43.52,35.56
467.78,0,,53.95,19.40,4,-2,50.36,-20.70,-14.84,48.76,20.94,,69.35,35.83,0,1,69.09,2.70,-0.24,43.47,35.39
467.87,0,,53.95,19.40,4,-2,50.36,-20.70,-14.84,48.76,20.94,,69.40,35.91,0,1,68.98,2.55,-0.20,43.36,35.20
468.03,0,,53.33,19.52,4,-2,47.76,-21.07,-14.50,48.73,20.23,,69.45,35.98,0,1,69.91,2.45,-0.20,43.26,35.10
468.08,0,,53.03,19.58,4,-2,48.59,-21.20,-14.43,48.67,20.03,,69.49,36.04,0,1,69.25,2.39,-0.13,43.27,34.97
468.17,0,,53.03,19.58,4,-2,48.59,-21.20,-14.43,48.67,20.03,,69.52,36.08,0,1,69.28,2.40,-0.09,43.32,34.94
468.29,0,,52.45,19.69,4,-2,47.77,-20.34,-14.61,49.35,21.07,,69.55,36.12,0,1,69.42,2.54,-0.03,43.52,35.02
468.38,0,,52.16,19.74,4,-2,50.06,-20.62,-14.46,49.22,20.64,,69.58,36.14,0,1,69.28,2.52,0.08,43.61,34.89
468.47,0,,52.16,19.74,4,-2,50.06,-20.62,-14.46,49.22,20.64,,69.60,36.16,0,1,68.89,2.38,0.12,43.51,34.71
468.59,0,,51.64,19.85,4,-2,47.36,-20.74,-14.36,49.20,20.42,,69.62,36.16,0,1,68.92,2.33,0.12,43.46,34.66
468.68,0,,51.38,19.90,4,-2,47.86,-20.41,-14.41,49.48,20.80,,69.63,36.15,0,1,68.91,2.22,0.14,43.37,34.53
468.77,0,,51.38,19.90,4,-2,47.86,-20.41,-14.41,49.48,20.80,,69.63,36.14,0,2,68.78,2.04,0.20,43.25,34.29
468.89,0,,50.88,20.01,4,-2,47.01,-20.37,-14.28,49.65,20.71,,69.63,36.12,0,2,68.87,1.89,0.27,43.17,34.07
469.05,0,,50.63,20.06,4,-2,47.89,-20.45,-14.08,49.77,20.43,,69.63,36.08,0,2,68.73,1.86,0.30,43.17,34.01
469.07,0,,50.63,20.06,4,-2,47.89,-20.45,-14.08,49.77,20.43,,69.62,36.04,0,2,69.05,2.00,0.35,43.36,34.10
469.19,0,,50.18,20.16,4,-2,48.61,-20.01,-14.41,49.88,21.20,,69.60,35.99,0,2,68.78,2.03,0.46,43.50,34.02
469.28,0,,49.99,20.20,4,-2,50.35,-19.86,-14.48,49.96,21.42,,69.59,35.94,0,2,68.35,1.94,0.54,43.49,33.85
469.37,0,,49.99,20.20,4,-2,50.35,-19.86,-14.48,49.96,21.42,,69.57,35.88,0,2,68.87,1.88,0.57,43.46,33.76
469.52,0,,49.64,20.30,4,-2,49.43,-20.04,-14.36,49.90,21.12,,69.54,35.81,0,2,68.69,1.79,0.56,43.36,33.68
469.58,0,,49.47,20.35,4,-2,46.45,-20.15,-14.26,49.89,20.91,,69.52,35.73,0,2,68.90,1.65,0.59,43.25,33.51
469.67,0,,49.47,20.35,4,-2,46.45,-20.15,-14.26,49.89,20.91,,69.49,35.66,0,2,68.52,1.52,0.64,43.17,33.33
469.79,0,,49.17,20.44,4,-2,48.38,-19.69,-14.38,50.23,21.49,,69.46,35.57,0,2,68.78,1.47,0.62,43.10,33.30
469.88,0,,49.03,20.49,4,-2,46.69,-19.91,-14.26,50.13,21.15,,69.43,35.49,0,2,68.22,1.54,0.70,43.25,33.29
469.97,0,,49.03,20.49,4,-2,46.69,-19.91,-14.26,50.13,21.15,,69.40,35.39,0,2,68.88,1.62,0.82,43.45,33.25
470.09,0,,48.76,20.58,4,-2,52.39,-20.13,-14.07,50.10,20.74,,69.36,35.30,0,2,67.98,1.68,0.85,43.54,33.28
470.18,0,,48.65,20.62,4,-2,47.65,-19.86,-14.04,50.40,20.98,,69.33,35.20,0,2,67.87,1.64,0.85,43.50,33.24
470.27,0,,48.65,20.62,4,-2,47.65,-19.86,-14.04,50.40,20.98,,69.28,35.10,0,2,68.10,1.54,0.94,43.49,33.05
470.39,0,,48.46,20.70,4,-2,45.23,-19.80,-14.01,50.49,21.01,,69.24,35.00,0,2,68.90,1.47,0.97,43.45,32.95
470.54,0,,48.36,20.74,4,-2,47.92,-19.70,-14.06,50.54,21.16,,69.20,34.90,0,1,68.58,1.37,0.92,43.30,32.90
470.57,0,,48.36,20.74,4,-2,47.92,-19.70,-14.06,50.54,21.16,,69.15,34.80,0,1,67.78,1.26,0.92,43.19,32.79
470.69,0,,48.16,20.80,4,-2,42.99,-19.56,-14.04,50.70,21.28,,69.11,34.70,0,1,67.90,1.22,0.99,43.22,32.68
470.78,0,,48.05,20.84,4,-2,44.88,-19.38,-14.08,50.84,21.50,,69.06,34.59,0,1,68.40,1.24,1.04,43.29,32.65
470.87,0,,48.05,20.84,4,-2,44.88,-19.38,-14.08,50.84,21.50,,69.02,34.49,0,1,68.11,1.26,1.03,43.30,32.68
471.02,0,,47.81,20.90,4,-2,46.99,-19.46,-13.91,50.93,21.25,,68.97,34.38,0,1,68.00,1.20,1.03,43.24,32.62
471.08,0,,47.70,20.93,4,-2,44.46,-19.60,-13.89,50.81,21.09,,68.92,34.28,0,1,67.83,1.14,1.02,43.17,32.57
471.17,0,,47.70,20.93,4,-2,44.46,-19.60,-13.89,50.81,21.09,,68.87,34.18,0,1,68.37,1.04,0.96,43.01,32.53
471.30,0,,47.47,20.98,4,-2,43.62,-19.17,-13.93,51.20,21.56,,68.83,34.08,0,1,68.01,0.83,0.96,42.80,32.32
471.38,0,,47.35,21.01,4,-2,42.64,-19.38,-13.88,51.04,21.30,,68.78,33.98,0,1,68.61,0.64,1.00,42.65,32.09
471.47,0,,47.35,21.01,4,-2,42.64,-19.38,-13.88,51.04,21.30,,68.74,33.87,0,1,68.08,0.55,0.97,42.53,32.03
471.59,0,,47.07,21.06,4,-2,44.53,-19.60,-13.72,50.98,20.92,,68.69,33.77,0,1,67.73,0.56,0.98,42.55,32.03
471.68,0,,46.93,21.08,4,-2,45.46,-19.45,-13.71,51.14,21.06,,68.65,33.67,0,1,68.39,0.69,1.06,42.76,32.08
471.77,0,,46.93,21.08,4,-2,45.46,-19.45,-13.71,51.14,21.06,,68.61,33.57,0,1,68.19,0.78,1.05,42.84,32.18
471.89,0,,46.68,21.12,4,-2,43.82,-19.53,-13.78,50.99,21.05,,68.57,33.47,0,1,68.18,0.77,1.07,42.85,32.15
471.98,0,,46.68,21.12,4,-2,43.82,-19.53,-13.78,50.99,21.05,,68.54,33.38,0,1,67.64,0.77,1.13,42.91,32.09
472.07,0,,46.55,21.13,4,-2,45.62,-19.57,-13.84,50.89,21.07,,68.50,33.29,0,1,67.98,0.68,1.10,42.79,32.03
472.19,0,,46.31,21.16,4,-2,40.92,-19.24,-14.12,50.94,21.68,,68.46,33.20,0,1,68.11,0.57,1.12,42.70,31.90
472.28,0,,46.19,21.18,4,-2,44.97,-19.25,-14.05,51.00,21.60,,68.43,33.11,0,1,67.92,0.56,1.14,42.71,31.87
472.37,0,,46.19,21.18,4,-2,44.97,-19.25,-14.05,51.00,21.60,,68.39,33.02,0,1,68.33,0.54,1.12,42.67,31.87
472.52,0,,45.92,21.21,4,-2,44.21,-19.61,-14.04,50.65,21.23,,68.36,32.94,0,1,68.11,0.60,1.16,42.77,31.89
472.58,0,,45.77,21.22,4,-2,42.64,-19.75,-14.06,50.49,21.11,,68.33,32.86,0,1,68.50,0.78,1.26,43.05,31.97
472.67,0,,45.77,21.22,4,-2,42.64,-19.75,-14.06,50.49,21.11,,68.31,32.78,0,1,67.94,0.84,1.29,43.14,32.00
472.79,0,,45.53,21.24,4,-2,48.54,-19.26,-14.23,50.81,21.77,,68.28,32.70,0,1,68.39,0.79,1.26,43.06,31.98
472.88,0,,45.43,21.26,4,-2,45.48,-19.51,-14.21,50.58,21.50,,68.26,32.63,0,1,67.95,0.78,1.23,43.02,32.00
472.97,0,,45.43,21.26,4,-2,45.48,-19.51,-14.21,50.58,21.50,,68.24,32.57,0,1,68.15,0.74,1.22,42.97,31.97
473.09,0,,45.27,21.28,4,-2,47.66,-19.86,-14.07,50.37,21.01,,68.22,32.50,0,1,68.17,0.61,1.27,42.89,31.79
473.18,0,,45.20,21.29,4,-2,46.00,-19.62,-14.17,50.51,21.35,,68.20,32.44,0,1,67.95,0.49,1.27,42.77,31.67
473.27,0,,45.20,21.29,4,-2,46.00,-19.62,-14.17,50.51,21.35,,68.18,32.38,0,1,67.82,0.47,1.19,42.67,31.73
473.39,0,,45.08,21.31,4,-2,43.76,-19.71,-14.22,50.37,21.31,,68.17,32.32,0,1,67.65,0.51,1.23,42.75,31.73
473.48,0,,45.08,21.31,4,-2,43.76,-19.71,-14.22,50.37,21.31,,68.15,32.27,0,1,67.60,0.57,1.33,42.91,31.69
473.57,0,,45.02,21.32,4,-2,43.48,-20.03,-14.34,49.93,21.11,,68.13,32.22,0,1,67.56,0.65,1.33,42.99,31.77
473.69,0,,44.88,21.33,4,-2,42.53,-20.13,-14.51,49.66,21.18,,68.11,32.17,0,1,67.84,0.68,1.28,42.97,31.85
473.79,0,,44.81,21.33,4,-2,43.90,-19.98,-14.54,49.78,21.36,,68.09,32.12,0,1,68.23,0.67,1.24,42.92,31.88
473.87,0,,44.81,21.33,4,-2,43.90,-19.98,-14.54,49.78,21.36,,68.07,32.08,0,1,67.44,0.59,1.25,42.85,31.79
474.02,0,,44.65,21.33,4,-2,42.96,-19.95,-14.19,50.16,21.04,,68.05,32.04,0,1,67.80,0.46,1.29,42.76,31.62
474.08,0,,44.57,21.33,4,-2,40.91,-20.05,-14.07,50.18,20.82,,68.03,32.00,0,1,68.04,0.45,1.29,42.75,31.61
474.17,0,,44.57,21.33,4,-2,40.91,-20.05,-14.07,50.18,20.82,,68.01,31.97,0,1,68.41,0.48,1.23,42.72,31.70
474.30,0,,44.39,21.32,4,-2,41.05,-19.56,-14.22,50.52,21.46,,68.00,31.93,0,1,67.65,0.56,1.24,42.81,31.77
474.38,0,,44.29,21.32,4,-2,41.51,-19.85,-14.19,50.26,21.14,,67.99,31.90,0,1,68.20,0.73,1.35,43.09,31.83
474.47,0,,44.29,21.32,4,-2,41.51,-19.85,-14.19,50.26,21.14,,67.98,31.87,0,1,67.97,0.74,1.35,43.10,31.84
474.59,0,,44.07,21.31,4,-2,40.12,-20.14,-13.99,50.17,20.65,,67.97,31.85,0,1,67.98,0.69,1.32,43.02,31.82
474.68,0,,43.94,21.30,4,-2,41.18,-19.82,-14.19,50.29,21.17,,67.96,31.82,0,1,68.16,0.66,1.35,43.02,31.76
474.77,0,,43.94,21.30,4,-2,41.18,-19.82,-14.19,50.29,21.17,,67.95,31.80,0,1,67.94,0.60,1.37,42.98,31.68
474.89,0,,43.68,21.29,4,-2,39.43,-19.98,-14.12,50.20,20.94,,67.95,31.78,0,1,68.22,0.58,1.35,42.94,31.68
474.98,0,,43.68,21.29,4,-2,39.43,-19.98,-14.12,50.20,20.94,,67.94,31.76,0,1,67.54,0.50,1.34,42.85,31.61
475.07,0,,43.54,21.28,4,-2,39.92,-20.06,-14.13,50.11,20.87,,67.94,31.75,0,1,67.77,0.50,1.36,42.87,31.59
475.19,0,,43.25,21.26,4,-2,40.76,-19.99,-14.20,50.11,21.01,,67.93,31.73,0,1,67.88,0.70,1.39,43.10,31.76
475.28,0,,43.10,21.25,4,-2,38.85,-19.90,-14.23,50.17,21.13,,67.92,31.71,0,1,67.30,0.69,1.43,43.13,31.71
475.37,0,,43.10,21.25,4,-2,38.85,-19.90,-14.23,50.17,21.13,,67.92,31.70,0,1,67.86,0.66,1.40,43.07,31.71
475.52,0,,42.80,21.22,4,-2,39.49,-20.26,-14.13,49.91,20.67,,67.91,31.69,0,1,67.84,0.71,1.35,43.07,31.81
475.58,0,,42.66,21.21,4,-2,41.18,-20.69,-14.20,49.41,20.31,,67.90,31.68,0,1,67.35,0.56,1.42,42.99,31.59
475.67,0,,42.66,21.21,4,-2,41.18,-20.69,-14.20,49.41,20.31,,67.89,31.67,0,1,67.67,0.42,1.41,42.84,31.46
475.79,0,,42.37,21.17,4,-2,34.88,-20.58,-14.46,49.26,20.68,,67.88,31.66,0,1,67.89,0.37,1.34,42.72,31.48
475.88,0,,42.19,21.15,4,-2,35.12,-20.97,-14.45,48.88,20.28,,67.87,31.65,0,1,68.06,0.31,1.38,42.70,31.38
475.97,0,,42.19,21.15,4,-2,35.12,-20.97,-14.45,48.88,20.28,,67.86,31.64,0,1,68.00,0.47,1.42,42.90,31.50
476.09,0,,41.79,21.10,4,-2,36.30,-21.26,-14.31,48.73,19.85,,67.86,31.63,0,1,67.95,0.62,1.45,43.08,31.62
476.18,0,,41.57,21.07,4,-2,35.40,-20.89,-14.41,49.00,20.32,,67.85,31.62,0,1,67.48,0.55,1.49,43.05,31.51
476.27,0,,41.57,21.07,4,-2,35.40,-20.89,-14.41,49.00,20.32,,67.85,31.61,0,1,67.97,0.54,1.45,43.00,31.54
476.39,0,,41.09,21.00,4,-2,37.42,-20.63,-14.20,49.47,20.37,,67.84,31.60,0,1,67.65,0.55,1.40,42.96,31.60
476.48,0,,41.09,21.00,4,-2,37.42,-20.63,-14.20,49.47,20.37,,67.84,31.60,0,1,67.52,0.45,1.39,42.85,31.51
476.57,0,,40.84,20.97,4,-2,38.44,-20.66,-14.16,49.48,20.30,,67.83,31.59,2,-1,67.43,0.34,1.43,42.78,31.36
476.69,0,,40.36,20.91,4,-2,35.19,-20.70,-14.25,49.35,20.35,,67.82,31.58,2,-1,67.77,0.26,1.48,42.75,31.23
476.78,0,,40.13,20.87,4,-2,35.15,-20.51,-14.28,49.51,20.57,,67.82,31.57,2,-1,67.52,0.29,1.45,42.75,31.29
476.87,0,,40.13,20.87,4,-2,35.15,-20.51,-14.28,49.51,20.57,,67.81,31.56,2,-1,67.74,0.46,1.49,42.96,31.42
477.02,0,,39.61,20.81,4,-2,34.17,-20.62,-14.06,49.62,20.24,,67.80,31.55,2,-1,67.67,0.50,1.54,43.05,31.41
477.08,0,,39.33,20.78,4,-2,36.00,-20.80,-13.96,49.54,19.96,,67.79,31.54,2,-1,67.68,0.41,1.51,42.93,31.35
477.17,0,,39.33,20.78,4,-2,36.00,-20.80,-13.96,49.54,19.96,,67.78,31.53,2,-1,67.77,0.43,1.53,42.97,31.35
477.30,0,,38.76,20.71,4,-2,33.11,-20.40,-14.12,49.78,20.52,,67.78,31.52,2,-1,67.58,0.37,1.53,42.91,31.29
477.38,0,,38.47,20.68,4,-2,36.22,-20.70,-14.09,49.51,20.19,,67.77,31.51,2,-1,67.29,0.20,1.54,42.75,31.11
477.47,0,,38.47,20.68,4,-2,36.22,-20.70,-14.09,49.51,20.19,,67.76,31.50,2,-1,67.84,0.16,1.56,42.73,31.05
477.59,0,,37.91,20.62,4,-2,33.04,-20.88,-14.03,49.39,19.95,,67.75,31.49,2,-1,67.58,0.18,1.53,42.72,31.10
477.68,0,,37.64,20.59,4,-2,32.15,-20.65,-14.12,49.53,20.27,,67.74,31.48,2,-1,67.83,0.28,1.59,42.88,31.14
477.77,0,,37.64,20.59,4,-2,32.15,-20.65,-14.12,49.53,20.27,,67.74,31.46,2,-1,67.53,0.35,1.61,42.97,31.19
477.89,0,,37.10,20.53,4,-2,31.90,-23.35,-15.23,45.72,18.68,,67.73,31.45,2,-1,66.96,0.24,1.61,42.86,31.08
477.98,0,,37.10,20.53,4,-2,31.90,-23.35,-15.23,45.72,18.68,,67.72,31.43,2,-1,67.55,0.19,1.66,42.86,30.98
478.07,0,,36.80,20.48,4,-2,4.08,-37.60,-20.20,26.50,9.40,,67.71,31.42,2,-1,67.37,0.18,1.64,42.83,30.99
478.19,0,,36.80,20.48,4,-2,4.08,-37.60,-20.20,26.50,9.40,,67.69,31.40,2,-1,67.26,0.09,1.60,42.70,30.94
478.28,0,,36.80,20.48,4,-2,4.08,-37.60,-20.20,26.50,9.40,,67.68,31.38,2,-1,67.25,0.02,1.61,42.64,30.86
478.37,0,,36.80,20.48,4,-2,4.08,-37.60,-20.20,26.50,9.40,,67.67,31.36,2,-1,67.09,-0.01,1.61,42.61,30.83
478.52,0,,36.16,20.24,4,-2,52.11,-39.80,-22.01,22.49,9.01,,67.65,31.34,2,-1,67.16,0.07,1.67,42.75,30.85
478.58,0,,35.99,20.04,4,-2,51.44,-39.91,-21.72,22.67,8.61,,67.64,31.32,2,-1,67.69,0.27,1.76,43.04,30.96
478.67,0,,35.99,20.04,4,-2,51.44,-39.91,-21.72,22.67,8.61,,67.62,31.30,2,-1,67.10,0.35,1.81,43.17,30.99
478.80,0,,35.93,19.79,4,-2,49.42,-39.45,-21.78,23.07,9.13,,67.60,31.28,2,-1,66.85,0.32,1.83,43.16,30.94
478.88,0,,36.07,19.20,4,-2,51.56,-39.86,-22.24,22.20,9.18,,67.58,31.26,2,-1,67.05,0.38,1.86,43.25,30.97
478.97,0,,36.07,19.20,4,-2,51.56,-39.86,-22.24,22.20,9.18,,67.56,31.24,2,-1,67.51,0.37,1.91,43.29,30.91
479.09,0,,36.51,18.50,4,-2,51.46,-39.63,-21.59,23.08,8.76,,67.55,31.22,2,-1,67.22,0.34,1.90,43.25,30.89
479.18,0,,36.82,18.12,4,-2,50.64,-39.68,-22.01,22.61,9.13,,67.53,31.20,2,-1,66.98,0.30,1.92,43.23,30.83
479.28,0,,36.82,18.12,4,-2,50.64,-39.68,-22.01,22.61,9.13,,67.51,31.18,2,-1,67.27,0.32,2.00,43.33,30.77
479.39,0,,37.57,17.33,4,-2,51.44,-39.03,-21.01,24.26,8.78,,67.49,31.16,2,-1,66.85,0.53,2.02,43.56,30.96
479.48,0,,37.57,17.33,4,-2,51.44,-39.03,-21.01,24.26,8.78,,67.47,31.14,2,-1,66.99,0.63,2.06,43.70,31.02
479.57,0,,37.99,16.92,4,-2,50.03,-38.67,-21.03,24.60,9.16,,67.45,31.12,2,-1,66.86,0.63,2.09,43.73,30.99
479.69,0,,38.91,16.09,4,-2,49.99,-38.71,-20.62,24.97,8.71,,67.42,31.11,2,-1,67.15,0.69,2.11,43.81,31.03
479.78,0,,39.39,15.67,4,-2,48.60,-38.74,-20.69,24.87,8.75,,67.40,31.09,2,-1,67.57,0.65,2.19,43.85,30.91
479.87,0,,39.39,15.67,4,-2,48.60,-38.74,-20.69,24.87,8.75,,67.38,31.08,2,-1,67.18,0.66,2.17,43.84,30.94
480.02,0,,40.37,14.84,4,-2,53.22,-40.84,-21.40,22.06,7.36,,67.37,31.06,2,-1,67.10,0.65,2.17,43.83,30.93
480.08,0,,40.89,14.43,4,-2,53.35,-40.37,-20.56,23.37,6.99,,67.35,31.05,2,-1,67.36,0.64,2.21,43.86,30.88
480.17,0,,40.89,14.43,4,-2,53.35,-40.37,-20.56,23.37,6.99,,67.33,31.03,2,-1,67.02,0.67,2.21,43.89,30.91
480.30,0,,41.96,13.61,4,-2,52.59,-38.85,-19.61,25.84,7.56,,67.32,31.02,2,-1,67.03,0.51,2.13,43.65,30.83
480.38,0,,42.52,13.21,4,-2,51.58,-39.14,-19.29,25.87,6.95,,67.30,31.01,2,-1,67.12,0.40,2.00,43.41,30.85
480.47,0,,42.52,13.21,4,-2,51.58,-39.14,-19.29,25.87,6.95,,67.29,31.00,2,-1,67.20,0.32,2.02,43.35,30.75
480.59,0,,43.61,12.42,4,-2,50.96,-39.65,-19.10,25.55,6.25,,67.27,30.99,2,-1,67.09,0.13,2.01,43.15,30.57
480.68,0,,44.14,12.04,4,-2,50.48,-39.48,-18.95,25.87,6.27,,67.26,30.97,2,-1,66.92,0.06,1.90,42.97,30.61
480.77,0,,44.14,12.04,4,-2,50.48,-39.48,-18.95,25.87,6.27,,67.24,30.96,2,-1,66.46,0.15,2.00,43.16,30.60
480.89,0,,45.16,11.29,4,-2,50.21,-39.41,-18.42,26.47,5.81,,67.23,30.94,2,-1,67.08,0.30,2.12,43.43,30.63
480.98,0,,45.16,11.29,4,-2,50.21,-39.41,-18.42,26.47,5.81,,67.21,30.93,2,-1,66.84,0.46,2.23,43.70,30.68
481.07,0,,45.65,10.93,4,-2,48.75,-39.36,-18.00,26.94,5.44,,67.19,30.91,2,-1,66.34,0.55,2.42,43.98,30.58
481.19,0,,46.52,10.22,4,-2,47.65,-39.94,-18.12,26.24,4.98,,67.17,30.90,2,-1,66.62,0.58,2.57,44.16,30.46
481.28,0,,46.90,9.88,4,-2,47.63,-40.17,-18.18,25.95,4.81,,67.15,30.88,2,-1,66.24,0.45,2.80,44.26,30.10
481.37,0,,46.90,9.88,4,-2,47.63,-40.17,-18.18,25.95,4.81,,67.13,30.86,2,-1,66.23,0.19,3.01,44.21,29.63
481.52,0,,47.55,9.21,4,-2,46.82,-39.70,-17.16,27.44,4.26,,67.10,30.84,2,-1,66.05,-0.05,3.08,44.04,29.32
481.58,0,,47.82,8.88,4,-2,48.34,-40.24,-17.04,27.02,3.60,,67.07,30.81,2,-1,65.72,-0.11,3.32,44.22,29.02
481.67,0,,47.82,8.88,4,-2,48.34,-40.24,-17.04,27.02,3.60,,67.04,30.77,2,-1,65.51,-0.16,3.67,44.52,28.62
481.79,0,,48.26,8.24,3,-1,44.78,-40.53,-16.99,26.78,3.26,,67.00,30.72,2,-1,65.68,-0.27,3.91,44.65,28.27
481.88,0,,48.41,7.92,3,-1,45.36,-40.81,-16.70,26.79,2.69,,66.95,30.66,2,-1,64.95,-0.29,4.17,44.89,27.99
481.97,0,,48.41,7.92,3,-1,45.36,-40.81,-16.70,26.79,2.69,,66.90,30.60,2,-1,65.38,-0.39,4.29,44.91,27.77
482.09,0,,48.61,7.30,3,-1,42.46,-41.21,-16.26,26.83,1.85,,66.85,30.52,2,-1,64.72,-0.42,4.23,44.82,27.80
482.18,0,,48.65,7.00,3,-1,39.66,-40.27,-15.43,28.60,1.96,,66.79,30.44,2,-1,65.13,-0.43,4.22,44.80,27.80
482.27,0,,48.65,7.00,3,-1,39.66,-40.27,-15.43,28.60,1.96,,66.72,30.35,2,-1,65.41,-0.62,4.11,44.50,27.72
482.39,0,,48.55,6.39,3,1,38.30,-41.03,-15.26,28.01,1.03,,66.66,30.26,2,-1,65.08,-0.79,3.97,44.19,27.69
482.48,0,,48.55,6.39,3,1,38.30,-41.03,-15.26,28.01,1.03,,66.59,30.15,2,-1,64.85,-0.89,3.98,44.10,27.58
482.57,0,,48.42,6.09,3,1,36.95,-41.10,-14.89,28.31,0.59,,66.52,30.05,2,-1,65.13,-0.84,3.91,44.08,27.70
482.69,0,,48.00,5.48,3,1,36.69,-40.57,-13.99,29.74,0.22,,66.45,29.94,2,-1,65.43,-0.86,3.86,44.01,27.73
482.78,0,,47.72,5.18,3,1,33.48,-40.48,-13.77,30.05,0.09,,66.38,29.83,2,-1,65.08,-0.99,3.86,43.88,27.60
482.87,0,,47.72,5.18,3,1,33.48,-40.48,-13.77,30.05,0.09,,66.31,29.72,2,-1,64.96,-1.04,3.79,43.76,27.62
483.02,0,,47.00,4.57,0,2,33.47,-40.87,-13.02,30.41,-1.05,,66.24,29.61,2,-1,65.57,-1.14,3.72,43.59,27.59
483.08,0,,46.57,4.27,0,2,32.24,-41.15,-12.85,30.30,-1.50,,66.17,29.50,2,-1,65.52,-1.27,3.66,43.40,27.52
483.17,0,,46.57,4.27,0,2,32.24,-41.15,-12.85,30.30,-1.50,,66.11,29.38,2,-1,64.99,-1.36,3.64,43.29,27.45
483.29,0,,45.61,3.66,0,2,30.67,-40.76,-12.38,31.16,-1.58,,66.05,29.27,2,-1,65.81,-1.35,3.64,43.30,27.46
483.38,0,,45.07,3.36,0,2,28.91,-41.04,-11.97,31.29,-2.27,,65.99,29.16,2,-1,65.74,-1.33,3.59,43.27,27.53
483.47,0,,45.07,3.36,0,2,28.91,-41.04,-11.97,31.29,-2.27,,65.93,29.06,2,-1,65.68,-1.43,3.52,43.10,27.50
483.59,0,,43.89,2.75,0,2,27.72,-41.63,-11.41,31.26,-3.42,,65.88,28.95,2,-1,65.68,-1.55,3.57,43.03,27.33
483.68,0,,43.26,2.44,0,2,26.25,-41.30,-11.33,31.67,-3.17,,65.84,28.84,2,-1,65.41,-1.64,3.60,42.97,27.21
483.77,0,,43.26,2.44,0,2,26.25,-41.30,-11.33,31.67,-3.17,,65.79,28.74,2,-1,65.27,-1.77,3.53,42.77,27.15
483.89,0,,41.86,1.82,0,2,13.66,-40.56,-9.61,34.13,-4.15,,65.75,28.64,2,-1,65.47,-1.83,3.49,42.67,27.13
483.98,0,,41.86,1.82,0,2,13.66,-40.56,-9.61,34.13,-4.15,,65.72,28.54,2,-1,65.91,-1.78,3.49,42.72,27.18
484.07,0,,41.86,1.82,0,2,13.66,-40.56,-9.61,34.13,-4.15,,65.68,28.44,2,-1,65.66,-1.68,3.50,42.83,27.27
484.19,0,,40.27,1.22,0,2,16.68,-35.40,-8.56,40.34,-0.04,,65.65,28.35,2,-1,65.97,-1.68,3.47,42.80,27.30
484.28,0,,39.41,0.94,0,2,13.15,-37.98,-9.22,37.10,-1.96,,65.63,28.26,2,-1,65.84,-1.78,3.46,42.69,27.21
484.37,0,,39.41,0.94,0,2,13.15,-37.98,-9.22,37.10,-1.96,,65.60,28.17,2,-1,65.60,-1.82,3.51,42.70,27.12
484.52,0,,37.49,0.43,3,1,7.68,-35.87,-8.44,39.99,-0.63,,65.59,28.09,2,-1,65.91,-1.93,3.53,42.61,26.99
484.58,0,,36.44,0.20,3,1,8.23,-35.91,-8.18,40.21,-0.93,,65.57,28.01,2,-1,66.27,-1.96,3.47,42.52,27.02
484.67,0,,36.44,0.20,3,1,8.23,-35.91,-8.18,40.21,-0.93,,65.56,27.93,2,-1,65.77,-1.88,3.49,42.62,27.08
484.79,0,,34.18,-0.19,3,1,8.88,-34.08,-7.51,42.71,0.23,,65.55,27.85,2,-1,65.37,-1.84,3.56,42.73,27.05
484.88,0,,32.99,-0.36,3,1,5.48,-34.30,-6.28,43.72,-1.22,,65.55,27.78,2,-1,65.95,-1.76,3.57,42.82,27.12
484.97,0,,32.99,-0.36,3,1,5.48,-34.30,-6.28,43.72,-1.22,,65.54,27.71,2,-1,66.13,-1.71,3.59,42.89,27.15
485.09,0,,30.52,-0.67,3,-1,4.45,-35.51,-5.26,43.53,-3.45,,65.54,27.65,2,-1,65.90,-1.72,3.58,42.87,27.15
485.18,0,,29.25,-0.82,3,-1,1.60,-35.07,-4.84,44.39,-3.43,,65.54,27.59,2,-1,65.30,-1.77,3.54,42.78,27.14
485.27,0,,29.25,-0.82,3,-1,1.60,-35.07,-4.84,44.39,-3.43,,65.54,27.53,2,-1,65.61,-1.88,3.58,42.71,26.99
485.39,0,,27.96,-0.95,3,-1,2.34,-22.68,-4.28,57.34,8.40,,65.54,27.48,2,-1,65.90,-1.88,3.62,42.75,26.95
485.48,0,,27.96,-0.95,3,-1,2.34,-22.68,-4.28,57.34,8.40,,65.55,27.42,2,-1,65.84,-1.76,3.53,42.78,27.16
485.57,0,,27.96,-0.95,3,-1,2.34,-22.68,-4.28,57.34,8.40,,65.55,27.38,2,-1,65.93,-1.67,3.51,42.85,27.27
485.69,0,,27.96,-0.95,3,-1,2.34,-22.68,-4.28,57.34,8.40,,65.56,27.33,2,-1,65.95,-1.68,3.53,42.86,27.24
485.78,0,,27.96,-0.95,3,-1,2.34,-22.68,-4.28,57.34,8.40,,65.56,27.29,2,-1,65.70,-1.69,3.47,42.79,27.29
485.87,0,,27.96,-0.95,3,-1,2.34,-22.68,-4.28,57.34,8.40,,65.57,27.26,2,-1,65.90,-1.67,3.44,42.78,27.34
486.02,0,,27.96,-0.95,3,-1,2.34,-22.68,-4.28,57.34,8.40,,65.58,27.23,2,-1,65.66,-1.79,3.45,42.67,27.21
486.08,0,,27.96,-0.95,3,-1,2.34,-22.68,-4.28,57.34,8.40,,65.59,27.20,2,-1,65.78,-1.85,3.40,42.56,27.20
486.17,0,,27.96,-0.95,3,-1,2.34,-22.68,-4.28,57.34,8.40,,65.60,27.17,2,-1,65.62,-1.74,3.33,42.60,27.38
486.30,0,,27.96,-0.95,3,-1,2.34,-22.68,-4.28,57.34,8.40,,65.60,27.15,2,-1,65.68,-1.66,3.36,42.71,27.43
486.38,0,,27.96,-0.95,3,-1,2.34,-22.68,-4.28,57.34,8.40,,65.61,27.14,2,-1,65.82,-1.61,3.40,42.80,27.44
486.47,0,,27.96,-0.95,3,-1,2.34,-22.68,-4.28,57.34,8.40,,65.62,27.12,2,-1,65.73,-1.57,3.37,42.81,27.51
486.59,0,,27.96,-0.95,3,-1,2.34,-22.68,-4.28,57.34,8.40,,65.63,27.11,2,-1,65.39,-1.57,3.37,42.81,27.51
486.68,0,,27.96,-0.95,3,-1,2.34,-22.68,-4.28,57.34,8.40,,65.63,27.10,2,-1,65.94,-1.57,3.36,42.80,27.52
486.77,0,,27.96,-0.95,3,-1,2.34,-22.68,-4.28,57.34,8.40,,65.64,27.10,2,-1,66.46,-1.60,3.33,42.74,27.52
486.89,0,,27.96,-0.95,3,-1,2.34,-22.68,-4.28,57.34,8.40,,65.65,27.10,2,-1,65.87,-1.63,3.33,42.71,27.49
486.98,0,,27.96,-0.95,3,-1,2.34,-22.68,-4.28,57.34,8.40,,65.66,27.10,2,-1,65.47,-1.47,3.35,42.89,27.63
487.07,0,,27.96,-0.95,3,-1,2.34,-22.68,-4.28,57.34,8.40,,65.67,27.11,2,-1,65.96,-1.39,3.39,43.01,27.67
487.19,0,,27.96,-0.95,3,-1,2.34,-22.68,-4.28,57.34,8.40,,65.68,27.11,2,-1,66.54,-1.38,3.36,42.99,27.71
487.28,0,,27.96,-0.95,3,-1,2.34,-22.68,-4.28,57.34,8.40,,65.69,27.12,2,-1,66.18,-1.31,3.29,42.99,27.85
487.37,0,,27.96,-0.95,3,-1,2.34,-22.68,-4.28,57.34,8.40,,65.71,27.14,2,-1,65.63,-1.44,3.31,42.88,27.70
487.52,0,,27.96,-0.95,3,-1,2.34,-22.68,-4.28,57.34,8.40,,65.72,27.15,2,-1,66.36,-1.51,3.27,42.77,27.67
487.58,0,,27.96,-0.95,3,-1,2.34,-22.68,-4.28,57.34,8.40,,65.73,27.17,2,-1,65.73,-1.47,3.15,42.69,27.83
487.67,0,,27.96,-0.95,3,-1,2.34,-22.68,-4.28,57.34,8.40,,65.75,27.19,2,-1,66.10,-1.48,3.13,42.66,27.84
487.80,0,,27.96,-0.95,3,-1,2.34,-22.68,-4.28,57.34,8.40,,65.76,27.21,2,-1,66.55,-1.30,3.15,42.86,28.00
487.88,0,,27.96,-0.95,3,-1,2.34,-22.68,-4.28,57.34,8.40,,65.78,27.23,2,-1,66.66,-1.22,3.14,42.93,28.09
487.97,0,,27.96,-0.95,3,-1,2.34,-22.68,-4.28,57.34,8.40,,65.80,27.25,2,-1,66.10,-1.24,3.12,42.89,28.09
488.09,0,,27.96,-0.95,3,-1,2.34,-22.68,-4.28,57.34,8.40,,65.82,27.28,2,-1,66.74,-1.18,3.03,42.86,28.24
488.18,0,,27.96,-0.95,3,-1,2.34,-22.68,-4.28,57.34,8.40,,65.85,27.31,2,-1,66.63,-1.27,2.95,42.69,28.23
488.27,0,,27.96,-0.95,3,-1,2.34,-22.68,-4.28,57.34,8.40,,65.87,27.35,2,-1,66.67,-1.36,2.94,42.59,28.15
488.39,0,,27.96,-0.95,3,-1,2.34,-22.68,-4.28,57.34,8.40,,65.90,27.38,2,-1,66.29,-1.30,2.91,42.62,28.24
488.48,0,,27.96,-0.95,3,-1,2.34,-22.68,-4.28,57.34,8.40,,65.92,27.41,2,-1,66.16,-1.21,2.94,42.74,28.30
488.57,0,,27.96,-0.95,3,-1,2.34,-22.68,-4.28,57.34,8.40,,65.95,27.45,2,-1,66.25,-1.09,3.01,42.93,28.35
488.69,0,,27.96,-0.95,3,-1,2.34,-22.68,-4.28,57.34,8.40,,65.97,27.49,2,-1,66.23,-1.07,2.98,42.92,28.40
488.78,0,,27.96,-0.95,3,-1,2.34,-22.68,-4.28,57.34,8.40,,66.00,27.53,2,-1,66.33,-1.06,2.96,42.91,28.43
488.87,0,,27.96,-0.95,3,-1,2.34,-22.68,-4.28,57.34,8.40,,66.02,27.57,2,-1,66.16,-1.05,2.98,42.94,28.42
489.02,0,,27.96,-0.95,3,-1,2.34,-22.68,-4.28,57.34,8.40,,66.04,27.61,2,-1,66.43,-1.14,2.95,42.82,28.36
489.08,0,,27.96,-0.95,3,-1,2.34,-22.68,-4.28,57.34,8.40,,66.06,27.65,2,-1,66.47,-1.17,2.88,42.72,28.40
489.17,0,,27.96,-0.95,3,-1,2.34,-22.68,-4.28,57.34,8.40,,66.08,27.69,2,-1,66.14,-1.15,2.85,42.71,28.45
489.30,0,,27.96,-0.95,3,-1,2.34,-22.68,-4.28,57.34,8.40,,66.10,27.73,2,-1,66.52,-0.99,2.87,42.89,28.59
489.38,0,,27.96,-0.95,3,-1,2.34,-22.68,-4.28,57.34,8.40,,66.13,27.78,2,-1,66.72,-0.77,2.84,43.08,28.84
489.47,0,,27.96,-0.95,3,-1,2.34,-22.68,-4.28,57.34,8.40,,66.15,27.82,2,-1,66.26,-0.75,2.86,43.12,28.84
489.59,0,,27.96,-0.95,3,-1,2.34,-22.68,-4.28,57.34,8.40,,66.17,27.86,2,-1,66.35,-0.79,2.89,43.11,28.77
489.68,0,,27.96,-0.95,3,-1,2.34,-22.68,-4.28,57.34,8.40,,66.18,27.91,2,-1,66.32,-0.76,2.86,43.11,28.83
489.77,0,,27.96,-0.95,3,-1,2.34,-22.68,-4.28,57.34,8.40,,66.20,27.95,2,-1,66.02,-0.83,2.88,43.06,28.74
489.89,0,,27.96,-0.95,3,-1,2.34,-22.68,-4.28,57.34,8.40,,66.22,28.00,2,-1,66.26,-0.90,2.88,42.99,28.67
489.98,0,,27.96,-0.95,3,-1,2.34,-22.68,-4.28,57.34,8.40,,66.23,28.05,2,-1,66.08,-0.85,2.86,43.02,28.74
490.07,0,,27.96,-0.95,3,-1,2.34,-22.68,-4.28,57.34,8.40,,66.24,28.09,2,-1,66.59,-0.84,2.90,43.07,28.71
490.19,0,,27.96,-0.95,3,-1,2.34,-22.68,-4.28,57.34,8.40,,66.25,28.13,2,-1,66.31,-0.71,2.90,43.20,28.84
490.28,0,,27.96,-0.95,3,-1,2.34,-22.68,-4.28,57.34,8.40,,66.26,28.18,2,-1,66.09,-0.52,2.89,43.38,29.04
490.37,0,,27.96,-0.95,3,-1,2.34,-22.68,-4.28,57.34,8.40,,66.27,28.22,2,-1,66.67,-0.45,2.87,43.43,29.13
490.52,0,,27.96,-0.95,3,-1,2.34,-22.68,-4.28,57.34,8.40,,66.28,28.26,2,-1,65.95,-0.43,2.86,43.44,29.16
490.58,0,,27.96,-0.95,3,-1,2.34,-22.68,-4.28,57.34,8.40,,66.29,28.31,2,-1,66.38,-0.44,2.85,43.42,29.16
490.67,0,,27.96,-0.95,3,-1,2.34,-22.68,-4.28,57.34,8.40,,66.30,28.35,2,-1,66.90,-0.22,2.56,43.35,29.67
490.80,0,,27.96,-0.95,3,-1,2.34,-22.68,-4.28,57.34,8.40,,66.31,28.40,2,-1,67.72,0.37,2.05,43.43,30.77
490.88,0,,26.65,-1.02,3,-1,7.98,-22.19,-4.11,58.00,8.72,,66.33,28.46,2,-1,67.77,0.66,1.82,43.49,31.29
490.97,0,,26.65,-1.02,3,-1,7.98,-22.19,-4.11,58.00,8.72,,66.35,28.53,2,-1,67.68,0.52,1.77,43.30,31.20
491.09,0,,24.15,-0.99,4,-2,11.39,-22.16,-4.44,57.70,9.08,,66.38,28.60,2,-1,67.00,0.60,1.74,43.35,31.31
491.18,0,,22.97,-0.89,4,-2,7.68,-22.15,-4.99,57.16,9.64,,66.41,28.69,2,-1,67.91,0.73,1.71,43.45,31.47
491.27,0,,22.97,-0.89,4,-2,7.68,-22.15,-4.99,57.16,9.64,,66.44,28.78,2,-1,67.40,0.68,1.57,43.26,31.56
491.39,0,,20.69,-0.54,4,-2,6.83,-22.57,-5.58,56.15,9.81,,66.48,28.87,2,-1,67.92,0.73,1.46,43.20,31.72
491.48,0,,20.69,-0.54,4,-2,6.83,-22.57,-5.58,56.15,9.81,,66.52,28.98,2,-1,68.00,0.68,1.46,43.15,31.67
491.57,0,,19.59,-0.30,4,-2,6.05,-22.31,-5.71,56.28,10.20,,66.57,29.09,2,-1,67.90,0.59,1.47,43.07,31.57
491.69,0,,17.49,0.27,4,-2,4.84,-22.08,-5.79,56.43,10.51,,66.62,29.20,2,-1,67.76,0.53,1.52,43.06,31.46
491.78,0,,16.49,0.60,4,-2,12.30,-21.53,-5.97,56.80,11.24,,66.67,29.31,2,-1,68.02,0.43,1.49,42.93,31.39
491.87,0,,16.49,0.60,4,-2,12.30,-21.53,-5.97,56.80,11.24,,66.72,29.42,2,-1,67.38,0.41,1.41,42.83,31.45
492.02,0,,14.67,1.34,4,-2,4.48,-21.65,-6.01,56.64,11.16,,66.77,29.54,2,-1,67.22,0.40,1.41,42.82,31.44
492.08,0,,13.81,1.73,4,-2,5.66,-21.76,-6.06,56.48,11.10,,66.82,29.65,2,-1,67.15,0.41,1.41,42.83,31.45
492.17,0,,13.81,1.73,4,-2,5.66,-21.76,-6.06,56.48,11.10,,66.86,29.76,2,-1,67.38,0.43,1.41,42.85,31.47
492.30,0,,12.23,2.57,4,-2,6.84,-21.30,-6.26,56.74,11.76,,66.91,29.87,2,-1,67.33,0.34,1.48,42.83,31.31
492.38,0,,11.51,3.00,4,-2,5.94,-21.36,-6.21,56.73,11.65,,66.95,29.98,2,-1,66.86,0.27,1.53,42.81,31.19
492.47,0,,11.51,3.00,4,-2,5.94,-21.36,-6.21,56.73,11.65,,66.99,30.08,2,-1,67.69,0.13,1.54,42.68,31.04
492.59,0,,10.19,3.88,4,-2,7.50,-21.36,-6.14,56.80,11.58,,67.02,30.17,2,-1,67.56,-0.03,1.56,42.54,30.86
492.68,0,,9.59,4.32,4,-2,0.29,-21.28,-6.34,56.68,11.86,,67.06,30.27,2,-1,67.39,-0.00,1.64,42.65,30.81
492.77,0,,9.59,4.32,4,-2,0.29,-21.28,-6.34,56.68,11.86,,67.09,30.35,2,-1,67.28,0.02,1.71,42.74,30.76
492.89,0,,8.44,5.18,4,-2,0.52,-21.59,-6.40,56.31,11.61,,67.12,30.43,2,-1,67.09,-0.15,1.66,42.52,30.64
492.98,0,,8.44,5.18,4,-2,0.52,-21.59,-6.40,56.31,11.61,,67.15,30.50,2,-1,66.54,-0.39,1.70,42.32,30.36
493.07,0,,8.44,5.18,4,-2,0.52,-21.59,-6.40,56.31,11.61,,67.17,30.56,2,-1,67.24,-0.49,1.68,42.20,30.28
493.19,0,,7.88,5.61,4,-2,2.44,-21.41,-6.37,56.52,11.76,,67.19,30.62,2,-1,67.01,-0.48,1.52,42.05,30.45
493.28,0,,7.88,5.61,4,-2,2.44,-21.41,-6.37,56.52,11.76,,67.21,30.66,2,-1,67.01,-0.58,1.50,41.93,30.37
493.37,0,,7.88,5.61,4,-2,2.44,-21.41,-6.37,56.52,11.76,,67.22,30.70,2,-1,67.47,-0.64,1.44,41.81,30.37
493.52,0,,7.36,6.02,4,-2,10.61,-21.86,-6.36,56.08,11.30,,67.24,30.74,0,1,67.50,-0.47,1.34,41.88,30.64
493.58,0,,7.36,6.02,4,-2,10.61,-21.86,-6.36,56.08,11.30,,67.25,30.77,0,1,67.60,-0.37,1.28,41.92,30.80
493.67,0,,7.36,6.02,4,-2,10.61,-21.86,-6.36,56.08,11.30,,67.27,30.80,0,1,67.68,-0.37,1.21,41.85,30.87
493.79,0,,7.36,6.02,4,-2,10.61,-21.86,-6.36,56.08,11.30,,67.28,30.82,0,1,67.47,-0.34,1.20,41.87,30.91
493.88,0,,7.36,6.02,4,-2,10.61,-21.86,-6.36,56.08,11.30,,67.30,30.85,0,1,67.05,-0.33,1.15,41.83,30.97
493.97,0,,7.36,6.02,4,-2,10.61,-21.86,-6.36,56.08,11.30,,67.31,30.87,0,1,67.29,-0.40,1.14,41.75,30.91
494.09,0,,7.36,6.02,4,-2,10.61,-21.86,-6.36,56.08,11.30,,67.32,30.89,0,1,67.45,-0.42,1.12,41.71,30.91
494.18,0,,7.36,6.02,4,-2,10.61,-21.86,-6.36,56.08,11.30,,67.33,30.90,0,1,67.68,-0.27,1.06,41.80,31.12
494.27,0,,7.36,6.02,4,-2,10.61,-21.86,-6.36,56.08,11.30,,67.34,30.92,0,1,67.58,-0.07,1.11,42.05,31.27
494.39,0,,7.36,6.02,4,-2,10.61,-21.86,-6.36,56.08,11.30,,67.35,30.94,0,1,67.65,0.02,1.13,42.16,31.34
494.48,0,,7.36,6.02,4,-2,10.61,-21.86,-6.36,56.08,11.30,,67.36,30.95,0,1,67.90,0.02,1.16,42.19,31.31
494.60,0,,7.36,6.02,4,-2,10.61,-21.86,-6.36,56.08,11.30,,67.38,30.97,0,1,67.56,0.01,1.30,42.32,31.16
494.69,0,,7.36,6.02,4,-2,10.61,-21.86,-6.36,56.08,11.30,,67.39,30.99,0,1,67.50,-0.15,1.42,42.28,30.88
494.78,0,,7.36,6.02,4,-2,10.61,-21.86,-6.36,56.08,11.30,,67.40,31.00,0,1,67.22,-0.04,1.48,42.45,30.93
494.87,0,,7.36,6.02,4,-2,10.61,-21.86,-6.36,56.08,11.30,,67.41,31.02,0,1,67.25,0.31,1.49,42.81,31.27
495.02,0,,7.36,6.02,4,-2,10.61,-21.86,-6.36,56.08,11.30,,67.42,31.03,0,1,67.81,0.38,1.50,42.89,31.33
495.08,0,,7.36,6.02,4,-2,10.61,-21.86,-6.36,56.08,11.30,,67.43,31.04,0,1,67.47,0.66,1.43,43.10,31.68
495.17,0,,7.36,6.02,4,-2,10.61,-21.86,-6.36,56.08,11.30,,67.44,31.06,0,1,67.21,0.91,1.33,43.25,32.03
495.29,0,,7.36,6.02,4,-2,10.61,-21.86,-6.36,56.08,11.30,,67.45,31.08,0,1,67.19,0.78,1.37,43.16,31.86
495.38,0,,7.36,6.02,4,-2,10.61,-21.86,-6.36,56.08,11.30,,67.45,31.10,0,1,67.90,0.76,1.27,43.04,31.94
495.47,0,,7.36,6.02,4,-2,10.61,-21.86,-6.36,56.08,11.30,,67.46,31.12,0,1,67.81,0.50,1.07,42.58,31.88
495.59,0,,7.36,6.02,4,-2,10.61,-21.86,-6.36,56.08,11.30,,67.46,31.15,0,1,67.30,0.18,0.91,42.10,31.72
495.68,0,,7.36,6.02,4,-2,10.61,-21.86,-6.36,56.08,11.30,,67.47,31.18,0,1,67.27,0.28,0.90,42.19,31.83
495.77,0,,7.36,6.02,4,-2,10.61,-21.86,-6.36,56.08,11.30,,67.48,31.20,0,1,67.16,-0.04,1.17,42.14,31.24
495.89,0,,7.36,6.02,4,-2,10.61,-21.86,-6.36,56.08,11.30,,67.48,31.23,0,1,67.08,-0.51,1.23,41.73,30.71
495.98,0,,7.36,6.02,4,-2,10.61,-21.86,-6.36,56.08,11.30,,67.48,31.25,0,1,67.30,-0.25,1.20,41.96,31.00
496.07,0,,7.36,6.02,4,-2,10.61,-21.86,-6.36,56.08,11.30,,67.48,31.26,0,1,67.37,0.19,1.17,42.37,31.47
496.19,0,,7.36,6.02,4,-2,10.61,-21.86,-6.36,56.08,11.30,,67.47,31.28,0,1,67.43,0.46,1.20,42.67,31.71
496.29,0,,7.36,6.02,4,-2,10.61,-21.86,-6.36,56.08,11.30,,67.47,31.30,0,1,67.83,0.25,1.37,42.63,31.33
496.37,0,,7.36,6.02,4,-2,10.61,-21.86,-6.36,56.08,11.30,,67.47,31.31,0,1,67.89,0.38,1.03,42.42,31.80
496.52,0,,7.36,6.02,4,-2,10.61,-21.86,-6.36,56.08,11.30,,67.48,31.33,0,1,68.67,1.00,0.50,42.51,32.95
496.58,0,,7.36,6.02,4,-2,10.61,-21.86,-6.36,56.08,11.30,,67.49,31.35,0,1,68.47,1.10,0.09,42.20,33.46
496.67,0,,7.36,6.02,4,-2,10.61,-21.86,-6.36,56.08,11.30,,67.50,31.39,0,1,68.31,1.19,-0.20,42.00,33.84
496.79,0,,6.66,6.82,4,-2,37.13,-19.57,-5.92,58.81,13.15,,67.52,31.43,0,1,68.79,1.14,-0.24,41.91,33.83
496.89,0,,6.60,7.22,4,-2,42.61,-19.37,-5.49,59.44,12.92,,67.54,31.48,0,1,68.99,0.91,-0.44,41.48,33.80
496.97,0,,6.60,7.22,4,-2,42.61,-19.37,-5.49,59.44,12.92,,67.57,31.55,0,1,68.52,0.89,-0.60,41.30,33.94
497.09,0,,7.08,7.98,4,-2,43.47,-18.06,-5.24,61.00,13.98,,67.60,31.61,0,1,68.52,0.76,-0.58,41.19,33.79
497.18,0,,7.59,8.35,4,-2,39.90,-17.78,-5.36,61.16,14.38,,67.63,31.69,0,1,68.78,0.59,-0.67,40.93,33.71
497.27,0,,7.59,8.35,4,-2,39.90,-17.78,-5.36,61.16,14.38,,67.67,31.76,0,1,66.82,-0.81,-0.61,39.59,32.25
497.39,0,,9.03,9.09,4,-2,43.04,-17.71,-5.65,60.94,14.74,,67.70,31.83,0,1,66.67,-3.14,-0.02,37.85,29.33
497.48,0,,9.03,9.09,4,-2,43.04,-17.71,-5.65,60.94,14.74,,67.71,31.88,0,1,64.47,-4.85,1.21,37.37,26.39
497.57,0,,9.93,9.45,4,-2,40.72,-18.01,-5.63,60.66,14.42,,67.71,31.89,0,1,63.87,-8.10,0.88,33.79,23.47
497.69,0,,11.98,10.14,4,-2,45.97,-17.77,-5.55,60.98,14.58,,67.69,31.86,0,1,66.55,-9.41,-2.23,29.37,25.27
497.78,0,,13.13,10.47,4,-2,43.76,-17.40,-5.60,61.30,15.00,,67.66,31.79,0,1,66.64,-5.95,-4.02,31.04,30.52
497.87,0,,13.13,10.47,4,-2,43.76,-17.40,-5.60,61.30,15.00,,67.63,31.72,0,1,67.17,-4.68,-3.10,33.23,30.87
498.02,0,,15.58,11.11,4,-2,42.45,-17.13,-5.73,61.44,15.40,,67.60,31.65,0,1,66.53,-6.14,-2.82,32.05,29.13
498.08,0,,16.85,11.42,4,-2,41.93,-17.63,-5.80,60.87,14.97,,67.57,31.57,0,1,65.88,-6.35,-2.98,31.68,29.08
498.17,0,,16.85,11.42,4,-2,41.93,-17.63,-5.80,60.87,14.97,,67.52,31.48,0,1,65.31,-8.16,-2.26,30.59,26.55
498.29,0,,19.40,12.00,4,-2,37.43,-17.69,-6.28,60.33,15.39,,67.48,31.38,0,1,64.69,-9.07,-1.92,30.02,25.30
498.38,0,,20.63,12.27,4,-2,36.94,-18.12,-6.25,59.93,14.93,,67.41,31.25,0,1,64.30,-8.97,-1.72,30.32,25.20
498.47,0,,20.63,12.27,4,-2,36.94,-18.12,-6.25,59.93,14.93,,67.34,31.10,0,1,64.02,-9.67,-1.71,29.63,24.49
498.59,0,,22.99,12.78,4,-2,36.13,-18.72,-6.18,59.40,14.26,,67.26,30.93,0,1,64.74,-9.45,-1.78,29.78,24.78
498.68,0,,24.10,13.01,4,-2,34.19,-18.45,-6.41,59.44,14.76,,67.17,30.74,0,1,64.79,-8.97,-1.66,30.38,25.14
498.77,0,,24.10,13.01,4,-2,34.19,-18.45,-6.41,59.44,14.76,,67.08,30.54,0,1,64.10,-9.06,-1.22,30.73,24.61
498.89,0,,26.15,13.43,4,-2,35.45,-18.66,-6.58,59.06,14.72,,66.97,30.32,0,1,63.22,-8.74,0.09,32.36,23.62
498.98,0,,26.15,13.43,4,-2,35.45,-18.66,-6.58,59.06,14.72,,66.86,30.09,0,1,63.32,-7.76,1.37,34.62,23.32
499.07,0,,27.10,13.62,4,-2,35.55,-18.93,-6.61,58.76,14.48,,66.74,29.84,0,1,63.80,-7.12,1.69,35.58,23.64
499.19,0,,28.84,13.95,4,-2,35.53,-18.89,-6.63,58.78,14.54,,66.62,29.58,0,1,64.18,-6.76,1.91,36.16,23.78
499.28,0,,29.64,14.10,4,-2,34.12,-18.53,-6.70,59.07,14.97,,66.49,29.32,1,0,63.72,-5.98,2.21,37.24,24.26
499.37,0,,29.64,14.10,4,-2,34.12,-18.53,-6.70,59.07,14.97,,66.36,29.05,1,0,63.99,-5.43,2.24,37.82,24.78
499.52,0,,31.06,14.35,4,-2,35.88,-18.78,-6.69,58.83,14.71,,66.23,28.79,1,0,64.08,-5.23,2.32,38.10,24.90
499.58,0,,31.68,14.47,4,-2,27.04,-18.85,-6.62,58.83,14.57,,66.10,28.53,1,0,64.21,-4.98,2.38,38.41,25.09
499.67,0,,31.68,14.47,4,-2,27.04,-18.85,-6.62,58.83,14.57,,65.97,28.28,1,0,64.19,-4.77,2.30,38.54,25.38
499.79,0,,32.65,14.66,4,-2,19.87,-19.25,-7.28,57.77,14.83,,65.85,28.04,1,0,64.52,-4.65,2.30,38.66,25.50
499.88,0,,32.99,14.74,4,-2,22.97,-19.58,-7.31,57.41,14.53,,65.73,27.81,1,0,64.13,-4.42,2.36,38.95,25.67
499.97,0,,32.99,14.74,4,-2,22.97,-19.58,-7.31,57.41,14.53,,65.62,27.59,1,0,64.53,-3.99,2.36,39.38,26.10
500.09,0,,33.28,14.87,4,-2,8.26,-20.25,-7.26,56.79,13.81,,65.51,27.38,1,0,64.18,-3.68,2.40,39.73,26.37
500.18,0,,33.23,14.92,4,-2,15.94,-20.02,-7.53,56.75,14.31,,65.40,27.19,1,0,64.59,-3.54,2.46,39.93,26.45
500.27,0,,33.23,14.92,4,-2,15.94,-20.02,-7.53,56.75,14.31,,65.30,27.02,1,0,64.06,-3.36,2.40,40.05,26.69
500.39,0,,32.79,15.00,4,-2,10.39,-20.38,-7.79,56.13,14.21,,65.21,26.86,1,0,64.85,-3.23,2.32,40.10,26.90
500.48,0,,32.79,15.00,4,-2,10.39,-20.38,-7.79,56.13,14.21,,65.12,26.72,1,0,64.50,-3.14,2.25,40.12,27.06
500.57,0,,32.42,15.02,4,-2,15.12,-20.46,-7.87,55.97,14.21,,65.04,26.60,1,0,64.48,-3.02,2.20,40.19,27.23
500.69,0,,31.49,15.05,4,-2,16.78,-20.10,-8.07,56.13,14.77,,64.96,26.49,1,0,64.67,-2.70,2.17,40.48,27.58
500.78,0,,30.98,15.06,4,-2,20.21,-19.87,-8.38,56.05,15.31,,64.89,26.40,1,0,65.16,-2.34,2.15,40.82,27.96
500.87,0,,30.98,15.06,4,-2,20.21,-19.87,-8.38,56.05,15.31,,64.83,26.33,1,0,64.94,-2.22,2.13,40.92,28.10
501.02,0,,29.91,15.08,4,-2,22.93,-20.07,-8.63,55.60,15.36,,64.77,26.27,1,0,64.93,-2.07,2.04,40.98,28.34
501.08,0,,29.38,15.09,4,-2,18.69,-20.36,-8.66,55.28,15.10,,64.73,26.24,1,0,65.33,-1.90,1.95,41.06,28.60
501.17,0,,29.38,15.09,4,-2,18.69,-20.36,-8.66,55.28,15.10,,64.69,26.22,1,0,65.13,-1.96,1.88,40.93,28.61
501.29,0,,28.33,15.11,4,-2,19.58,-20.03,-8.69,55.58,15.46,,64.65,26.22,1,0,65.38,-1.97,1.83,40.87,28.65
501.38,0,,27.81,15.12,4,-2,24.82,-20.00,-8.69,55.61,15.49,,64.63,26.23,1,0,65.42,-1.86,1.78,40.93,28.81
501.47,0,,27.81,15.12,4,-2,24.82,-20.00,-8.69,55.61,15.49,,64.61,26.26,1,0,65.10,-1.67,1.75,41.09,29.03
501.59,0,,26.81,15.14,4,-2,16.89,-20.92,-8.80,54.58,14.68,,64.60,26.30,1,0,64.74,-1.44,1.76,41.33,29.25
501.68,0,,26.29,15.15,4,-2,12.24,-20.63,-9.13,54.54,15.30,,64.59,26.35,1,0,65.29,-1.31,1.70,41.40,29.44
501.80,0,,25.75,15.16,4,-2,14.68,-20.76,-9.33,54.21,15.37,,64.58,26.41,1,0,65.31,-1.19,1.59,41.41,29.67
501.89,0,,25.24,15.17,4,-2,44.59,-23.83,-10.13,50.34,13.10,,64.58,26.49,1,0,65.78,-1.13,1.53,41.41,29.79
501.98,0,,25.24,15.17,4,-2,44.59,-23.83,-10.13,50.34,13.10,,64.59,26.58,1,0,65.24,-1.19,1.46,41.28,29.80
502.07,0,,24.87,15.16,4,-2,50.88,-27.57,-12.07,44.66,11.30,,64.60,26.67,2,-1,65.15,-1.28,1.44,41.17,29.73
502.19,0,,24.71,15.08,4,-2,72.86,-36.06,-16.81,31.43,7.55,,64.61,26.78,2,-1,65.24,-1.35,1.37,41.03,29.73
502.28,0,,25.00,14.98,4,-2,84.97,-47.47,-23.38,13.45,2.71,,64.62,26.89,2,-1,65.87,-1.30,1.27,40.98,29.88
502.37,0,,25.00,14.98,4,-2,84.97,-47.47,-23.38,13.45,2.71,,64.64,27.01,2,-1,64.86,-1.13,1.31,41.19,30.01
502.52,0,,26.45,14.59,4,-2,60.20,-57.48,-30.58,-3.76,-0.10,,64.66,27.13,2,-1,65.20,-0.98,1.32,41.35,30.15
502.58,0,,27.44,14.31,4,-2,60.11,-44.74,-25.74,13.82,7.80,,64.68,27.26,2,-1,65.38,-0.94,1.24,41.31,30.27
502.67,0,,27.44,14.31,4,-2,60.11,-44.74,-25.74,13.82,7.80,,64.70,27.39,4,-2,65.23,-0.95,1.21,41.27,30.29
502.79,0,,29.63,13.75,3,-1,56.81,-23.06,-6.57,54.67,10.31,,64.73,27.52,4,-2,65.38,-0.98,1.15,41.18,30.32
502.88,0,,30.78,13.50,3,-1,53.67,-23.08,-11.81,49.41,15.53,,64.75,27.66,4,-2,65.76,-1.06,1.05,41.00,30.34
502.97,0,,30.78,13.50,3,-1,53.67,-23.08,-11.81,49.41,15.53,,64.78,27.80,4,-2,65.59,-1.13,1.02,40.90,30.30
503.09,0,,33.12,13.10,4,-2,52.08,-23.43,-12.14,48.73,15.51,,64.81,27.93,4,-2,65.49,-1.23,0.97,40.75,30.25
503.18,0,,34.29,12.96,4,-2,56.95,-21.41,-11.78,51.11,17.17,,64.84,28.07,4,-2,65.36,-1.28,0.91,40.64,30.26
503.27,0,,34.29,12.96,4,-2,56.95,-21.41,-11.78,51.11,17.17,,64.87,28.21,4,-2,65.35,-1.12,0.90,40.79,30.43
503.39,0,,36.60,12.76,4,-2,49.89,-21.14,-10.99,52.17,16.65,,64.90,28.34,4,-2,65.49,-0.91,0.93,41.03,30.61
503.48,0,,36.60,12.76,4,-2,49.89,-21.14,-10.99,52.17,16.65,,64.93,28.47,4,-2,65.36,-0.94,0.94,41.01,30.57
503.57,0,,37.71,12.71,0,2,53.18,-20.34,-10.96,53.00,17.42,,64.96,28.61,4,-2,65.06,-1.01,0.94,40.94,30.50
503.69,0,,39.84,12.71,0,2,51.85,-19.71,-10.60,53.99,17.69,,64.99,28.73,4,-2,65.65,-0.98,0.92,40.95,30.55
503.78,0,,40.85,12.75,0,2,51.63,-19.17,-10.60,54.53,18.23,,65.01,28.86,4,-2,65.73,-1.01,0.85,40.85,30.59
503.87,0,,40.85,12.75,0,2,51.63,-19.17,-10.60,54.53,18.23,,65.04,28.98,4,-2,65.18,-1.09,0.82,40.74,30.54
504.02,0,,42.74,12.91,0,2,53.58,-19.33,-10.46,54.51,17.93,,65.07,29.10,4,-2,65.46,-1.18,0.86,40.69,30.41
504.08,0,,43.63,13.02,0,2,54.19,-19.81,-10.63,53.86,17.62,,65.10,29.21,4,-2,65.59,-1.19,0.79,40.61,30.47
504.17,0,,43.63,13.02,0,2,54.19,-19.81,-10.63,53.86,17.62,,65.12,29.32,4,-2,65.51,-1.17,0.76,40.60,30.52
504.29,0,,45.30,13.30,0,2,52.99,-20.01,-11.10,53.19,17.89,,65.15,29.43,4,-2,65.45,-1.06,0.78,40.73,30.61
504.38,0,,46.07,13.46,0,2,48.77,-20.22,-11.20,52.88,17.78,,65.17,29.53,4,-2,64.97,-0.95,0.77,40.83,30.73
504.47,0,,46.07,13.46,0,2,48.77,-20.22,-11.20,52.88,17.78,,65.20,29.63,4,-2,65.69,-0.96,0.82,40.87,30.67
504.59,0,,47.46,13.80,0,2,54.48,-20.32,-11.39,52.59,17.87,,65.22,29.72,4,-2,65.61,-0.93,0.83,40.91,30.69
504.68,0,,48.10,13.98,0,2,52.07,-20.05,-11.53,52.72,18.28,,65.24,29.81,4,-2,64.92,-0.99,0.79,40.81,30.67
504.77,0,,48.10,13.98,0,2,52.07,-20.05,-11.53,52.72,18.28,,65.26,29.89,4,-2,65.07,-1.11,0.84,40.74,30.50
504.89,0,,49.27,14.36,0,2,51.88,-20.38,-11.63,52.29,18.05,,65.27,29.97,4,-2,65.44,-1.17,0.79,40.63,30.49
504.98,0,,49.27,14.36,0,2,51.88,-20.38,-11.63,52.29,18.05,,65.29,30.04,4,-2,65.72,-1.28,0.72,40.45,30.45
505.07,0,,49.79,14.56,0,2,53.03,-20.54,-11.67,52.09,17.93,,65.30,30.11,2,-1,65.34,-1.32,0.74,40.43,30.39
505.19,0,,50.73,14.94,0,2,50.79,-20.46,-11.77,52.07,18.11,,65.31,30.17,2,-1,65.21,-1.25,0.70,40.46,30.50
505.29,0,,51.13,15.14,0,2,50.30,-20.23,-12.05,52.02,18.62,,65.33,30.23,2,-1,65.76,-1.15,0.72,40.58,30.58
505.37,0,,51.13,15.14,0,2,50.30,-20.23,-12.05,52.02,18.62,,65.34,30.29,2,-1,65.51,-1.12,0.76,40.65,30.57
505.52,0,,51.82,15.51,0,2,52.80,-20.75,-11.83,51.72,17.88,,65.35,30.34,2,-1,65.13,-1.15,0.71,40.57,30.59
505.58,0,,52.11,15.70,0,2,48.88,-20.86,-11.82,51.62,17.76,,65.36,30.38,2,-1,65.92,-1.15,0.69,40.55,30.61
505.67,0,,52.11,15.70,0,2,48.88,-20.86,-11.82,51.62,17.76,,65.37,30.43,2,-1,65.24,-1.24,0.73,40.50,30.48
505.79,0,,52.60,16.04,0,2,55.51,-19.44,-11.50,53.36,18.86,,65.38,30.46,2,-1,65.24,-1.38,0.71,40.34,30.36
505.88,0,,52.82,16.22,0,2,55.57,-18.47,-11.02,54.81,19.35,,65.39,30.50,2,-1,65.79,-1.38,0.63,40.26,30.44
505.97,0,,52.82,16.22,0,2,55.57,-18.47,-11.02,54.81,19.35,,65.40,30.53,2,-1,65.56,-1.45,0.63,40.19,30.37
506.09,0,,53.27,16.56,0,2,57.77,-18.29,-10.39,55.62,18.90,,65.41,30.55,2,-1,65.05,-1.48,0.70,40.23,30.27
506.18,0,,53.50,16.73,0,2,57.41,-17.77,-10.50,56.03,19.53,,65.42,30.57,2,-1,65.77,-1.22,0.71,40.50,30.52
506.27,0,,53.50,16.73,0,2,57.41,-17.77,-10.50,56.03,19.53,,65.43,30.59,2,-1,65.29,-1.12,0.74,40.63,30.59
506.39,0,,53.96,17.06,0,2,55.83,-18.17,-10.18,55.95,18.81,,65.43,30.61,2,-1,65.85,-1.19,0.73,40.55,30.53
506.48,0,,53.96,17.06,0,2,55.83,-18.17,-10.18,55.95,18.81,,65.44,30.62,2,-1,65.33,-1.10,0.70,40.61,30.65
506.57,0,,54.17,17.22,0,2,54.66,-18.80,-10.40,55.10,18.40,,65.45,30.64,2,-1,65.32,-1.18,0.77,40.60,30.50
506.69,0,,54.59,17.48,0,2,66.97,-38.29,-20.05,25.96,8.56,,65.45,30.65,2,-1,65.49,-1.29,0.77,40.49,30.39
506.78,0,,54.86,17.53,0,2,76.11,-49.52,-28.74,6.04,6.02,,65.46,30.66,2,-1,65.25,-1.29,0.71,40.43,30.45
506.87,0,,54.86,17.53,0,2,76.11,-49.52,-28.74,6.04,6.02,,65.46,30.66,2,-1,65.32,-1.35,0.71,40.37,30.39
507.02,0,,55.61,17.44,0,2,55.32,-42.56,-24.34,17.40,8.58,,65.46,30.67,2,-1,65.25,-1.26,0.69,40.44,30.50
507.08,0,,56.02,17.32,0,2,73.27,-41.97,-23.32,19.01,8.15,,65.46,30.67,2,-1,65.10,-1.08,0.69,40.62,30.68
507.17,0,,56.02,17.32,0,2,73.27,-41.97,-23.32,19.01,8.15,,65.46,30.67,2,-1,65.26,-1.07,0.73,40.67,30.65
507.29,0,,56.91,16.98,0,2,64.46,-28.36,-15.52,40.42,13.96,,65.46,30.67,2,-1,65.65,-1.05,0.72,40.68,30.68
507.38,0,,57.36,16.80,0,2,64.79,-26.31,-13.44,44.55,13.93,,65.46,30.68,2,-1,65.96,-1.00,0.72,40.73,30.73
507.47,0,,57.36,16.80,0,2,64.79,-26.31,-13.44,44.55,13.93,,65.46,30.68,2,-1,65.87,-1.08,0.75,40.68,30.62
507.59,0,,58.24,16.48,0,2,65.00,-16.78,-6.72,60.80,16.74,,65.46,30.68,2,-1,65.48,-1.20,0.74,40.55,30.51
507.68,0,,58.67,16.34,0,2,67.11,-17.04,-8.28,58.98,18.04,,65.47,30.68,2,-1,65.27,-1.24,0.73,40.50,30.48
507.77,0,,58.67,16.34,0,2,67.11,-17.04,-8.28,58.98,18.04,,65.47,30.68,2,-1,65.55,-1.25,0.71,40.47,30.49
507.89,0,,59.52,16.16,0,2,65.26,-15.06,-6.29,62.95,18.03,,65.47,30.68,2,-1,65.89,-1.11,0.68,40.58,30.66
507.98,0,,59.52,16.16,0,2,65.26,-15.06,-6.29,62.95,18.03,,65.48,30.67,2,-1,65.33,-0.91,0.72,40.82,30.82
508.07,0,,59.93,16.10,0,2,65.62,-11.79,-4.34,68.17,19.35,,65.48,30.67,2,-1,65.48,-0.92,0.74,40.83,30.79
508.19,0,,60.73,16.06,0,2,66.46,-10.94,-4.17,69.19,20.03,,65.48,30.67,2,-1,65.91,-0.93,0.75,40.83,30.77
508.28,0,,61.11,16.08,0,2,66.71,-12.52,-5.99,65.79,20.27,,65.49,30.67,2,-1,65.50,-0.89,0.78,40.90,30.78
508.37,0,,61.11,16.08,0,2,66.71,-12.52,-5.99,65.79,20.27,,65.49,30.67,1,0,65.65,-0.97,0.73,40.77,30.75
508.53,0,,61.84,16.18,0,2,63.96,-2.39,1.96,83.87,22.45,,65.50,30.67,1,0,65.63,-1.06,0.67,40.62,30.72
508.58,0,,62.18,16.27,0,2,66.14,2.87,6.91,94.08,22.76,,65.50,30.68,1,0,65.52,-1.11,0.67,40.57,30.67
508.67,0,,62.18,16.27,0,2,66.14,2.87,6.91,94.08,22.76,,65.51,30.68,1,0,65.25,-1.09,0.72,40.64,30.64
508.79,0,,62.81,16.51,0,2,64.79,-12.09,-4.51,67.70,19.22,,65.51,30.68,1,0,65.26,-0.93,0.79,40.87,30.73
508.89,0,,63.09,16.65,0,2,64.83,-18.29,-9.12,56.89,17.63,,65.51,30.68,1,0,65.68,-0.85,0.79,40.95,30.81
508.97,0,,63.09,16.65,0,2,64.83,-18.29,-9.12,56.89,17.63,,65.51,30.68,1,0,65.68,-0.89,0.76,40.88,30.80
509.10,0,,63.59,16.90,0,2,63.32,-20.51,-9.70,54.09,15.99,,65.52,30.68,1,0,65.66,-0.90,0.74,40.85,30.81
509.18,0,,63.80,17.00,0,2,63.85,-24.77,-12.62,46.91,14.65,,65.52,30.69,1,0,65.92,-0.91,0.74,40.84,30.80
509.28,0,,63.80,17.00,0,2,63.85,-24.77,-12.62,46.91,14.65,,65.52,30.69,1,0,65.74,-0.97,0.73,40.77,30.75
509.39,0,,64.15,17.13,0,2,61.00,-25.13,-12.03,47.14,13.70,,65.53,30.69,1,0,65.46,-1.04,0.69,40.66,30.72
509.48,0,,64.15,17.13,0,2,61.00,-25.13,-12.03,47.14,13.70,,65.53,30.69,1,0,65.45,-1.05,0.68,40.64,30.72
509.57,0,,64.29,17.16,0,2,61.58,-24.25,-10.96,49.09,13.51,,65.54,30.70,1,0,65.05,-0.95,0.74,40.80,30.76
509.69,0,,64.45,17.15,0,2,61.39,-23.76,-10.64,49.90,13.68,,65.54,30.70,1,0,65.59,-0.82,0.78,40.97,30.85
509.79,0,,64.50,17.12,0,2,64.89,-28.29,-14.17,41.84,12.68,,65.54,30.70,1,0,64.95,-0.78,0.74,40.97,30.93
509.87,0,,64.50,17.12,0,2,64.89,-28.29,-14.17,41.84,12.68,,65.54,30.71,1,0,65.50,-0.76,0.77,41.02,30.92
510.02,0,,64.56,16.98,0,2,61.68,-34.88,-18.44,30.98,10.36,,65.54,30.71,1,0,65.37,-0.76,0.80,41.05,30.89
510.08,0,,64.57,16.87,0,2,61.47,-33.78,-17.55,32.97,10.57,,65.53,30.72,1,0,65.64,-0.84,0.80,40.97,30.81
510.17,0,,64.57,16.87,0,2,61.47,-33.78,-17.55,32.97,10.57,,65.53,30.72,1,0,65.52,-0.94,0.79,40.86,30.72
510.29,0,,64.53,16.58,0,2,61.31,-31.16,-16.13,37.01,11.77,,65.53,30.73,1,0,65.65,-0.99,0.75,40.77,30.71
510.39,0,,64.49,16.42,0,2,60.98,-31.60,-16.04,36.66,11.24,,65.53,30.73,1,0,65.15,-1.05,0.73,40.69,30.67
510.54,0,,64.43,16.24,0,2,61.55,-32.12,-16.59,35.59,11.27,,65.52,30.74,1,0,65.73,-0.99,0.77,40.79,30.69
510.59,0,,64.36,16.06,0,2,62.15,-32.27,-16.10,35.93,10.63,,65.52,30.74,1,0,66.01,-0.74,0.78,41.05,30.93
510.68,0,,64.29,15.86,0,2,64.22,-33.19,-16.88,34.23,10.49,,65.52,30.74,1,0,65.59,-0.66,0.79,41.14,31.00
510.80,0,,64.22,15.65,0,2,61.38,-33.99,-17.76,32.55,10.57,,65.53,30.75,1,0,65.58,-0.76,0.84,41.09,30.85
510.90,0,,64.14,15.43,0,2,61.35,-33.73,-17.26,33.31,10.33,,65.53,30.75,1,0,65.38,-0.74,0.85,41.12,30.86
510.98,0,,64.14,15.43,0,2,61.35,-33.73,-17.26,33.31,10.33,,65.53,30.76,1,0,65.45,-0.76,0.83,41.08,30.86
511.07,0,,64.06,15.21,0,2,61.05,-33.15,-16.56,34.59,10.21,,65.53,30.76,1,0,64.83,-0.86,0.84,40.99,30.75
511.19,0,,63.85,14.74,0,2,59.17,-32.81,-15.76,35.73,9.75,,65.52,30.76,1,0,65.23,-0.92,0.81,40.90,30.72
511.28,0,,63.73,14.50,0,2,58.47,-33.07,-15.52,35.71,9.25,,65.52,30.77,1,0,65.41,-1.00,0.79,40.80,30.66
511.38,0,,63.73,14.50,0,2,58.47,-33.07,-15.52,35.71,9.25,,65.51,30.77,1,0,65.52,-0.97,0.80,40.84,30.68
511.52,0,,63.44,14.01,0,2,61.60,-32.89,-15.44,35.97,9.35,,65.51,30.77,1,0,65.75,-0.78,0.83,41.06,30.84
511.58,0,,63.29,13.76,0,2,62.43,-32.31,-15.80,36.19,10.29,,65.51,30.77,1,0,65.26,-0.75,0.85,41.11,30.85
511.67,0,,63.29,13.76,0,2,62.43,-32.31,-15.80,36.19,10.29,,65.50,30.78,0,1,65.18,-0.82,0.83,41.02,30.80
511.79,0,,63.03,13.29,0,2,62.14,-31.05,-16.39,36.86,12.14,,65.50,30.78,0,1,65.80,-0.78,0.81,41.04,30.86
511.88,0,,62.91,13.08,0,2,61.89,-31.84,-16.31,36.15,11.27,,65.49,30.78,0,1,65.57,-0.78,0.80,41.03,30.87
511.97,0,,62.91,13.08,0,2,61.89,-31.84,-16.31,36.15,11.27,,65.49,30.78,0,1,65.72,-0.84,0.79,40.96,30.82
512.11,0,,62.66,12.67,0,2,50.04,-36.46,-15.05,32.79,5.39,,65.49,30.79,0,1,65.69,-0.87,0.78,40.92,30.80
512.18,0,,62.48,12.45,0,2,61.50,-38.44,-15.95,29.91,4.31,,65.49,30.79,0,1,65.10,-0.96,0.81,40.86,30.68
512.27,0,,62.48,12.45,0,2,61.50,-38.44,-15.95,29.91,4.31,,65.49,30.79,0,1,65.41,-1.00,0.87,40.88,30.58
512.39,0,,62.17,11.98,0,2,63.01,-34.89,-18.42,30.99,10.33,,65.49,30.79,0,1,65.82,-0.84,0.88,41.05,30.73
512.48,0,,62.17,11.98,0,2,63.01,-34.89,-18.42,30.99,10.33,,65.49,30.79,0,1,65.94,-0.71,0.90,41.20,30.84
512.57,0,,62.05,11.75,0,2,62.99,-36.23,-18.04,30.03,8.61,,65.49,30.79,1,0,65.78,-0.73,0.95,41.23,30.77
512.69,0,,61.86,11.31,0,2,61.97,-36.42,-18.87,29.01,9.25,,65.49,30.79,1,0,65.82,-0.69,0.93,41.25,30.83
512.78,0,,61.78,11.11,0,2,58.46,-36.94,-18.65,28.71,8.51,,65.50,30.79,1,0,65.43,-0.79,0.91,41.13,30.75
512.87,0,,61.78,11.11,0,2,58.46,-36.94,-18.65,28.71,8.51,,65.50,30.79,1,0,65.19,-0.98,0.93,40.96,30.54
513.02,0,,61.59,10.73,0,2,59.46,-36.12,-18.24,29.94,8.92,,65.51,30.79,1,0,65.78,-1.00,0.92,40.93,30.53
513.08,0,,61.49,10.55,0,2,54.88,-36.79,-17.84,29.67,7.85,,65.51,30.78,1,0,65.83,-1.01,0.94,40.94,30.50
513.17,0,,61.49,10.55,0,2,54.88,-36.79,-17.84,29.67,7.85,,65.52,30.78,1,0,65.56,-0.91,0.94,41.04,30.60
513.29,0,,61.17,10.18,0,2,47.88,-36.47,-14.09,33.74,4.42,,65.52,30.77,1,0,65.01,-0.75,0.97,41.23,30.73
513.39,0,,60.94,9.99,0,2,48.62,-33.70,-13.64,36.96,6.74,,65.52,30.77,1,0,65.85,-0.70,1.02,41.33,30.73
513.47,0,,60.94,9.99,0,2,48.62,-33.70,-13.64,36.96,6.74,,65.53,30.76,1,0,66.06,-0.63,1.00,41.38,30.82
513.59,0,,60.34,9.61,0,2,52.33,-33.10,-14.26,36.94,7.96,,65.53,30.76,1,0,65.59,-0.52,1.07,41.56,30.86
513.68,0,,60.01,9.44,0,2,52.53,-31.31,-14.55,38.44,10.04,,65.54,30.76,1,0,65.60,-0.59,1.09,41.51,30.77
513.77,0,,60.01,9.44,0,2,52.53,-31.31,-14.55,38.44,10.04,,65.54,30.76,1,0,65.54,-0.71,1.06,41.36,30.68
513.89,0,,59.33,9.16,0,2,52.54,-30.61,-14.22,39.47,10.41,,65.55,30.75,1,0,66.02,-0.69,1.06,41.38,30.70
513.98,0,,59.33,9.16,0,2,52.54,-30.61,-14.22,39.47,10.41,,65.55,30.75,1,0,65.09,-0.55,1.10,41.56,30.80
514.07,0,,58.99,9.05,0,2,53.53,-30.18,-14.07,40.05,10.69,,65.56,30.75,1,0,66.06,-0.32,1.11,41.80,31.02
514.19,0,,58.32,8.91,0,2,54.71,-29.43,-14.41,40.46,11.78,,65.56,30.75,1,0,65.98,-0.30,1.13,41.84,31.02
514.28,0,,58.02,8.87,0,2,68.14,-29.10,-14.87,40.33,12.57,,65.57,30.75,1,0,65.25,-0.38,1.25,41.88,30.82
514.37,0,,58.02,8.87,0,2,68.14,-29.10,-14.87,40.33,12.57,,65.58,30.75,1,0,65.64,-0.32,1.27,41.96,30.86
514.52,0,,57.63,8.86,0,2,68.53,-30.30,-15.96,38.04,12.46,,65.58,30.75,1,0,65.57,-0.36,1.23,41.88,30.86
514.59,0,,57.56,8.89,0,2,69.59,-29.00,-16.02,39.28,13.82,,65.59,30.75,1,0,66.20,-0.45,1.26,41.82,30.74
514.67,0,,57.56,8.89,0,2,69.59,-29.00,-16.02,39.28,13.82,,65.59,30.76,1,0,65.13,-0.47,1.24,41.78,30.74
514.79,0,,57.64,9.02,0,2,70.57,-27.62,-15.80,40.88,14.98,,65.60,30.76,1,0,65.41,-0.53,1.22,41.70,30.70
514.88,0,,57.78,9.13,0,2,70.46,-26.99,-16.99,40.32,16.80,,65.60,30.76,1,0,65.36,-0.45,1.22,41.78,30.78
514.97,0,,57.78,9.13,0,2,70.46,-26.99,-16.99,40.32,16.80,,65.60,30.76,1,0,65.76,-0.35,1.23,41.89,30.87
515.09,0,,58.23,9.45,0,2,71.35,-26.95,-17.62,39.73,17.47,,65.60,30.76,1,0,65.25,-0.44,1.26,41.83,30.75
515.18,0,,58.54,9.66,0,2,71.77,-27.86,-18.52,37.92,17.46,,65.60,30.76,1,0,65.33,-0.46,1.21,41.76,30.78
515.27,0,,58.54,9.66,0,2,71.77,-27.86,-18.52,37.92,17.46,,65.60,30.76,1,0,65.50,-0.49,1.19,41.71,30.77
515.39,0,,59.28,10.14,0,2,72.08,-29.38,-19.39,35.53,16.81,,65.60,30.76,1,0,65.74,-0.60,1.19,41.60,30.66
515.48,0,,59.28,10.14,0,2,72.08,-29.38,-19.39,35.53,16.81,,65.60,30.76,1,0,65.64,-0.69,1.14,41.46,30.62
515.57,0,,59.70,10.40,0,2,73.17,-28.79,-19.30,36.21,17.31,,65.60,30.76,1,0,65.27,-0.76,1.13,41.38,30.56
515.69,0,,60.63,10.96,0,2,73.10,-29.86,-19.97,34.47,16.91,,65.59,30.76,1,0,66.05,-0.68,1.15,41.48,30.62
515.78,0,,61.14,11.26,0,2,73.43,-29.60,-20.18,34.52,17.38,,65.59,30.76,1,0,65.48,-0.60,1.14,41.55,30.71
515.87,0,,61.14,11.26,0,2,73.43,-29.60,-20.18,34.52,17.38,,65.59,30.76,1,0,65.45,-0.67,1.17,41.51,30.61
516.03,0,,62.19,11.86,3,1,71.32,-25.41,-16.14,42.75,17.53,,65.59,30.75,1,0,65.05,-0.71,1.19,41.49,30.55
516.08,0,,62.72,12.16,3,1,72.64,-25.54,-16.52,42.24,17.78,,65.59,30.75,1,0,65.21,-0.76,1.22,41.47,30.47
516.17,0,,62.72,12.16,3,1,72.64,-25.54,-16.52,42.24,17.78,,65.58,30.75,1,0,65.12,-0.83,1.18,41.36,30.44
516.29,0,,63.77,12.77,3,1,70.56,-29.84,-19.61,34.85,16.57,,65.57,30.74,1,0,65.49,-0.84,1.09,41.26,30.52
516.38,0,,64.28,13.06,3,1,71.71,-31.14,-20.37,32.79,16.03,,65.56,30.73,1,0,65.57,-0.87,1.12,41.26,30.46
516.47,0,,64.28,13.06,3,1,71.71,-31.14,-20.37,32.79,16.03,,65.56,30.72,1,0,65.27,-0.86,1.12,41.27,30.47
516.59,0,,65.26,13.61,3,1,72.29,-31.77,-20.04,32.49,15.07,,65.55,30.72,1,0,66.04,-0.72,1.11,41.40,30.62
516.68,0,,65.74,13.86,3,1,72.18,-31.19,-19.98,33.13,15.59,,65.55,30.71,1,0,65.93,-0.67,1.15,41.49,30.63
516.77,0,,65.74,13.86,3,1,72.18,-31.19,-19.98,33.13,15.59,,65.54,30.70,1,0,66.00,-0.71,1.17,41.47,30.57
516.89,0,,66.64,14.32,3,1,71.82,-30.23,-19.37,34.70,15.94,,65.55,30.69,1,0,66.05,-0.70,1.20,41.51,30.55
516.98,0,,66.64,14.32,3,1,71.82,-30.23,-19.37,34.70,15.94,,65.55,30.68,1,0,65.80,-0.76,1.22,41.47,30.47
517.07,0,,67.07,14.53,3,1,72.16,-30.31,-19.25,34.74,15.74,,65.55,30.67,1,0,65.86,-0.87,1.22,41.36,30.36
517.19,0,,67.88,14.91,3,1,72.64,-29.90,-19.29,35.11,16.19,,65.56,30.67,1,0,65.69,-0.93,1.21,41.29,30.31
517.28,0,,68.26,15.08,3,1,72.82,-29.69,-19.46,35.15,16.57,,65.57,30.65,1,0,65.94,-0.93,1.20,41.28,30.32
517.37,0,,68.26,15.08,3,1,72.82,-29.69,-19.46,35.15,16.57,,65.58,30.64,1,0,65.66,-0.81,1.23,41.43,30.41
517.52,0,,68.98,15.39,3,1,71.18,-29.83,-19.02,35.45,15.99,,65.58,30.63,1,0,65.77,-0.67,1.25,41.59,30.53
517.58,0,,69.31,15.53,3,1,71.95,-29.58,-18.97,35.75,16.19,,65.59,30.62,1,0,65.77,-0.71,1.25,41.55,30.49
517.67,0,,69.31,15.53,3,1,71.95,-29.58,-18.97,35.75,16.19,,65.60,30.61,1,0,65.44,-0.74,1.24,41.51,30.47
517.79,0,,69.92,15.78,3,1,71.88,-28.76,-18.84,36.70,16.88,,65.60,30.60,1,0,65.27,-0.71,1.26,41.56,30.48
517.88,0,,70.19,15.90,3,1,72.35,-27.96,-18.13,38.21,16.97,,65.61,30.59,1,0,65.64,-0.78,1.27,41.50,30.40
517.97,0,,70.19,15.90,3,1,72.35,-27.96,-18.13,38.21,16.97,,65.61,30.58,1,0,65.42,-0.82,1.24,41.43,30.39
518.09,0,,70.69,16.12,0,2,70.96,-26.22,-16.10,41.98,16.68,,65.61,30.57,1,0,65.67,-0.87,1.23,41.37,30.35
518.18,0,,70.91,16.22,0,2,71.11,-26.98,-17.05,40.27,16.87,,65.62,30.56,1,0,65.51,-1.02,1.21,41.20,30.22
518.27,0,,70.91,16.22,0,2,71.11,-26.98,-17.05,40.27,16.87,,65.62,30.55,1,0,65.55,-1.03,1.24,41.22,30.18
518.39,0,,71.28,16.40,0,2,70.33,-27.58,-17.08,39.64,16.30,,65.62,30.54,1,0,65.63,-0.87,1.30,41.44,30.28
518.48,0,,71.28,16.40,0,2,70.33,-27.58,-17.08,39.64,16.30,,65.62,30.52,1,0,65.60,-0.83,1.28,41.46,30.34
518.57,0,,71.44,16.48,0,2,70.21,-27.64,-16.87,39.79,16.03,,65.62,30.51,1,0,65.75,-0.83,1.24,41.42,30.38
518.69,0,,71.70,16.61,0,2,71.13,-27.72,-16.98,39.60,16.06,,65.62,30.50,1,0,65.83,-0.78,1.23,41.46,30.44
518.78,0,,71.80,16.65,0,2,70.66,-27.35,-17.14,39.81,16.59,,65.62,30.49,1,0,65.47,-0.85,1.24,41.40,30.36
518.87,0,,71.80,16.65,0,2,70.66,-27.35,-17.14,39.81,16.59,,65.63,30.48,1,0,65.77,-0.94,1.27,41.34,30.24
519.03,0,,71.95,16.73,0,2,71.28,-27.77,-17.15,39.38,16.18,,65.63,30.47,1,0,65.85,-0.97,1.26,41.30,30.22
519.08,0,,72.01,16.76,0,2,71.70,-27.94,-17.26,39.10,16.12,,65.63,30.46,1,0,65.48,-1.06,1.23,41.18,30.16
519.17,0,,72.01,16.76,0,2,71.70,-27.94,-17.26,39.10,16.12,,65.63,30.44,1,0,65.77,-1.03,1.22,41.20,30.20
519.29,0,,72.10,16.81,0,2,70.63,-27.57,-17.29,39.44,16.52,,65.63,30.43,1,0,65.55,-0.83,1.22,41.40,30.40
519.38,0,,72.13,16.82,0,2,70.82,-27.76,-17.02,39.52,16.06,,65.64,30.42,1,0,65.45,-0.76,1.28,41.53,30.41
519.47,0,,72.13,16.82,0,2,70.82,-27.76,-17.02,39.52,16.06,,65.64,30.41,1,0,66.18,-0.78,1.32,41.55,30.35
519.59,0,,72.14,16.84,0,2,70.14,-28.40,-16.39,39.51,14.79,,65.64,30.40,1,0,66.21,-0.70,1.28,41.59,30.47
519.68,0,,72.12,16.83,0,2,68.59,-28.19,-16.55,39.56,15.16,,65.65,30.39,1,0,65.83,-0.69,1.29,41.61,30.47
519.77,0,,72.12,16.83,0,2,68.59,-28.19,-16.55,39.56,15.16,,65.65,30.39,1,0,65.94,-0.81,1.32,41.52,30.32
519.89,0,,72.04,16.80,0,2,69.89,-28.38,-16.66,39.26,15.08,,65.66,30.38,1,0,65.01,-0.91,1.27,41.37,30.27
519.98,0,,72.04,16.80,0,2,69.89,-28.38,-16.66,39.26,15.08,,65.67,30.37,2,-1,66.09,-0.92,1.27,41.36,30.26
520.07,0,,71.99,16.77,0,2,70.76,-28.44,-16.80,39.06,15.16,,65.67,30.37,2,-1,65.44,-0.87,1.27,41.41,30.31
520.19,0,,71.87,16.69,0,2,69.99,-28.32,-16.99,38.99,15.47,,65.67,30.36,2,-1,65.68,-0.81,1.24,41.44,30.40
520.28,0,,71.87,16.69,0,2,69.99,-28.32,-16.99,38.99,15.47,,65.68,30.36,2,-1,65.43,-0.66,1.32,41.67,30.47
520.37,0,,71.80,16.65,0,2,68.91,-28.24,-17.06,39.00,15.62,,65.68,30.35,2,-1,65.08,-0.62,1.42,41.81,30.41
520.52,0,,71.65,16.55,0,2,68.29,-29.03,-16.45,38.82,14.22,,65.68,30.35,2,-1,65.29,-0.66,1.37,41.72,30.42
520.58,0,,71.55,16.50,0,2,67.67,-29.11,-16.32,38.87,14.01,,65.67,30.35,2,-1,65.49,-0.58,1.33,41.76,30.54
520.67,0,,71.55,16.50,0,2,67.67,-29.11,-16.32,38.87,14.01,,65.67,30.35,2,-1,65.83,-0.64,1.35,41.72,30.46
520.79,0,,71.33,16.36,0,2,68.68,-28.57,-16.43,39.30,14.66,,65.66,30.34,2,-1,64.96,-0.71,1.30,41.60,30.44
520.88,0,,71.21,16.29,0,2,68.72,-28.65,-16.59,39.06,14.74,,65.66,30.34,2,-1,65.78,-0.75,1.25,41.51,30.45
520.97,0,,71.21,16.29,0,2,68.72,-28.65,-16.59,39.06,14.74,,65.65,30.35,2,-1,65.62,-0.93,1.30,41.38,30.22
521.09,0,,70.96,16.14,0,2,68.32,-29.24,-16.48,38.58,14.04,,65.65,30.35,2,-1,65.62,-0.90,1.30,41.41,30.25
521.19,0,,70.83,16.07,0,2,68.28,-29.03,-16.75,38.52,14.52,,65.64,30.34,2,-1,65.49,-0.70,1.25,41.56,30.50
521.27,0,,70.83,16.07,0,2,68.28,-29.03,-16.75,38.52,14.52,,65.64,30.35,2,-1,65.41,-0.74,1.28,41.55,30.43
521.39,0,,70.58,15.91,0,2,69.13,-29.10,-16.50,38.70,14.20,,65.63,30.35,2,-1,65.07,-0.80,1.28,41.49,30.37
521.48,0,,70.58,15.91,0,2,69.13,-29.10,-16.50,38.70,14.20,,65.62,30.35,2,-1,66.15,-0.73,1.27,41.55,30.45
521.57,0,,70.46,15.84,0,2,68.09,-29.12,-16.47,38.71,14.15,,65.62,30.35,2,-1,65.46,-0.79,1.29,41.51,30.37
521.69,0,,70.22,15.68,0,2,69.10,-29.13,-16.36,38.81,14.03,,65.61,30.35,2,-1,65.42,-0.89,1.25,41.37,30.31
521.78,0,,70.11,15.59,0,2,67.67,-28.95,-16.52,38.83,14.37,,65.61,30.35,2,-1,65.61,-0.89,1.21,41.33,30.35
521.88,0,,70.11,15.59,0,2,67.67,-28.95,-16.52,38.83,14.37,,65.60,30.35,2,-1,65.66,-0.94,1.22,41.29,30.29
522.02,0,,69.88,15.43,0,2,68.19,-29.46,-16.24,38.60,13.58,,65.60,30.35,2,-1,65.70,-0.84,1.25,41.42,30.36
522.08,0,,69.77,15.34,0,2,68.09,-29.43,-16.24,38.63,13.61,,65.59,30.35,2,-1,65.54,-0.65,1.29,41.65,30.51
522.17,0,,69.77,15.34,0,2,68.09,-29.43,-16.24,38.63,13.61,,65.59,30.35,2,-1,65.77,-0.64,1.35,41.72,30.46
522.29,0,,69.56,15.18,0,2,68.32,-29.05,-16.37,38.88,14.12,,65.59,30.35,2,-1,65.54,-0.63,1.35,41.73,30.47
522.38,0,,69.46,15.09,0,2,67.59,-29.34,-16.32,38.64,13.78,,65.59,30.36,2,-1,65.78,-0.60,1.32,41.73,30.53
522.47,0,,69.46,15.09,0,2,67.59,-29.34,-16.32,38.64,13.78,,65.59,30.36,1,0,65.86,-0.69,1.37,41.69,30.39
522.59,0,,69.25,14.93,0,2,67.54,-29.72,-16.03,38.55,13.11,,65.59,30.36,1,0,65.97,-0.76,1.37,41.62,30.32
522.68,0,,69.15,14.85,0,2,67.20,-29.23,-16.17,38.90,13.74,,65.59,30.36,1,0,65.55,-0.80,1.30,41.51,30.35
522.77,0,,69.15,14.85,0,2,67.20,-29.23,-16.17,38.90,13.74,,65.59,30.37,1,0,66.21,-0.85,1.36,41.52,30.24
522.89,0,,68.95,14.70,0,2,66.81,-29.41,-15.95,38.94,13.34,,65.60,30.37,1,0,65.44,-0.64,1.35,41.72,30.46
522.98,0,,68.95,14.70,0,2,66.81,-29.41,-15.95,38.94,13.34,,65.60,30.37,1,0,65.75,-0.49,1.32,41.84,30.64
523.07,0,,68.85,14.62,0,2,67.74,-29.44,-15.92,38.94,13.28,,65.61,30.37,1,0,66.07,-0.62,1.38,41.77,30.45
523.19,0,,68.65,14.47,0,2,66.68,-29.40,-15.92,38.98,13.32,,65.61,30.37,1,0,65.84,-0.61,1.37,41.77,30.47
523.28,0,,68.55,14.39,0,2,66.42,-29.13,-15.99,39.18,13.66,,65.62,30.38,1,0,66.11,-0.56,1.33,41.78,30.56
523.37,0,,68.55,14.39,0,2,66.42,-29.13,-15.99,39.18,13.66,,65.63,30.38,1,0,66.28,-0.62,1.38,41.77,30.45
523.52,0,,68.37,14.25,0,2,67.86,-29.27,-15.77,39.26,13.30,,65.64,30.38,1,0,66.06,-0.66,1.36,41.71,30.43
523.58,0,,68.37,14.25,0,2,67.86,-29.27,-15.77,39.26,13.30,,65.66,30.39,1,0,66.35,-0.80,1.31,41.52,30.34
523.67,0,,68.28,14.19,0,2,66.90,-29.55,-15.69,39.06,12.94,,65.67,30.39,1,0,65.68,-0.83,1.29,41.47,30.33
523.79,0,,68.12,14.05,0,2,67.38,-29.37,-15.82,39.11,13.25,,65.69,30.39,1,0,65.20,-0.75,1.29,41.55,30.41
523.88,0,,68.04,13.99,0,2,66.78,-29.50,-15.82,38.98,13.12,,65.70,30.39,1,0,65.44,-0.82,1.33,41.52,30.30
523.97,0,,68.04,13.99,0,2,66.78,-29.50,-15.82,38.98,13.12,,65.71,30.40,1,0,65.57,-0.84,1.34,41.51,30.27
524.09,0,,67.89,13.87,0,2,67.99,-29.53,-15.74,39.03,13.01,,65.71,30.40,1,0,65.56,-0.81,1.33,41.53,30.31
524.18,0,,67.82,13.81,0,2,65.86,-29.21,-15.86,39.23,13.45,,65.72,30.40,1,0,66.15,-0.89,1.33,41.45,30.23
524.27,0,,67.82,13.81,0,2,65.86,-29.21,-15.86,39.23,13.45,,65.72,30.40,1,0,65.17,-0.96,1.26,41.31,30.23
524.39,0,,67.69,13.71,0,2,67.81,-29.54,-15.69,39.07,12.95,,65.73,30.39,1,0,65.57,-1.04,1.26,41.23,30.15
524.49,0,,67.69,13.71,0,2,67.81,-29.54,-15.69,39.07,12.95,,65.73,30.39,1,0,65.81,-0.99,1.29,41.31,30.17
524.57,0,,67.62,13.66,0,2,65.27,-29.68,-15.58,39.04,12.70,,65.73,30.39,1,0,65.36,-0.85,1.24,41.40,30.36
524.69,0,,67.48,13.56,0,2,65.76,-29.36,-15.44,39.50,12.88,,65.73,30.38,1,0,65.33,-0.89,1.25,41.37,30.31
524.78,0,,67.41,13.51,0,2,65.61,-29.29,-15.48,39.53,12.99,,65.73,30.38,1,0,65.74,-0.93,1.25,41.33,30.27
524.87,0,,67.41,13.51,0,2,65.61,-29.29,-15.48,39.53,12.99,,65.72,30.37,1,0,65.67,-0.92,1.24,41.33,30.29
525.03,0,,67.27,13.42,0,2,65.65,-29.65,-15.41,39.24,12.56,,65.72,30.37,1,0,66.06,-1.01,1.23,41.23,30.21
525.08,0,,67.19,13.37,0,2,66.49,-29.79,-15.34,39.17,12.35,,65.72,30.36,1,0,65.91,-1.03,1.19,41.17,30.23
525.17,0,,67.19,13.37,0,2,66.49,-29.79,-15.34,39.17,12.35,,65.72,30.36,1,0,65.66,-0.96,1.19,41.24,30.30
525.29,0,,67.05,13.27,0,2,66.32,-29.31,-15.36,39.63,12.85,,65.72,30.35,1,0,65.87,-0.74,1.21,41.48,30.50
525.38,0,,66.98,13.23,0,2,64.82,-29.57,-15.30,39.43,12.53,,65.72,30.35,1,0,65.82,-0.53,1.25,41.73,30.67
525.47,0,,66.98,13.23,0,2,64.82,-29.57,-15.30,39.43,12.53,,65.73,30.35,1,0,65.72,-0.53,1.26,41.74,30.66
525.59,0,,66.84,13.14,0,2,65.90,-29.95,-15.07,39.28,11.92,,65.73,30.35,1,0,66.00,-0.52,1.26,41.75,30.67
525.68,0,,66.76,13.10,0,2,65.09,-29.66,-15.16,39.48,12.30,,65.73,30.35,1,0,65.71,-0.56,1.27,41.72,30.62
525.77,0,,66.76,13.10,0,2,65.09,-29.66,-15.16,39.48,12.30,,65.73,30.36,1,0,65.44,-0.62,1.21,41.60,30.62
525.89,0,,66.62,13.01,0,2,65.16,-29.89,-15.16,39.25,12.07,,65.73,30.36,1,0,65.81,-0.64,1.22,41.59,30.59
525.98,0,,66.62,13.01,0,2,65.16,-29.89,-15.16,39.25,12.07,,65.73,30.37,1,0,65.77,-0.59,1.26,41.68,30.60
526.07,0,,66.54,12.96,0,2,65.78,-29.87,-15.15,39.28,12.08,,65.73,30.37,1,0,65.60,-0.51,1.26,41.76,30.68
526.19,0,,66.40,12.87,3,-1,65.54,-29.80,-15.19,39.31,12.19,,65.74,30.38,1,0,65.69,-0.61,1.30,41.70,30.54
526.28,0,,66.34,12.83,3,-1,65.91,-29.64,-15.28,39.38,12.44,,65.73,30.39,1,0,65.66,-0.66,1.34,41.69,30.45
526.37,0,,66.34,12.83,3,-1,65.91,-29.64,-15.28,39.38,12.44,,65.73,30.39,1,0,65.36,-0.66,1.29,41.64,30.50
526.53,0,,66.22,12.74,3,-1,65.18,-30.10,-15.05,39.15,11.75,,65.73,30.40,1,0,64.72,-0.80,1.30,41.51,30.35
526.58,0,,66.16,12.70,4,-2,65.74,-30.30,-15.00,39.00,11.50,,65.72,30.41,1,0,65.62,-0.86,1.34,41.49,30.25
526.67,0,,66.16,12.70,4,-2,65.74,-30.30,-15.00,39.00,11.50,,65.72,30.41,1,0,65.98,-0.73,1.27,41.55,30.45
526.79,0,,66.05,12.61,4,-2,65.71,-29.93,-15.05,39.32,11.92,,65.71,30.42,1,0,65.92,-0.55,1.25,41.71,30.65
526.89,0,,65.99,12.56,4,-2,65.54,-30.12,-15.00,39.18,11.68,,65.71,30.42,1,0,65.86,-0.55,1.31,41.77,30.59
526.97,0,,65.99,12.56,4,-2,65.54,-30.12,-15.00,39.18,11.68,,65.70,30.43,1,0,64.99,-0.66,1.32,41.67,30.47
527.09,0,,65.89,12.47,4,-2,63.88,-30.54,-14.80,38.96,11.06,,65.70,30.43,1,0,65.43,-0.73,1.32,41.60,30.40
527.18,0,,65.84,12.42,4,-2,64.17,-30.37,-14.79,39.14,11.22,,65.69,30.43,1,0,65.32,-0.78,1.36,41.59,30.31
527.28,0,,65.84,12.42,4,-2,64.17,-30.37,-14.79,39.14,11.22,,65.68,30.44,1,0,65.33,-0.82,1.37,41.56,30.26
527.39,0,,65.70,12.32,4,-2,62.62,-30.62,-14.42,39.26,10.60,,65.67,30.44,1,0,65.40,-0.87,1.33,41.47,30.25
527.48,0,,65.70,12.32,4,-2,62.62,-30.62,-14.42,39.26,10.60,,65.66,30.44,1,0,65.51,-0.83,1.30,41.48,30.32
527.57,0,,65.62,12.27,4,-2,63.69,-30.68,-14.32,39.30,10.44,,65.65,30.44,1,0,65.73,-0.69,1.29,41.61,30.47
527.69,0,,65.45,12.14,4,-2,62.64,-30.73,-14.38,39.19,10.45,,65.64,30.44,1,0,65.66,-0.68,1.30,41.63,30.47
527.78,0,,65.35,12.07,4,-2,63.18,-30.49,-14.49,39.32,10.80,,65.64,30.44,1,0,66.05,-0.73,1.35,41.63,30.37
527.87,0,,65.35,12.07,4,-2,63.18,-30.49,-14.49,39.32,10.80,,65.63,30.44,1,0,65.38,-0.72,1.33,41.62,30.40
528.03,0,,65.14,11.93,4,-2,62.18,-30.88,-14.13,39.29,10.05,,65.62,30.44,1,0,65.38,-0.82,1.33,41.52,30.30
528.08,0,,65.03,11.86,4,-2,62.35,-30.95,-14.18,39.17,10.03,,65.62,30.44,1,0,65.58,-0.97,1.36,41.40,30.12
528.17,0,,65.03,11.86,4,-2,62.35,-30.95,-14.18,39.17,10.03,,65.61,30.43,1,0,65.53,-0.98,1.29,41.32,30.18
528.29,0,,64.80,11.71,4,-2,62.68,-30.56,-14.30,39.44,10.54,,65.61,30.43,1,0,65.79,-0.90,1.25,41.36,30.30
528.38,0,,64.68,11.63,4,-2,63.02,-30.66,-14.33,39.31,10.47,,65.60,30.43,1,0,65.49,-0.70,1.26,41.57,30.49
528.47,0,,64.68,11.63,4,-2,63.02,-30.66,-14.33,39.31,10.47,,65.60,30.42,1,0,65.57,-0.57,1.25,41.69,30.63
528.59,0,,64.46,11.49,4,-2,62.69,-30.98,-14.08,39.24,9.90,,65.59,30.42,1,0,65.36,-0.59,1.24,41.66,30.62
528.68,0,,64.35,11.42,4,-2,62.83,-30.59,-14.21,39.50,10.42,,65.59,30.42,1,0,65.81,-0.54,1.26,41.73,30.65
528.77,0,,64.35,11.42,4,-2,62.83,-30.59,-14.21,39.50,10.42,,65.59,30.42,1,0,66.28,-0.46,1.29,41.84,30.70
528.89,0,,64.14,11.28,4,-2,61.40,-30.95,-13.93,39.42,9.78,,65.59,30.42,1,0,65.63,-0.50,1.30,41.81,30.65
528.98,0,,64.14,11.28,4,-2,61.40,-30.95,-13.93,39.42,9.78,,65.59,30.43,1,0,66.34,-0.59,1.34,41.76,30.52
529.07,0,,64.03,11.21,4,-2,61.74,-31.03,-13.84,39.43,9.61,,65.59,30.43,1,0,65.84,-0.58,1.30,41.73,30.57
529.19,0,,63.81,11.07,4,-2,62.24,-30.85,-14.04,39.41,9.99,,65.60,30.43,1,0,66.35,-0.44,1.22,41.79,30.79
529.28,0,,63.70,11.00,4,-2,61.98,-30.47,-14.28,39.55,10.61,,65.61,30.44,1,0,65.82,-0.20,1.22,42.03,31.03
529.37,0,,63.70,11.00,4,-2,61.98,-30.47,-14.28,39.55,10.61,,65.62,30.45,1,0,66.07,-0.08,1.26,42.19,31.11
529.53,0,,63.50,10.87,4,-2,62.81,-30.64,-13.96,39.70,10.12,,65.63,30.46,1,0,65.84,-0.17,1.32,42.16,30.96
529.58,0,,63.41,10.81,4,-2,61.93,-30.77,-14.00,39.53,10.03,,65.65,30.47,1,0,65.91,-0.10,1.30,42.21,31.05
529.67,0,,63.41,10.81,4,-2,61.93,-30.77,-14.00,39.53,10.03,,65.66,30.49,1,0,65.63,-0.09,1.32,42.24,31.04
529.79,0,,63.23,10.70,4,-2,62.74,-30.41,-13.95,39.94,10.34,,65.67,30.50,1,0,66.16,-0.23,1.33,42.11,30.89
529.88,0,,63.15,10.65,4,-2,62.07,-30.56,-13.92,39.82,10.16,,65.68,30.52,1,0,65.75,-0.21,1.24,42.04,31.00
529.99,0,,63.15,10.65,4,-2,62.07,-30.56,-13.92,39.82,10.16,,65.69,30.54,1,0,66.36,-0.25,1.23,41.99,30.97
530.09,0,,63.00,10.56,4,-2,63.45,-30.76,-13.74,39.80,9.78,,65.71,30.56,1,0,65.92,-0.31,1.24,41.94,30.90
530.18,0,,62.94,10.52,4,-2,62.97,-30.30,-13.93,40.07,10.43,,65.72,30.58,1,0,66.12,-0.24,1.22,41.99,30.99
530.28,0,,62.94,10.52,4,-2,62.97,-30.30,-13.93,40.07,10.43,,65.73,30.59,1,0,65.71,-0.13,1.24,42.12,31.08
530.39,0,,62.83,10.45,4,-2,62.54,-30.55,-13.74,40.01,9.99,,65.75,30.61,1,0,65.67,-0.15,1.28,42.14,31.02
530.48,0,,62.83,10.45,4,-2,62.54,-30.55,-13.74,40.01,9.99,,65.76,30.63,1,0,65.93,-0.17,1.27,42.11,31.01
530.58,0,,62.78,10.42,4,-2,61.95,-30.69,-13.68,39.93,9.79,,65.77,30.65,1,0,65.92,-0.08,1.19,42.12,31.18
530.69,0,,62.68,10.35,4,-2,62.18,-30.47,-13.61,40.22,9.94,,65.78,30.68,1,0,66.17,-0.18,1.16,41.99,31.11
530.78,0,,62.63,10.32,4,-2,61.30,-30.26,-13.83,40.21,10.37,,65.79,30.70,1,0,65.80,-0.29,1.16,41.88,31.00
530.87,0,,62.63,10.32,4,-2,61.30,-30.26,-13.83,40.21,10.37,,65.80,30.72,1,0,65.88,-0.32,1.17,41.86,30.96
531.02,0,,62.53,10.27,4,-2,62.23,-30.57,-13.59,40.14,9.82,,65.81,30.74,1,0,65.99,-0.30,1.14,41.85,31.01
531.09,0,,62.48,10.24,4,-2,62.05,-30.53,-13.52,40.25,9.79,,65.82,30.76,1,0,66.31,-0.18,1.12,41.95,31.15
531.17,0,,62.48,10.24,4,-2,62.05,-30.53,-13.52,40.25,9.79,,65.84,30.78,1,0,65.74,-0.08,1.16,42.09,31.21
531.29,0,,62.40,10.20,4,-2,57.15,-28.49,-11.84,43.97,10.15,,65.85,30.80,1,0,66.42,-0.02,1.18,42.17,31.25
531.39,0,,62.33,10.18,4,-2,52.77,-28.37,-9.44,46.49,7.87,,65.86,30.82,1,0,65.62,0.01,1.15,42.17,31.31
531.48,0,,62.33,10.18,4,-2,52.77,-28.37,-9.44,46.49,7.87,,65.87,30.84,1,0,65.71,-0.05,1.15,42.11,31.25
531.59,0,,62.11,10.12,4,-2,62.11,-24.92,-10.70,48.68,12.58,,65.88,30.86,1,0,65.98,-0.15,1.13,41.99,31.17
531.68,0,,62.01,10.10,4,-2,60.22,-24.37,-11.45,48.48,13.88,,65.88,30.88,1,0,65.52,-0.22,1.14,41.93,31.09
531.77,0,,62.01,10.10,4,-2,60.22,-24.37,-11.45,48.48,13.88,,65.89,30.90,1,0,65.95,-0.27,1.15,41.89,31.03
531.89,0,,61.82,10.12,4,-2,61.83,-26.59,-12.13,45.58,12.34,,65.89,30.92,1,0,66.45,-0.27,1.10,41.84,31.08
531.98,0,,61.82,10.12,4,-2,61.83,-26.59,-12.13,45.58,12.34,,65.90,30.94,1,0,66.08,-0.16,1.07,41.92,31.22
532.07,0,,61.74,10.15,4,-2,60.77,-27.36,-12.74,44.20,12.18,,65.91,30.95,1,0,66.77,-0.00,1.11,42.12,31.34
532.19,0,,61.58,10.24,4,-2,61.54,-27.37,-13.35,43.58,12.78,,65.92,30.97,1,0,65.92,0.07,1.09,42.17,31.43
532.28,0,,61.52,10.29,4,-2,60.81,-27.63,-13.58,43.09,12.75,,65.93,30.99,1,0,65.07,-0.00,1.09,42.10,31.36
532.37,0,,61.52,10.29,4,-2,60.81,-27.63,-13.58,43.09,12.75,,65.93,31.01,1,0,65.97,0.02,1.13,42.16,31.34
532.52,0,,61.40,10.43,4,-2,61.20,-27.88,-13.57,42.85,12.49,,65.94,31.03,1,0,65.93,0.01,1.09,42.11,31.37
532.58,0,,61.35,10.50,4,-2,62.41,-28.11,-14.07,42.12,12.76,,65.94,31.05,1,0,65.93,-0.09,1.05,41.97,31.31
532.67,0,,61.35,10.50,4,-2,62.41,-28.11,-14.07,42.12,12.76,,65.95,31.06,1,0,66.32,-0.10,1.04,41.95,31.31
532.79,0,,61.28,10.67,4,-2,62.68,-28.43,-14.44,41.43,12.81,,65.95,31.08,1,0,65.80,-0.14,1.01,41.88,31.30
532.89,0,,61.27,10.76,4,-2,62.68,-28.70,-14.74,40.86,12.84,,65.95,31.10,1,0,66.33,-0.12,0.99,41.88,31.34
532.97,0,,61.27,10.76,4,-2,62.68,-28.70,-14.74,40.86,12.84,,65.96,31.12,1,0,65.81,0.02,1.00,42.03,31.47
533.09,0,,61.27,10.95,4,-2,62.06,-28.92,-14.52,40.86,12.40,,65.96,31.13,1,0,65.93,-0.01,1.01,42.01,31.43
533.18,0,,61.28,11.05,4,-2,62.08,-28.33,-14.70,41.27,13.17,,65.97,31.15,1,0,65.75,-0.08,1.00,41.93,31.37
533.30,0,,61.29,11.15,4,-2,63.89,-27.86,-14.87,41.57,13.81,,65.97,31.17,1,0,65.77,-0.08,1.03,41.96,31.34
533.40,0,,61.31,11.25,4,-2,62.52,-28.25,-14.52,41.53,13.07,,65.97,31.18,1,0,66.32,-0.11,0.99,41.89,31.35
533.49,0,,61.31,11.25,4,-2,62.52,-28.25,-14.52,41.53,13.07,,65.97,31.20,1,0,66.13,-0.15,0.96,41.82,31.34
533.61,0,,61.37,11.45,4,-2,59.82,-29.52,-14.72,40.06,12.00,,65.98,31.21,1,0,66.42,-0.24,1.00,41.77,31.21
533.69,0,,61.39,11.54,4,-2,55.64,-31.21,-14.01,39.08,9.60,,65.98,31.22,1,0,65.74,-0.33,0.95,41.63,31.17
533.78,0,,61.38,11.61,4,-2,57.66,-30.66,-12.14,41.50,8.28,,65.98,31.23,1,0,66.58,-0.26,0.91,41.66,31.28
533.91,0,,61.35,11.66,4,-2,65.44,-28.01,-12.99,43.30,11.78,,65.99,31.24,1,0,66.25,-0.10,0.95,41.86,31.40
534.02,0,,61.34,11.71,4,-2,64.34,-28.63,-16.05,39.62,14.22,,66.00,31.25,1,0,66.39,-0.02,0.97,41.96,31.46
534.08,0,,61.35,11.76,4,-2,64.38,-31.20,-16.50,36.60,12.10,,66.01,31.26,1,0,65.99,-0.05,0.98,41.94,31.42
534.21,0,,61.38,11.81,4,-2,64.11,-30.79,-16.17,37.34,12.18,,66.02,31.27,1,0,66.73,-0.05,1.00,41.96,31.40
534.29,0,,61.42,11.85,4,-2,65.50,-30.17,-16.60,37.53,13.23,,66.03,31.28,1,0,66.64,-0.09,0.98,41.90,31.38
534.39,0,,61.48,11.90,4,-2,66.10,-31.03,-16.93,36.34,12.70,,66.04,31.29,1,0,66.41,-0.18,0.99,41.82,31.28
534.53,0,,61.56,11.95,4,-2,67.36,-31.17,-17.44,35.69,13.07,,66.05,31.30,1,0,65.95,-0.19,0.99,41.81,31.27
534.60,0,,61.67,12.00,4,-2,66.94,-31.07,-17.59,35.64,13.32,,66.07,31.31,1,0,66.09,-0.25,0.92,41.68,31.28
534.68,0,,61.79,12.05,4,-2,67.90,-30.40,-17.57,36.33,13.97,,66.08,31.31,1,0,66.26,-0.29,0.98,41.70,31.18
534.80,0,,61.94,12.11,4,-2,67.71,-29.94,-17.70,36.66,14.56,,66.09,31.32,1,0,66.55,-0.09,1.01,41.93,31.35
534.89,0,,62.11,12.17,4,-2,67.62,-30.30,-17.64,36.36,14.14,,66.10,31.32,1,0,65.75,0.02,0.98,42.01,31.49
534.99,0,,62.11,12.17,4,-2,67.62,-30.30,-17.64,36.36,14.14,,66.11,31.33,1,0,66.20,-0.03,1.02,42.00,31.40
535.10,0,,62.48,12.31,4,-2,66.32,-30.99,-17.44,35.87,13.25,,66.12,31.33,1,0,65.55,-0.01,1.03,42.03,31.41
535.20,0,,62.67,12.39,4,-2,67.70,-30.61,-17.46,36.23,13.65,,66.12,31.34,1,0,66.24,-0.09,1.04,41.96,31.32
535.28,0,,62.87,12.46,4,-2,66.93,-30.14,-17.45,36.71,14.11,,66.13,31.34,1,0,65.87,-0.16,1.03,41.88,31.26
535.41,0,,63.07,12.53,4,-2,66.39,-30.35,-17.45,36.50,13.90,,66.13,31.34,1,0,66.46,-0.17,1.03,41.87,31.25
535.52,0,,63.28,12.60,4,-2,67.91,-30.48,-17.75,36.07,14.07,,66.13,31.34,1,0,65.56,-0.27,1.05,41.79,31.13
535.58,0,,63.49,12.67,4,-2,68.85,-30.51,-18.08,35.71,14.37,,66.14,31.35,1,0,66.22,-0.20,1.00,41.81,31.25
535.70,0,,63.70,12.75,4,-2,68.68,-29.86,-18.34,36.10,15.28,,66.14,31.35,1,0,66.03,-0.06,1.00,41.95,31.39
535.79,0,,63.93,12.83,4,-2,68.81,-29.46,-18.27,36.57,15.61,,66.14,31.35,1,0,66.24,-0.11,1.03,41.93,31.31
535.88,0,,64.16,12.92,4,-2,68.94,-29.98,-18.17,36.15,14.99,,66.14,31.35,1,0,66.43,-0.09,0.99,41.91,31.37
536.04,0,,64.39,13.01,4,-2,67.97,-30.43,-18.23,35.64,14.60,,66.14,31.35,1,0,66.47,-0.10,0.99,41.90,31.36
536.09,0,,64.61,13.11,4,-2,67.94,-30.48,-18.15,35.67,14.47,,66.14,31.35,1,0,66.21,-0.26,0.97,41.72,31.22
536.18,0,,64.84,13.20,4,-2,69.38,-29.77,-18.19,36.34,15.22,,66.15,31.35,1,0,66.01,-0.32,0.94,41.63,31.19
536.30,0,,65.07,13.29,4,-2,68.42,-29.40,-18.17,36.73,15.57,,66.15,31.34,1,0,66.21,-0.37,0.97,41.61,31.11
536.39,0,,65.29,13.39,4,-2,68.72,-29.75,-18.13,36.42,15.18,,66.15,31.34,1,0,65.59,-0.34,0.99,41.66,31.12
536.48,0,,65.29,13.39,4,-2,68.72,-29.75,-18.13,36.42,15.18,,66.15,31.34,1,0,65.92,-0.13,0.96,41.84,31.36
536.60,0,,65.73,13.58,4,-2,70.08,-29.88,-18.08,36.34,15.00,,66.15,31.34,1,0,66.26,0.05,0.97,42.03,31.53
536.69,0,,65.94,13.67,3,0,68.85,-29.31,-18.14,36.85,15.63,,66.15,31.33,1,0,66.04,0.19,0.99,42.19,31.65
536.78,0,,66.16,13.77,3,0,69.79,-29.17,-18.18,36.95,15.81,,66.15,31.33,1,0,66.73,0.36,0.96,42.33,31.85
536.90,0,,66.37,13.87,3,-1,70.05,-29.47,-18.08,36.75,15.41,,66.15,31.34,1,0,65.96,0.40,0.96,42.37,31.89
537.03,0,,66.58,13.96,3,-1,70.06,-29.32,-18.02,36.96,15.50,,66.15,31.34,1,0,66.58,0.28,0.99,42.28,31.74
537.08,0,,66.79,14.06,3,-1,69.41,-29.39,-17.92,36.99,15.33,,66.15,31.35,1,0,66.26,0.25,1.00,42.26,31.70
537.20,0,,66.99,14.15,3,-1,70.27,-29.06,-17.99,37.25,15.73,,66.16,31.36,1,0,66.68,0.23,1.01,42.25,31.67
537.29,0,,67.19,14.24,3,0,69.88,-28.82,-18.00,37.48,15.98,,66.16,31.37,1,0,66.68,0.20,0.99,42.20,31.66
537.38,0,,67.38,14.33,3,0,68.87,-29.07,-17.84,37.39,15.57,,66.17,31.38,1,0,66.08,0.38,0.98,42.37,31.85
537.54,0,,67.57,14.42,3,1,69.91,-29.15,-17.73,37.42,15.38,,66.18,31.39,1,0,66.92,0.43,1.05,42.49,31.83
537.59,0,,67.74,14.51,3,1,69.75,-29.34,-17.56,37.40,15.02,,66.19,31.41,1,0,66.77,0.40,1.03,42.44,31.82
537.68,0,,67.91,14.59,3,1,69.13,-29.08,-17.57,37.65,15.29,,66.20,31.42,1,0,66.06,0.49,0.99,42.49,31.95
537.80,0,,68.08,14.66,3,1,70.51,-28.83,-17.62,37.85,15.59,,66.21,31.43,1,0,66.42,0.31,1.07,42.39,31.69
537.90,0,,68.23,14.74,3,1,69.19,-28.71,-17.60,37.99,15.69,,66.22,31.45,1,0,66.89,0.13,1.12,42.26,31.46
537.98,0,,68.23,14.74,3,1,69.19,-28.71,-17.60,37.99,15.69,,66.24,31.46,1,0,66.01,0.11,1.15,42.27,31.41
538.10,0,,68.52,14.88,0,2,69.67,-28.61,-17.59,38.10,15.78,,66.25,31.48,1,0,66.54,0.06,1.20,42.27,31.31
538.19,0,,68.65,14.95,0,2,69.47,-28.40,-17.66,38.24,16.06,,66.26,31.49,1,0,65.83,0.13,1.20,42.34,31.38
538.28,0,,68.78,15.01,0,2,68.95,-28.34,-17.64,38.32,16.10,,66.27,31.49,1,0,66.00,0.19,1.17,42.37,31.47
538.40,0,,68.89,15.08,0,2,69.09,-28.57,-17.46,38.27,15.69,,66.27,31.50,1,0,65.99,0.07,1.21,42.29,31.31
538.53,0,,68.99,15.14,0,2,68.75,-28.54,-17.31,38.45,15.57,,66.27,31.51,1,0,65.93,0.03,1.22,42.26,31.26
538.58,0,,69.08,15.20,0,2,68.81,-28.65,-17.27,38.38,15.42,,66.28,31.51,1,0,66.16,0.02,1.21,42.24,31.26
538.70,0,,69.16,15.26,0,2,69.39,-28.35,-17.48,38.47,15.93,,66.28,31.51,1,0,66.54,-0.06,1.22,42.17,31.17
538.79,0,,69.23,15.31,0,2,70.23,-28.16,-17.61,38.53,16.25,,66.28,31.51,1,0,66.37,-0.13,1.19,42.07,31.13
538.89,0,,69.30,15.36,0,2,69.76,-28.23,-17.65,38.42,16.22,,66.28,31.51,1,0,65.92,-0.19,1.19,42.01,31.07
539.04,0,,69.37,15.41,0,2,70.86,-28.21,-17.65,38.44,16.24,,66.28,31.50,1,0,65.93,-0.16,1.22,42.07,31.07
539.09,0,,69.44,15.46,0,2,69.23,-28.39,-17.52,38.39,15.93,,66.28,31.50,1,0,66.03,-0.06,1.25,42.20,31.14
539.18,0,,69.49,15.51,0,2,68.65,-28.10,-17.52,38.68,16.22,,66.27,31.49,1,0,66.31,-0.02,1.27,42.26,31.16
539.30,0,,69.54,15.56,0,2,69.87,-28.06,-17.46,38.78,16.20,,66.27,31.48,1,0,65.63,-0.08,1.24,42.17,31.13
539.39,0,,69.59,15.60,0,2,69.42,-28.35,-17.33,38.62,15.78,,66.26,31.47,1,0,66.02,-0.13,1.29,42.17,31.03
539.48,0,,69.59,15.60,0,2,69.42,-28.35,-17.33,38.62,15.78,,66.26,31.45,1,0,66.02,-0.11,1.31,42.21,31.03
539.60,0,,69.66,15.68,0,2,68.97,-28.71,-17.20,38.39,15.29,,66.25,31.44,1,0,66.04,-0.22,1.33,42.12,30.90
539.70,0,,69.66,15.68,0,2,68.97,-28.71,-17.20,38.39,15.29,,66.24,31.43,1,0,65.89,-0.39,1.41,42.03,30.65
539.78,0,,69.71,15.75,0,2,69.36,-28.21,-17.53,38.56,16.12,,66.23,31.41,1,0,65.85,-0.34,1.34,42.01,30.77
539.90,0,,69.73,15.77,0,2,68.98,-28.35,-17.45,38.50,15.90,,66.22,31.39,1,0,65.47,-0.20,1.32,42.13,30.93
540.03,0,,69.74,15.80,0,2,69.38,-28.39,-17.39,38.52,15.80,,66.21,31.37,1,0,66.47,-0.08,1.37,42.30,31.00
540.08,0,,69.75,15.82,0,2,70.41,-28.65,-17.31,38.34,15.46,,66.20,31.35,1,0,66.46,-0.02,1.34,42.33,31.09
540.20,0,,69.76,15.84,0,2,68.30,-28.43,-17.31,38.56,15.68,,66.19,31.33,1,0,65.96,-0.10,1.39,42.30,30.96
540.29,0,,69.76,15.85,0,2,68.40,-28.41,-17.28,38.61,15.67,,66.18,31.31,1,0,66.18,-0.10,1.41,42.32,30.94
540.38,0,,69.75,15.87,0,2,68.49,-28.67,-17.21,38.42,15.34,,66.17,31.29,1,0,65.46,-0.11,1.38,42.28,30.96
540.54,0,,69.74,15.87,0,2,69.01,-28.68,-17.15,38.47,15.27,,66.16,31.27,1,0,65.59,-0.25,1.42,42.18,30.78
540.59,0,,69.73,15.88,0,2,68.84,-28.78,-17.12,38.40,15.14,,66.15,31.25,1,0,66.38,-0.32,1.39,42.08,30.74
540.69,0,,69.71,15.88,0,2,68.51,-28.47,-17.23,38.60,15.56,,66.14,31.23,1,0,65.90,-0.27,1.33,42.07,30.85
540.80,0,,69.68,15.88,0,2,68.89,-28.41,-17.25,38.64,15.64,,66.13,31.20,1,0,65.92,-0.21,1.39,42.19,30.85
540.90,0,,69.66,15.87,0,2,68.86,-28.59,-17.23,38.48,15.44,,66.12,31.18,1,0,65.83,-0.25,1.46,42.22,30.74
540.98,0,,69.66,15.87,0,2,68.86,-28.59,-17.23,38.48,15.44,,66.10,31.16,1,0,65.62,-0.29,1.45,42.17,30.71
541.10,0,,69.60,15.86,0,2,69.15,-29.01,-17.09,38.20,14.88,,66.09,31.14,1,0,66.06,-0.27,1.48,42.22,30.70
541.20,0,,69.58,15.84,0,2,69.87,-28.57,-17.27,38.46,15.50,,66.08,31.12,1,0,66.34,-0.32,1.47,42.16,30.66
541.29,0,,69.56,15.83,0,2,68.47,-28.47,-17.21,38.62,15.54,,66.07,31.09,1,0,66.07,-0.37,1.44,42.08,30.64
541.40,0,,69.53,15.81,0,2,68.01,-28.72,-17.08,38.50,15.16,,66.06,31.07,1,0,65.68,-0.45,1.47,42.03,30.53
541.55,0,,69.51,15.80,0,2,68.87,-28.75,-17.09,38.46,15.14,,66.05,31.05,1,0,65.40,-0.57,1.44,41.88,30.44
541.59,0,,69.51,15.80,0,2,68.87,-28.75,-17.09,38.46,15.14,,66.04,31.02,1,0,66.24,-0.59,1.42,41.84,30.44
541.70,0,,69.43,15.75,0,2,68.67,-28.71,-17.12,38.47,15.21,,66.03,31.00,1,0,66.19,-0.52,1.49,41.98,30.44
541.79,0,,69.39,15.73,0,2,68.26,-28.67,-17.19,38.44,15.32,,66.02,30.97,1,0,65.22,-0.41,1.54,42.14,30.50
541.89,0,,69.35,15.71,0,2,68.06,-28.90,-17.11,38.29,15.01,,66.01,30.95,1,0,65.80,-0.33,1.59,42.27,30.53
542.04,0,,69.31,15.68,0,2,68.41,-28.85,-17.04,38.41,14.99,,66.00,30.92,1,0,66.06,-0.31,1.64,42.34,30.50
542.09,0,,69.26,15.65,0,2,68.13,-29.09,-16.91,38.30,14.62,,65.99,30.89,1,0,65.62,-0.34,1.69,42.36,30.42
542.18,0,,69.22,15.63,0,2,68.81,-28.86,-17.01,38.43,14.95,,65.98,30.87,1,0,65.82,-0.39,1.78,42.40,30.28
542.30,0,,69.17,15.59,0,2,68.32,-28.69,-17.09,38.52,15.20,,65.97,30.84,1,0,66.44,-0.43,1.78,42.36,30.24
542.40,0,,69.13,15.56,0,2,68.48,-28.95,-17.02,38.33,14.87,,65.96,30.81,1,0,65.97,-0.54,1.70,42.17,30.21
542.48,0,,69.13,15.56,0,2,68.48,-28.95,-17.02,38.33,14.87,,65.95,30.79,1,0,65.35,-0.68,1.64,41.97,30.13
542.60,0,,69.04,15.50,0,2,67.16,-29.25,-16.94,38.11,14.49,,65.94,30.76,1,0,65.78,-0.61,1.70,42.10,30.14
542.70,0,,68.99,15.47,0,2,68.36,-28.90,-17.02,38.38,14.92,,65.94,30.73,1,0,66.26,-0.41,1.76,42.36,30.28
542.78,0,,68.94,15.43,0,2,68.13,-28.68,-17.03,38.59,15.15,,65.93,30.70,1,0,66.12,-0.37,1.75,42.39,30.33
542.91,0,,68.90,15.40,0,2,68.43,-28.95,-16.91,38.44,14.76,,65.92,30.67,1,0,65.97,-0.37,1.79,42.43,30.29
543.05,0,,68.85,15.37,0,2,68.50,-29.00,-16.98,38.32,14.78,,65.92,30.64,1,0,65.95,-0.32,1.78,42.47,30.35
543.09,0,,68.81,15.33,0,2,71.02,-28.72,-17.00,38.58,15.08,,65.92,30.62,1,0,66.12,-0.38,1.75,42.38,30.32
543.20,0,,68.78,15.30,0,2,64.86,-28.26,-16.47,39.57,15.01,,65.92,30.59,1,0,66.04,-0.47,1.79,42.33,30.19
543.29,0,,68.73,15.27,0,2,60.81,-29.07,-15.20,40.03,12.93,,65.91,30.57,1,0,65.70,-0.55,1.80,42.26,30.10
543.39,0,,68.64,15.23,0,2,62.27,-30.72,-14.68,38.90,10.76,,65.91,30.54,1,0,65.27,-0.59,1.83,42.25,30.03
543.54,0,,68.54,15.17,0,2,69.54,-30.93,-16.48,36.89,12.35,,65.91,30.52,1,0,65.50,-0.47,1.82,42.36,30.16
543.60,0,,68.44,15.10,0,2,68.58,-29.16,-18.53,36.61,16.17,,65.90,30.49,1,0,65.65,-0.38,1.82,42.45,30.25
543.68,0,,68.35,15.05,0,2,67.23,-28.42,-18.56,37.32,16.94,,65.89,30.47,1,0,66.05,-0.41,1.87,42.47,30.17
543.80,0,,68.27,15.00,0,2,66.88,-29.28,-18.24,36.78,15.76,,65.89,30.44,1,0,66.10,-0.39,1.80,42.42,30.26
543.90,0,,68.19,14.97,0,2,67.07,-28.94,-18.73,36.63,16.59,,65.88,30.42,1,0,65.94,-0.45,1.80,42.36,30.20
543.98,0,,68.19,14.97,0,2,67.07,-28.94,-18.73,36.63,16.59,,65.88,30.40,1,0,65.96,-0.60,1.86,42.27,29.99
544.10,0,,68.03,14.94,0,2,66.52,-29.28,-18.68,36.34,16.20,,65.87,30.38,1,0,65.44,-0.64,1.80,42.17,30.01
544.20,0,,67.96,14.94,0,2,68.65,-28.43,-18.85,37.02,17.22,,65.87,30.36,1,0,65.47,-0.71,1.82,42.12,29.92
544.28,0,,67.90,14.95,0,2,69.36,-28.61,-19.03,36.66,17.22,,65.86,30.34,1,0,66.28,-0.65,1.86,42.22,29.94
544.41,0,,67.86,14.98,0,2,70.93,-28.70,-19.27,36.33,17.37,,65.86,30.32,1,0,65.00,-0.47,1.85,42.39,30.13
544.55,0,,67.83,15.01,0,2,70.32,-28.35,-18.94,37.01,17.39,,65.85,30.30,1,0,65.84,-0.49,1.92,42.44,30.04
544.59,0,,67.82,15.06,0,2,69.09,-27.91,-18.17,38.22,17.06,,65.85,30.28,1,0,66.06,-0.51,1.92,42.42,30.02
544.71,0,,67.83,15.11,0,2,69.55,-26.86,-17.63,39.81,17.57,,65.84,30.26,1,0,65.46,-0.46,1.93,42.48,30.06
544.80,0,,67.84,15.17,0,2,68.71,-26.48,-17.40,40.42,17.72,,65.83,30.24,1,0,66.11,-0.52,1.97,42.46,29.96
544.89,0,,67.85,15.24,0,2,68.59,-26.81,-17.18,40.31,17.17,,65.83,30.22,1,0,65.48,-0.57,1.92,42.36,29.96
545.04,0,,67.87,15.32,0,2,68.15,-27.33,-17.22,39.75,16.69,,65.82,30.20,1,0,65.67,-0.62,1.90,42.29,29.93
545.09,0,,67.88,15.39,0,2,65.67,-27.90,-16.85,39.55,15.75,,65.82,30.19,1,0,65.91,-0.61,1.92,42.32,29.92
545.19,0,,67.88,15.46,0,2,63.98,-28.11,-16.26,39.93,14.95,,65.81,30.17,1,0,65.98,-0.48,1.93,42.46,30.04
545.30,0,,67.86,15.51,0,2,64.01,-29.68,-16.86,37.76,13.98,,65.81,30.15,1,0,65.63,-0.48,1.97,42.50,30.00
545.40,0,,67.82,15.55,3,1,63.96,-30.82,-17.29,36.19,13.27,,65.80,30.14,1,0,65.83,-0.51,1.98,42.48,29.96
545.48,0,,67.82,15.55,3,1,63.96,-30.82,-17.29,36.19,13.27,,65.80,30.12,1,0,65.62,-0.47,1.97,42.51,30.01
545.60,0,,67.69,15.59,3,1,63.43,-31.64,-17.32,35.34,12.48,,65.79,30.11,1,0,65.53,-0.57,1.98,42.42,29.90
545.69,0,,67.60,15.58,3,1,64.46,-31.96,-17.17,35.17,12.01,,65.79,30.09,1,0,65.67,-0.71,1.97,42.27,29.77
545.79,0,,67.50,15.54,3,1,64.28,-33.00,-17.27,34.03,11.07,,65.78,30.08,1,0,65.69,-0.74,1.94,42.21,29.77
545.91,0,,67.39,15.49,3,1,64.10,-33.64,-17.29,33.37,10.45,,65.78,30.07,1,0,65.12,-0.72,1.94,42.23,29.79
546.05,0,,67.28,15.41,3,1,64.33,-33.61,-16.90,33.79,10.09,,65.77,30.05,1,0,65.90,-0.63,1.96,42.34,29.86
546.09,0,,67.16,15.31,3,1,64.78,-33.87,-16.70,33.73,9.63,,65.76,30.04,1,0,65.66,-0.59,1.94,42.36,29.92
546.20,0,,67.04,15.19,3,0,64.59,-33.26,-16.70,34.34,10.24,,65.76,30.02,1,0,66.03,-0.70,1.96,42.27,29.79
546.29,0,,66.91,15.05,3,0,63.71,-32.87,-16.59,34.84,10.52,,65.75,30.01,1,0,65.69,-0.71,1.98,42.28,29.76
546.38,0,,66.78,14.90,3,-1,62.69,-32.41,-16.12,35.77,10.51,,65.74,30.00,1,0,65.34,-0.70,1.98,42.29,29.77
546.54,0,,66.64,14.74,3,-1,63.15,-31.94,-15.89,36.47,10.75,,65.74,29.98,1,0,65.13,-0.94,2.02,42.09,29.49
546.59,0,,66.64,14.74,3,-1,63.15,-31.94,-15.89,36.47,10.75,,65.73,29.97,1,0,65.05,-1.45,2.02,41.58,28.98
546.69,0,,66.35,14.40,3,-1,63.39,-31.64,-16.05,36.61,11.21,,65.72,29.95,1,0,65.02,-2.00,2.08,41.09,28.37
546.80,0,,66.21,14.23,3,-1,64.36,-31.35,-16.36,36.59,11.81,,65.70,29.92,1,0,65.28,-1.98,2.15,41.18,28.32
546.89,0,,66.07,14.06,3,1,63.93,-31.42,-16.84,36.04,12.22,,65.69,29.89,1,0,64.68,-1.72,2.14,41.43,28.59
546.98,0,,66.07,14.06,3,1,63.93,-31.42,-16.84,36.04,12.22,,65.67,29.85,1,0,65.11,-1.75,2.18,41.44,28.52
547.10,0,,65.81,13.75,3,1,65.12,-29.02,-16.24,39.04,14.02,,65.65,29.81,1,0,65.19,-1.71,2.22,41.52,28.52
547.19,0,,65.81,13.75,3,1,65.12,-29.02,-16.24,39.04,14.02,,65.62,29.77,1,0,64.92,-1.64,2.21,41.58,28.60
547.29,0,,65.58,13.51,3,1,63.36,-26.37,-15.28,42.65,15.71,,65.60,29.72,1,0,65.08,-1.68,2.19,41.52,28.58
547.41,0,,65.47,13.42,3,-1,63.37,-26.49,-14.70,43.11,15.01,,65.58,29.67,1,0,64.81,-1.70,2.23,41.54,28.52
547.55,0,,65.36,13.36,3,-1,64.24,-27.76,-15.71,40.83,14.75,,65.55,29.62,1,0,64.64,-1.73,2.22,41.50,28.50
547.58,0,,65.25,13.30,3,-1,64.72,-28.00,-15.81,40.49,14.61,,65.52,29.57,1,0,64.58,-1.66,2.16,41.51,28.63
547.71,0,,65.16,13.27,4,-2,65.34,-27.31,-15.62,41.37,15.11,,65.49,29.52,1,0,65.40,-1.54,2.19,41.66,28.72
547.79,0,,65.06,13.24,4,-2,62.57,-27.02,-15.53,41.75,15.31,,65.46,29.47,1,0,65.01,-1.49,2.20,41.72,28.76
547.89,0,,64.97,13.23,4,-2,63.66,-26.52,-14.62,43.16,14.90,,65.43,29.42,1,0,64.96,-1.49,2.19,41.71,28.77
548.04,0,,64.88,13.23,4,-2,63.88,-26.01,-14.01,44.28,14.80,,65.41,29.37,1,0,65.03,-1.50,2.23,41.74,28.72
548.09,0,,64.80,13.24,4,-2,64.08,-26.03,-13.86,44.41,14.63,,65.38,29.32,1,0,65.18,-1.56,2.24,41.69,28.65
548.18,0,,64.72,13.26,4,-2,63.38,-25.72,-13.98,44.60,15.06,,65.35,29.28,1,0,65.10,-1.63,2.21,41.59,28.61
548.30,0,,64.63,13.29,4,-2,63.07,-25.78,-14.15,44.37,15.17,,65.33,29.23,1,0,64.93,-1.65,2.20,41.56,28.60
548.40,0,,64.56,13.32,4,-2,64.70,-25.74,-13.92,44.64,14.98,,65.31,29.19,1,0,64.99,-1.76,2.20,41.45,28.49
548.48,0,,64.56,13.32,4,-2,64.70,-25.74,-13.92,44.64,14.98,,65.28,29.15,1,0,64.94,-1.74,2.21,41.48,28.50
548.60,0,,64.41,13.41,4,-2,63.51,-25.27,-13.30,45.73,14.83,,65.26,29.10,1,0,64.61,-1.58,2.26,41.69,28.61
548.70,0,,64.34,13.46,4,-2,64.00,-24.65,-13.05,46.60,15.20,,65.24,29.06,1,0,65.26,-1.64,2.32,41.69,28.49
548.78,0,,64.27,13.52,4,-2,63.17,-24.13,-12.91,47.26,15.58,,65.21,29.02,1,0,64.88,-1.65,2.30,41.66,28.50
548.91,0,,64.21,13.58,4,-2,62.75,-24.37,-12.69,47.24,15.12,,65.19,28.98,1,0,64.63,-1.62,2.28,41.67,28.55
549.05,0,,64.15,13.64,4,-2,63.90,-24.59,-12.69,47.02,14.90,,65.17,28.94,1,0,64.96,-1.72,2.31,41.60,28.42
549.09,0,,64.08,13.70,4,-2,63.97,-24.88,-12.76,46.66,14.68,,65.15,28.91,1,0,64.27,-1.70,2.33,41.64,28.42
549.21,0,,64.03,13.77,4,-2,64.18,-24.88,-13.05,46.37,14.97,,65.13,28.87,1,0,65.29,-1.72,2.34,41.63,28.39
549.29,0,,63.98,13.83,4,-2,63.68,-24.94,-13.21,46.15,15.07,,65.10,28.84,1,0,65.20,-1.83,2.29,41.47,28.33
549.39,0,,63.94,13.89,4,-2,64.19,-24.99,-13.19,46.12,15.00,,65.09,28.80,1,0,65.09,-1.73,2.28,41.56,28.44
549.53,0,,63.90,13.96,4,-2,64.53,-24.80,-13.14,46.36,15.14,,65.07,28.77,1,0,65.16,-1.58,2.29,41.72,28.58
549.60,0,,63.87,14.02,4,-2,63.95,-24.99,-12.99,46.32,14.80,,65.06,28.74,1,0,65.45,-1.48,2.31,41.84,28.66
549.68,0,,63.84,14.08,4,-2,64.78,-24.87,-13.25,46.18,15.18,,65.05,28.71,1,0,65.28,-1.39,2.34,41.96,28.72
549.80,0,,63.82,14.15,4,-2,63.73,-24.69,-13.38,46.23,15.49,,65.04,28.69,1,0,65.10,-1.36,2.32,41.97,28.77
549.89,0,,63.80,14.21,4,-2,64.35,-24.75,-13.28,46.27,15.33,,65.03,28.67,1,0,65.42,-1.41,2.30,41.90,28.74
549.98,0,,63.80,14.21,4,-2,64.35,-24.75,-13.28,46.27,15.33,,65.03,28.65,1,0,64.85,-1.40,2.31,41.92,28.74
550.10,0,,63.78,14.33,4,-2,63.71,-24.96,-13.32,46.02,15.16,,65.02,28.63,1,0,64.80,-1.50,2.36,41.87,28.59
550.19,0,,63.77,14.40,4,-2,64.27,-24.38,-13.32,46.60,15.74,,65.02,28.62,1,0,64.99,-1.58,2.35,41.78,28.52
550.28,0,,63.76,14.46,4,-2,64.93,-24.26,-13.44,46.60,15.98,,65.02,28.60,1,0,65.36,-1.39,2.32,41.94,28.74
550.41,0,,63.76,14.52,4,-2,65.24,-24.60,-13.36,46.34,15.56,,65.01,28.59,1,0,65.06,-1.34,2.39,42.06,28.72
550.56,0,,63.77,14.58,4,-2,65.13,-24.60,-13.34,46.36,15.54,,65.01,28.58,1,0,65.41,-1.39,2.35,41.97,28.71
550.59,0,,63.78,14.65,4,-2,64.42,-24.90,-13.27,46.13,15.17,,65.01,28.57,1,0,65.07,-1.34,2.35,42.02,28.76
550.71,0,,63.80,14.71,4,-2,63.80,-24.72,-13.37,46.21,15.45,,65.01,28.57,1,0,65.09,-1.43,2.43,42.01,28.59
550.79,0,,63.82,14.76,4,-2,64.26,-24.43,-13.33,46.54,15.70,,65.01,28.56,1,0,64.82,-1.54,2.40,41.87,28.51
550.89,0,,63.84,14.82,4,-2,64.42,-24.59,-13.11,46.60,15.32,,65.02,28.56,1,0,65.17,-1.52,2.35,41.84,28.58
551.04,0,,63.85,14.87,4,-2,64.40,-24.76,-13.29,46.25,15.33,,65.02,28.55,1,0,65.14,-1.59,2.33,41.75,28.53
551.10,0,,63.87,14.92,4,-2,63.66,-25.13,-13.41,45.76,15.08,,65.02,28.55,1,0,65.28,-1.66,2.34,41.69,28.45
551.18,0,,63.89,14.97,4,-2,63.73,-24.91,-13.43,45.96,15.32,,65.02,28.54,1,0,65.47,-1.51,2.36,41.86,28.58
551.30,0,,63.90,15.01,4,-2,64.57,-24.60,-13.39,46.31,15.59,,65.03,28.54,1,0,65.37,-1.35,2.35,42.01,28.75
551.40,0,,63.92,15.06,4,-2,64.45,-24.65,-13.23,46.42,15.38,,65.03,28.54,1,0,65.19,-1.36,2.38,42.03,28.71
551.48,0,,63.92,15.06,4,-2,64.45,-24.65,-13.23,46.42,15.38,,65.04,28.54,1,0,65.03,-1.35,2.40,42.06,28.70
551.60,0,,63.95,15.13,4,-2,64.08,-24.73,-13.11,46.46,15.18,,65.05,28.54,1,0,64.97,-1.37,2.39,42.03,28.69
551.69,0,,63.97,15.17,4,-2,65.48,-24.48,-13.17,46.65,15.49,,65.05,28.54,1,0,65.12,-1.46,2.41,41.96,28.58
551.79,0,,63.99,15.20,4,-2,65.33,-24.44,-13.30,46.56,15.66,,65.06,28.54,1,0,64.95,-1.47,2.41,41.95,28.57
551.90,0,,64.01,15.23,4,-2,64.90,-24.76,-13.30,46.24,15.34,,65.06,28.54,1,0,65.06,-1.49,2.39,41.91,28.57
552.05,0,,64.04,15.26,4,-2,64.89,-24.94,-13.45,45.91,15.31,,65.06,28.54,1,0,65.25,-1.53,2.40,41.88,28.52
552.09,0,,64.07,15.28,4,-2,64.41,-25.27,-13.60,45.43,15.13,,65.07,28.54,1,0,65.52,-1.41,2.38,41.98,28.66
552.21,0,,64.10,15.31,4,-2,64.72,-25.09,-13.78,45.43,15.49,,65.07,28.54,1,0,64.62,-1.29,2.39,42.11,28.77
552.30,0,,64.13,15.33,4,-2,64.93,-25.05,-13.88,45.37,15.63,,65.08,28.55,1,0,65.33,-1.24,2.45,42.22,28.76
552.39,0,,64.16,15.35,4,-2,65.17,-25.42,-13.93,44.95,15.31,,65.08,28.55,1,0,64.89,-1.19,2.45,42.27,28.81
552.54,0,,64.20,15.36,4,-2,65.26,-25.59,-13.90,44.81,15.11,,65.08,28.55,1,0,65.23,-1.22,2.46,42.25,28.77
552.59,0,,64.23,15.38,4,-2,64.76,-25.87,-13.85,44.58,14.78,,65.09,28.56,1,0,65.36,-1.26,2.46,42.21,28.73
552.69,0,,64.27,15.39,4,-2,64.35,-25.69,-14.09,44.52,15.20,,65.09,28.56,1,0,65.39,-1.25,2.43,42.19,28.77
552.80,0,,64.30,15.40,4,-2,65.40,-25.55,-14.19,44.56,15.44,,65.10,28.57,1,0,65.20,-1.35,2.45,42.11,28.65
552.90,0,,64.34,15.40,4,-2,64.56,-25.77,-14.12,44.41,15.15,,65.10,28.58,1,0,64.86,-1.38,2.43,42.06,28.64
552.98,0,,64.34,15.40,4,-2,64.56,-25.77,-14.12,44.41,15.15,,65.11,28.58,1,0,65.29,-1.19,2.39,42.21,28.87
553.10,0,,64.40,15.41,4,-2,64.98,-26.20,-14.02,44.08,14.62,,65.11,28.59,1,0,65.31,-1.16,2.43,42.28,28.86
553.20,0,,64.43,15.41,4,-2,65.06,-25.97,-14.14,44.19,14.97,,65.12,28.60,1,0,65.77,-1.27,2.46,42.20,28.72
553.28,0,,64.46,15.40,4,-2,64.29,-26.01,-14.19,44.10,14.98,,65.12,28.61,1,0,65.11,-1.17,2.42,42.26,28.86
553.40,0,,64.48,15.39,4,-2,64.26,-26.33,-14.07,43.90,14.54,,65.13,28.61,1,0,64.69,-1.27,2.44,42.18,28.74
553.55,0,,64.51,15.38,4,-2,63.73,-26.21,-13.99,44.10,14.58,,65.13,28.62,1,0,64.76,-1.42,2.43,42.02,28.60
553.59,0,,64.52,15.37,4,-2,63.43,-26.18,-13.76,44.36,14.38,,65.14,28.63,1,0,64.85,-1.37,2.39,42.03,28.69
553.70,0,,64.53,15.35,4,-2,63.70,-25.89,-13.72,44.69,14.63,,65.14,28.63,1,0,64.75,-1.48,2.40,41.93,28.57
553.79,0,,64.53,15.33,4,-2,63.54,-25.87,-13.69,44.74,14.62,,65.13,28.64,1,0,65.13,-1.45,2.35,41.91,28.65
553.89,0,,64.53,15.30,4,-2,64.17,-25.99,-13.53,44.78,14.34,,65.13,28.65,1,0,65.12,-1.20,2.32,42.13,28.93
554.04,0,,64.52,15.28,4,-2,63.58,-25.86,-13.46,44.98,14.40,,65.13,28.65,1,0,65.01,-1.20,2.37,42.18,28.88
554.09,0,,64.51,15.25,4,-2,64.53,-26.03,-13.31,44.96,14.08,,65.13,28.66,1,0,65.04,-1.31,2.40,42.10,28.74
554.19,0,,64.50,15.21,4,-2,63.88,-25.56,-13.25,45.49,14.49,,65.12,28.66,1,0,64.96,-1.27,2.41,42.15,28.77
554.30,0,,64.49,15.18,4,-2,64.02,-25.22,-13.18,45.90,14.76,,65.12,28.67,1,0,65.02,-1.28,2.44,42.17,28.73
554.39,0,,64.47,15.15,4,-2,62.94,-25.60,-13.14,45.56,14.34,,65.12,28.68,1,0,65.48,-1.35,2.45,42.11,28.65
554.49,0,,64.47,15.15,4,-2,62.94,-25.60,-13.14,45.56,14.34,,65.12,28.68,1,0,65.33,-1.35,2.42,42.08,28.68
554.60,0,,64.43,15.08,4,-2,63.48,-25.34,-12.58,46.38,14.04,,65.11,28.69,1,0,64.99,-1.43,2.45,42.03,28.57
554.70,0,,64.40,15.04,4,-2,64.20,-25.08,-12.63,46.59,14.35,,65.11,28.69,1,0,65.27,-1.36,2.46,42.11,28.63
554.78,0,,64.37,15.00,4,-2,63.30,-25.11,-12.77,46.42,14.46,,65.11,28.69,1,0,65.18,-1.15,2.41,42.27,28.89
554.91,0,,64.33,14.97,3,-1,63.25,-25.06,-12.44,46.80,14.18,,65.12,28.70,1,0,65.22,-1.23,2.45,42.23,28.77
555.05,0,,64.30,14.93,3,-1,63.74,-24.80,-12.18,47.32,14.18,,65.12,28.70,1,0,64.85,-1.27,2.48,42.22,28.70
555.09,0,,64.26,14.89,3,-1,62.54,-25.04,-11.88,47.38,13.64,,65.12,28.70,1,0,64.87,-1.17,2.45,42.29,28.83
555.21,0,,64.22,14.85,3,-1,60.16,-26.75,-12.63,44.92,12.68,,65.11,28.71,1,0,65.54,-1.24,2.45,42.22,28.76
555.29,0,,64.16,14.80,3,-1,59.39,-29.66,-14.43,40.21,11.57,,65.11,28.71,1,0,64.99,-1.30,2.44,42.15,28.71
555.39,0,,64.08,14.73,3,-1,60.57,-31.82,-15.66,36.82,10.64,,65.11,28.71,1,0,64.70,-1.29,2.43,42.15,28.73
555.54,0,,63.98,14.65,3,-1,59.38,-33.21,-16.21,34.88,9.80,,65.11,28.72,1,0,65.70,-1.31,2.46,42.16,28.68
555.59,0,,63.87,14.55,3,-1,59.51,-33.71,-16.28,34.31,9.37,,65.11,28.72,1,0,65.05,-1.25,2.48,42.24,28.72
555.68,0,,63.75,14.43,3,-1,59.28,-33.37,-16.47,34.46,9.90,,65.11,28.72,1,0,65.14,-1.23,2.49,42.27,28.73
555.81,0,,63.61,14.30,3,-1,59.78,-33.13,-16.34,34.83,10.01,,65.11,28.72,1,0,64.63,-1.30,2.46,42.17,28.69
555.90,0,,63.47,14.15,3,-1,61.41,-31.42,-14.91,37.97,10.29,,65.11,28.72,1,0,65.23,-1.35,2.45,42.11,28.65
555.99,0,,63.47,14.15,3,-1,61.41,-31.42,-14.91,37.97,10.29,,65.11,28.72,1,0,64.87,-1.39,2.50,42.12,28.56
556.10,0,,63.20,13.85,3,0,67.76,-26.91,-13.54,43.85,13.43,,65.11,28.72,1,0,65.31,-1.41,2.46,42.06,28.58
556.19,0,,63.10,13.72,3,0,66.72,-27.95,-16.21,40.14,15.06,,65.11,28.72,1,0,64.67,-1.46,2.43,41.98,28.56
556.28,0,,63.10,13.72,3,0,66.72,-27.95,-16.21,40.14,15.06,,65.10,28.72,1,0,64.63,-1.43,2.44,42.02,28.58
556.41,0,,62.99,13.50,3,0,65.69,-30.61,-16.43,37.26,12.62,,65.10,28.72,1,0,65.08,-1.29,2.47,42.19,28.69
556.56,0,,62.97,13.40,3,0,66.78,-29.69,-16.09,38.52,13.20,,65.09,28.71,1,0,65.14,-1.30,2.48,42.19,28.67
556.59,0,,62.97,13.31,3,0,65.42,-30.67,-16.55,37.08,12.68,,65.09,28.71,1,0,64.95,-1.35,2.42,42.08,28.68
556.71,0,,62.98,13.23,3,0,66.63,-31.25,-17.27,35.78,12.82,,65.08,28.71,1,0,64.81,-1.32,2.42,42.11,28.71
556.80,0,,63.02,13.15,3,0,68.04,-31.20,-17.69,35.41,13.29,,65.08,28.71,1,0,64.63,-1.41,2.46,42.06,28.58
556.89,0,,63.08,13.09,3,0,66.64,-31.10,-17.47,35.73,13.17,,65.07,28.70,1,0,65.19,-1.48,2.50,42.03,28.47
557.04,0,,63.15,13.03,3,0,67.08,-30.81,-17.22,36.27,13.21,,65.06,28.70,1,0,64.81,-1.45,2.50,42.06,28.50
557.09,0,,63.24,12.97,3,0,66.47,-31.10,-17.04,36.16,12.74,,65.06,28.70,1,0,65.05,-1.40,2.48,42.09,28.57
557.19,0,,63.34,12.93,3,0,66.05,-31.05,-17.02,36.23,12.77,,65.05,28.69,1,0,65.07,-1.29,2.50,42.22,28.66
557.30,0,,63.44,12.88,3,0,65.27,-31.11,-16.90,36.29,12.59,,65.05,28.69,1,0,65.16,-1.25,2.51,42.27,28.69
557.40,0,,63.55,12.84,3,0,64.44,-31.46,-16.68,36.16,12.02,,65.04,28.68,1,0,64.93,-1.25,2.51,42.27,28.69
557.48,0,,63.55,12.84,3,0,64.44,-31.46,-16.68,36.16,12.02,,65.04,28.68,1,0,64.85,-1.28,2.52,42.25,28.65
557.60,0,,63.74,12.75,3,0,65.02,-31.67,-16.48,36.15,11.61,,65.03,28.67,1,0,64.87,-1.32,2.49,42.18,28.64
557.70,0,,63.83,12.71,3,0,64.01,-31.42,-16.66,36.22,12.04,,65.03,28.67,1,0,65.34,-1.24,2.47,42.24,28.74
557.78,0,,63.92,12.67,3,0,64.52,-31.34,-16.75,36.21,12.21,,65.02,28.67,1,0,64.54,-1.27,2.52,42.26,28.66
557.91,0,,64.00,12.62,4,-2,65.89,-31.42,-16.66,36.22,12.04,,65.02,28.67,1,0,65.09,-1.35,2.56,42.22,28.54
558.06,0,,64.08,12.58,4,-2,64.87,-31.43,-16.54,36.33,11.91,,65.01,28.66,1,0,65.36,-1.24,2.54,42.31,28.67
558.09,0,,64.15,12.54,3,-1,63.55,-31.73,-16.36,36.21,11.43,,65.01,28.66,1,0,65.11,-1.20,2.50,42.31,28.75
558.21,0,,64.22,12.50,3,-1,64.11,-31.49,-16.36,36.45,11.67,,65.01,28.66,1,0,64.84,-1.31,2.53,42.23,28.61
558.30,0,,64.27,12.45,3,-1,63.40,-31.52,-16.28,36.50,11.56,,65.01,28.66,1,0,65.14,-1.29,2.53,42.25,28.63
558.39,0,,64.32,12.41,3,-1,64.56,-31.84,-16.08,36.38,11.04,,65.00,28.65,1,0,64.50,-1.38,2.51,42.14,28.56
558.53,0,,64.36,12.36,3,-1,63.00,-31.74,-15.98,36.58,11.04,,65.00,28.65,1,0,64.59,-1.56,2.53,41.98,28.36
558.60,0,,64.40,12.31,3,-1,64.30,-31.91,-15.90,36.49,10.79,,65.00,28.65,1,0,64.80,-1.56,2.48,41.93,28.41
558.69,0,,64.42,12.26,3,-1,63.84,-31.68,-15.98,36.64,11.10,,64.99,28.64,1,0,64.83,-1.48,2.46,41.99,28.51
558.81,0,,64.44,12.20,3,-1,63.06,-31.53,-15.95,36.82,11.22,,64.98,28.64,1,0,65.11,-1.32,2.49,42.18,28.64
558.90,0,,64.45,12.15,3,-1,62.92,-31.82,-15.82,36.66,10.80,,64.98,28.63,1,0,65.47,-1.32,2.51,42.20,28.62
558.98,0,,64.45,12.15,3,-1,62.92,-31.82,-15.82,36.66,10.80,,64.98,28.63,1,0,64.87,-1.41,2.52,42.12,28.52
559.10,0,,64.45,12.03,3,0,64.18,-31.97,-15.58,36.75,10.41,,64.97,28.62,1,0,65.07,-1.37,2.54,42.18,28.54
559.20,0,,64.43,11.97,3,0,63.65,-31.63,-15.61,37.06,10.78,,64.97,28.62,1,0,65.11,-1.41,2.56,42.16,28.48
559.28,0,,64.42,11.90,3,0,62.43,-31.64,-15.55,37.11,10.71,,64.97,28.62,1,0,65.10,-1.51,2.51,42.01,28.43
559.41,0,,64.39,11.84,3,0,62.45,-31.82,-15.36,37.12,10.34,,64.97,28.61,1,0,64.63,-1.55,2.48,41.94,28.42
559.55,0,,64.36,11.78,3,0,62.53,-31.52,-15.13,37.65,10.41,,64.97,28.60,1,0,64.80,-1.55,2.51,41.97,28.39
559.59,0,,64.32,11.71,3,0,60.58,-31.90,-14.91,37.49,9.81,,64.97,28.60,1,0,65.01,-1.42,2.50,42.09,28.53
559.71,0,,64.26,11.64,3,0,62.59,-32.04,-15.11,37.15,9.87,,64.97,28.59,1,0,65.48,-1.32,2.52,42.21,28.61
559.79,0,,64.20,11.56,3,0,61.70,-31.79,-15.27,37.24,10.28,,64.97,28.58,1,0,65.57,-1.33,2.58,42.26,28.54
559.89,0,,64.13,11.49,3,0,63.59,-31.83,-15.25,37.22,10.22,,64.97,28.58,1,0,64.80,-1.30,2.54,42.25,28.61
560.04,0,,64.07,11.42,3,0,62.95,-31.70,-15.24,37.36,10.34,,64.97,28.57,1,0,65.16,-1.31,2.54,42.24,28.60
560.10,0,,64.00,11.35,3,0,62.31,-31.57,-14.98,37.75,10.21,,64.98,28.57,1,0,64.52,-1.37,2.61,42.25,28.47
560.18,0,,63.93,11.28,3,0,61.43,-31.29,-14.85,38.16,10.36,,64.98,28.57,1,0,64.70,-1.41,2.57,42.17,28.47
560.31,0,,63.86,11.21,3,0,61.40,-31.47,-14.68,38.15,10.01,,64.98,28.56,1,0,65.47,-1.44,2.53,42.10,28.48
560.40,0,,63.78,11.14,3,0,62.31,-32.04,-14.44,37.82,9.20,,64.98,28.56,1,0,65.20,-1.36,2.60,42.25,28.49
560.48,0,,63.78,11.14,3,0,62.31,-32.04,-14.44,37.82,9.20,,64.98,28.55,1,0,64.29,-1.23,2.63,42.41,28.59
560.60,0,,63.60,10.99,3,0,61.58,-31.73,-14.47,38.10,9.54,,64.98,28.55,1,0,65.27,-1.19,2.59,42.41,28.67
560.70,0,,63.51,10.91,3,0,62.14,-31.55,-14.83,37.92,10.08,,64.98,28.55,1,0,64.53,-1.25,2.61,42.37,28.59
560.78,0,,63.42,10.84,3,0,61.31,-31.67,-15.22,37.41,10.35,,64.98,28.54,1,0,64.56,-1.29,2.60,42.32,28.56
560.91,0,,63.33,10.77,3,0,62.43,-31.76,-15.18,37.36,10.22,,64.98,28.54,1,0,64.74,-1.35,2.55,42.21,28.55
561.05,0,,63.24,10.71,3,-1,62.59,-31.80,-14.98,37.52,9.98,,64.97,28.54,1,0,64.83,-1.41,2.58,42.18,28.46
561.09,0,,63.16,10.65,3,-1,61.49,-32.03,-15.01,37.26,9.78,,64.97,28.54,1,0,64.89,-1.47,2.56,42.10,28.42
561.21,0,,63.07,10.59,3,-1,60.69,-31.86,-15.15,37.29,10.09,,64.96,28.54,1,0,65.09,-1.46,2.53,42.08,28.46
561.30,0,,62.98,10.53,3,-1,62.25,-31.87,-14.89,37.54,9.82,,64.96,28.53,1,0,65.26,-1.28,2.58,42.31,28.59
561.39,0,,62.90,10.47,3,-1,60.72,-31.77,-14.89,37.64,9.92,,64.95,28.53,1,0,65.18,-1.22,2.61,42.40,28.62
561.54,0,,62.81,10.42,3,-1,60.37,-31.52,-15.06,37.72,10.34,,64.95,28.53,1,0,65.43,-1.22,2.57,42.36,28.66
561.59,0,,62.72,10.37,3,-1,62.05,-31.81,-14.69,37.80,9.68,,64.96,28.53,1,0,64.86,-1.12,2.53,42.42,28.80
561.68,0,,62.63,10.33,3,-1,61.09,-31.63,-14.88,37.79,10.05,,64.96,28.53,1,0,65.43,-1.19,2.55,42.37,28.71
561.80,0,,62.54,10.28,3,-1,61.36,-31.43,-15.18,37.69,10.55,,64.96,28.53,1,0,65.42,-1.27,2.55,42.29,28.63
561.90,0,,62.46,10.25,3,-1,61.09,-31.74,-14.82,37.74,9.88,,64.97,28.54,1,0,65.31,-1.27,2.54,42.28,28.64
561.98,0,,62.46,10.25,3,-1,61.09,-31.74,-14.82,37.74,9.88,,64.98,28.54,1,0,65.12,-1.34,2.54,42.21,28.57
562.10,0,,62.31,10.18,3,-1,62.60,-31.65,-14.87,37.78,10.02,,64.98,28.54,1,0,64.96,-1.26,2.51,42.26,28.68
562.20,0,,62.24,10.14,3,-1,62.41,-31.52,-14.72,38.06,10.00,,64.99,28.54,1,0,64.88,-1.12,2.55,42.44,28.78
562.28,0,,62.19,10.12,3,-1,61.93,-31.32,-14.90,38.08,10.38,,65.00,28.55,1,0,65.37,-1.07,2.59,42.53,28.79
562.41,0,,62.14,10.09,3,-1,62.82,-31.29,-15.03,37.98,10.54,,65.00,28.55,1,0,65.41,-1.02,2.54,42.53,28.89
562.55,0,,62.09,10.07,3,-1,62.04,-31.47,-14.79,38.04,10.12,,65.01,28.56,1,0,64.77,-1.02,2.57,42.56,28.86
562.59,0,,62.06,10.06,3,-1,62.80,-31.42,-14.87,38.01,10.25,,65.02,28.57,1,0,65.39,-1.10,2.62,42.53,28.73
562.71,0,,62.03,10.04,3,-1,61.33,-31.21,-15.15,37.94,10.74,,65.03,28.57,1,0,65.14,-1.13,2.56,42.44,28.76
562.79,0,,62.00,10.03,3,-1,62.04,-31.43,-14.88,37.99,10.25,,65.03,28.58,1,0,65.58,-1.14,2.54,42.41,28.77
562.89,0,,61.97,10.03,3,-1,62.98,-31.26,-14.95,38.09,10.49,,65.04,28.59,1,0,65.11,-1.18,2.54,42.37,28.73
563.04,0,,61.95,10.02,3,-1,61.68,-30.92,-15.20,38.18,11.08,,65.05,28.60,1,0,65.37,-1.08,2.54,42.47,28.83
563.10,0,,61.93,10.03,3,-1,61.25,-31.16,-14.82,38.32,10.46,,65.06,28.61,1,0,64.94,-0.90,2.56,42.67,28.99
563.18,0,,61.92,10.03,3,-1,62.46,-31.08,-14.90,38.32,10.62,,65.07,28.62,1,0,65.29,-0.89,2.54,42.66,29.02
563.31,0,,61.90,10.04,3,-1,61.51,-30.93,-15.16,38.21,11.03,,65.08,28.63,1,0,65.69,-0.94,2.53,42.60,28.98
563.40,0,,61.89,10.05,3,-1,62.42,-31.16,-14.82,38.32,10.46,,65.09,28.64,1,0,65.49,-0.90,2.54,42.65,29.01
563.49,0,,61.89,10.05,3,-1,62.42,-31.16,-14.82,38.32,10.46,,65.11,28.65,1,0,65.43,-0.99,2.54,42.56,28.92
563.61,0,,61.87,10.09,3,-1,64.01,-30.03,-14.56,39.71,11.33,,65.12,28.67,1,0,65.14,-1.10,2.47,42.38,28.88
563.69,0,,61.88,10.11,3,-1,63.88,-28.70,-13.81,41.79,11.91,,65.13,28.68,1,0,64.42,-1.16,2.45,42.30,28.84
563.79,0,,61.88,10.11,3,-1,63.88,-28.70,-13.81,41.79,11.91,,65.14,28.69,1,0,65.20,-1.23,2.47,42.25,28.75
563.91,0,,61.93,10.18,3,-1,65.13,-24.61,-12.01,47.68,14.20,,65.14,28.70,1,0,64.80,-1.11,2.44,42.34,28.90
564.06,0,,61.98,10.25,3,-1,66.09,-21.02,-9.49,53.79,15.27,,65.15,28.71,1,0,65.14,-0.97,2.50,42.54,28.98
564.09,0,,62.05,10.33,3,-1,64.60,-16.67,-6.40,61.23,16.53,,65.15,28.73,1,0,65.85,-0.98,2.49,42.52,28.98
564.21,0,,62.11,10.44,3,-1,59.48,-14.46,-3.77,66.07,16.11,,65.16,28.74,1,0,65.12,-1.06,2.46,42.41,28.93
564.30,0,,62.17,10.57,3,-1,60.90,-14.80,-2.24,67.26,14.24,,65.16,28.75,1,0,64.33,-1.27,2.53,42.27,28.65
564.39,0,,62.21,10.72,3,-1,62.81,-14.41,-2.95,66.94,15.34,,65.16,28.76,1,0,65.80,-1.53,2.52,42.00,28.40
564.53,0,,62.25,10.87,3,-1,61.27,-13.89,-3.81,66.60,16.72,,65.17,28.76,1,0,65.30,-1.62,2.47,41.86,28.36
564.60,0,,62.27,11.04,3,-1,60.21,-14.40,-3.27,66.63,15.67,,65.17,28.77,1,0,64.80,-1.69,2.47,41.79,28.29
564.68,0,,62.29,11.22,3,-1,61.75,-14.27,-3.18,66.85,15.71,,65.17,28.77,1,0,65.04,-1.62,2.44,41.83,28.39
564.81,0,,62.30,11.41,3,-1,61.23,-13.85,-3.25,67.20,16.20,,65.17,28.77,1,0,65.04,-1.37,2.44,42.08,28.64
564.90,0,,62.30,11.60,3,-1,59.64,-14.25,-2.89,67.16,15.44,,65.17,28.77,1,0,65.09,-1.28,2.45,42.18,28.72
564.99,0,,62.30,11.60,3,-1,59.64,-14.25,-2.89,67.16,15.44,,65.17,28.76,1,0,64.80,-1.28,2.44,42.17,28.73
565.10,0,,62.26,12.00,3,-1,61.51,-14.40,-3.85,66.05,16.25,,65.17,28.76,1,0,65.89,-1.21,2.42,42.22,28.82
565.20,0,,62.24,12.20,3,-1,61.05,-15.08,-3.55,65.67,15.27,,65.17,28.76,1,0,64.60,-1.21,2.37,42.17,28.87
565.29,0,,62.21,12.40,3,-1,60.12,-16.59,-3.73,63.98,13.94,,65.17,28.76,1,0,65.07,-1.27,2.40,42.14,28.78
565.41,0,,62.17,12.59,3,-1,58.07,-17.48,-4.01,62.81,13.33,,65.17,28.76,1,0,65.52,-1.33,2.45,42.13,28.67
565.56,0,,62.11,12.76,3,-1,57.07,-17.41,-3.80,63.09,13.19,,65.17,28.76,1,0,65.10,-1.36,2.41,42.06,28.68
565.59,0,,62.02,12.91,3,-1,57.45,-17.39,-4.31,62.60,13.72,,65.17,28.75,1,0,65.08,-1.27,2.38,42.12,28.80
565.71,0,,61.93,13.06,3,-1,58.02,-17.70,-4.86,61.74,13.96,,65.17,28.75,1,0,65.58,-1.13,2.39,42.27,28.93
565.79,0,,61.82,13.19,3,-1,59.53,-18.02,-4.91,61.37,13.69,,65.17,28.75,1,0,65.28,-1.18,2.35,42.18,28.92
565.89,0,,61.70,13.32,3,-1,59.06,-18.77,-5.75,59.78,13.78,,65.17,28.75,1,0,64.74,-1.25,2.30,42.06,28.90
566.04,0,,61.58,13.43,3,-1,59.85,-19.74,-6.68,57.88,13.74,,65.17,28.76,1,0,64.90,-1.24,2.33,42.10,28.88
566.09,0,,61.47,13.53,3,-1,59.39,-20.15,-7.00,57.15,13.65,,65.17,28.76,1,0,65.24,-1.31,2.30,42.00,28.84
566.19,0,,61.36,13.63,3,-1,60.97,-20.40,-7.36,56.54,13.76,,65.17,28.76,1,0,65.32,-1.40,2.27,41.88,28.78
566.31,0,,61.25,13.71,3,-1,60.10,-20.32,-7.47,56.51,13.95,,65.17,28.76,1,0,65.13,-1.48,2.31,41.84,28.66
566.40,0,,61.15,13.79,3,-1,60.86,-19.95,-7.34,57.01,14.19,,65.17,28.76,1,0,65.00,-1.52,2.26,41.75,28.67
566.48,0,,61.15,13.79,3,-1,60.86,-19.95,-7.34,57.01,14.19,,65.17,28.76,1,0,65.15,-1.37,2.24,41.88,28.84
566.60,0,,60.98,13.93,3,-1,60.63,-19.42,-7.30,57.58,14.68,,65.16,28.77,1,0,65.11,-1.22,2.30,42.09,28.93
566.70,0,,60.90,13.99,3,-1,60.94,-18.92,-7.06,58.32,14.94,,65.16,28.77,1,0,65.15,-1.30,2.27,41.98,28.88
566.79,0,,60.84,14.05,3,-1,61.62,-18.82,-6.97,58.51,14.95,,65.16,28.77,1,0,64.98,-1.31,2.23,41.93,28.91
566.91,0,,60.78,14.11,3,-1,60.85,-18.52,-6.92,58.86,15.20,,65.16,28.77,1,0,65.14,-1.29,2.25,41.97,28.91
567.05,0,,60.73,14.17,3,-1,61.99,-18.09,-6.80,59.41,15.51,,65.16,28.78,1,0,64.77,-1.39,2.28,41.90,28.78
567.09,0,,60.70,14.24,3,-1,62.46,-17.59,-6.66,60.05,15.87,,65.15,28.78,1,0,65.46,-1.42,2.26,41.85,28.77
567.21,0,,60.68,14.30,3,-1,62.18,-16.96,-6.31,61.03,16.15,,65.15,28.78,1,0,65.21,-1.44,2.22,41.79,28.79
567.30,0,,60.67,14.37,3,-1,63.09,-16.59,-5.72,61.99,15.93,,65.15,28.78,1,0,65.05,-1.44,2.22,41.79,28.79
567.39,0,,60.67,14.44,3,-1,62.66,-16.65,-5.17,62.48,15.32,,65.15,28.79,1,0,64.63,-1.27,2.23,41.97,28.95
567.54,0,,60.69,14.51,3,-1,64.05,-16.58,-5.11,62.61,15.33,,65.14,28.79,1,0,65.39,-1.22,2.22,42.01,29.01
567.60,0,,60.72,14.57,3,-1,64.99,-16.45,-5.24,62.61,15.59,,65.14,28.79,1,0,65.43,-1.26,2.25,42.00,28.94
567.68,0,,60.78,14.64,3,-1,64.58,-16.51,-5.30,62.49,15.59,,65.14,28.80,1,0,65.55,-1.15,2.27,42.13,29.03
567.80,0,,60.85,14.70,3,-1,64.32,-16.43,-5.43,62.44,15.80,,65.14,28.80,1,0,64.94,-1.21,2.29,42.09,28.95
567.90,0,,60.93,14.77,3,-1,62.31,-16.24,-5.61,62.45,16.17,,65.14,28.81,1,0,65.51,-1.36,2.30,41.95,28.79
567.99,0,,60.93,14.77,3,-1,62.31,-16.24,-5.61,62.45,16.17,,65.14,28.81,1,0,65.21,-1.31,2.25,41.95,28.89
568.10,0,,61.09,14.90,4,-2,62.53,-15.62,-5.74,62.94,16.92,,65.14,28.82,1,0,64.57,-1.37,2.28,41.92,28.80
568.20,0,,61.17,14.97,4,-2,63.09,-15.44,-5.42,63.44,16.78,,65.15,28.82,1,0,65.49,-1.38,2.33,41.96,28.74
568.28,0,,61.26,15.05,4,-2,63.16,-15.19,-5.45,63.66,17.06,,65.15,28.82,1,0,65.19,-1.15,2.28,42.14,29.02
568.41,0,,61.34,15.13,4,-2,63.36,-15.01,-5.45,63.84,17.24,,65.15,28.83,1,0,64.90,-1.14,2.28,42.15,29.03
568.55,0,,61.43,15.22,4,-2,61.85,-14.97,-5.41,63.92,17.24,,65.15,28.83,1,0,65.64,-1.24,2.30,42.07,28.91
568.59,0,,61.51,15.30,4,-2,63.76,-15.07,-5.22,64.01,16.95,,65.15,28.84,1,0,65.49,-1.21,2.28,42.08,28.96
568.71,0,,61.60,15.39,4,-2,62.26,-14.81,-4.96,64.53,16.95,,65.15,28.84,1,0,65.09,-1.29,2.26,41.98,28.90
568.79,0,,61.68,15.48,4,-2,62.54,-14.20,-5.14,64.96,17.74,,65.16,28.85,1,0,65.24,-1.39,2.28,41.90,28.78
568.89,0,,61.76,15.57,4,-2,62.63,-14.11,-5.12,65.07,17.81,,65.16,28.85,1,0,65.52,-1.40,2.30,41.91,28.75
569.04,0,,61.83,15.66,4,-2,62.04,-14.08,-4.86,65.36,17.58,,65.17,28.85,1,0,65.62,-1.38,2.25,41.88,28.82
569.10,0,,61.90,15.76,4,-2,62.52,-13.84,-4.88,65.58,17.84,,65.17,28.85,1,0,64.40,-1.28,2.28,42.01,28.89
569.19,0,,61.96,15.86,3,-1,63.85,-14.01,-4.80,65.49,17.59,,65.18,28.86,1,0,65.49,-1.25,2.35,42.11,28.85
569.31,0,,62.03,15.95,3,-1,62.89,-14.15,-4.79,65.36,17.44,,65.18,28.86,1,0,64.77,-1.30,2.29,42.00,28.86
569.40,0,,62.10,16.05,3,-1,61.57,-13.94,-4.87,65.49,17.73,,65.18,28.86,1,0,64.81,-1.28,2.30,42.03,28.87
569.48,0,,62.10,16.05,3,-1,61.57,-13.94,-4.87,65.49,17.73,,65.18,28.86,1,0,65.24,-1.29,2.28,42.00,28.88
569.61,0,,62.21,16.24,3,-1,62.80,-13.42,-4.52,66.36,17.90,,65.18,28.86,1,0,65.19,-1.39,2.24,41.86,28.82
569.70,0,,62.26,16.34,3,-1,62.98,-13.33,-4.40,66.57,17.87,,65.18,28.86,1,0,65.99,-1.47,2.27,41.81,28.71
569.79,0,,62.32,16.43,3,-1,62.59,-13.34,-4.33,66.63,17.79,,65.18,28.86,1,0,65.65,-1.46,2.25,41.80,28.74
569.91,0,,62.36,16.52,3,-1,62.55,-13.45,-4.40,66.45,17.75,,65.19,28.86,1,0,65.45,-1.38,2.27,41.90,28.80
570.06,0,,62.41,16.61,3,-1,64.02,-13.40,-4.42,66.48,17.82,,65.19,28.86,1,0,64.68,-1.28,2.32,42.05,28.85
570.09,0,,62.46,16.70,3,-1,63.13,-13.10,-4.34,66.86,18.04,,65.20,28.86,1,0,65.49,-1.26,2.31,42.06,28.88
570.21,0,,62.51,16.79,3,-1,62.69,-12.91,-4.32,67.07,18.21,,65.20,28.86,1,0,65.06,-1.33,2.29,41.97,28.83
570.30,0,,62.55,16.87,3,-1,63.07,-12.95,-4.22,67.13,18.07,,65.21,28.86,1,0,64.56,-1.31,2.28,41.98,28.86
570.39,0,,62.59,16.95,3,-1,63.64,-12.98,-4.11,67.21,17.93,,65.21,28.86,1,0,64.84,-1.31,2.34,42.04,28.80
570.54,0,,62.63,17.03,3,-1,61.95,-13.09,-4.19,67.02,17.90,,65.20,28.86,1,0,64.38,-1.44,2.37,41.94,28.64
570.60,0,,62.67,17.11,3,-1,62.70,-13.44,-4.30,66.56,17.66,,65.20,28.85,1,0,64.51,-1.53,2.34,41.82,28.58
570.69,0,,62.70,17.18,3,-1,63.57,-13.60,-4.43,66.27,17.63,,65.19,28.85,1,0,65.19,-1.44,2.30,41.87,28.71
570.81,0,,62.74,17.25,3,-1,61.88,-13.54,-4.67,66.09,17.93,,65.18,28.85,1,0,65.33,-1.28,2.32,42.05,28.85
570.90,0,,62.76,17.31,3,-1,63.96,-13.74,-4.78,65.78,17.84,,65.17,28.84,1,0,65.03,-1.30,2.38,42.09,28.77
570.99,0,,62.76,17.31,3,-1,63.96,-13.74,-4.78,65.78,17.84,,65.16,28.84,1,0,64.81,-1.38,2.37,42.00,28.70
571.11,0,,62.82,17.43,3,-1,63.31,-13.98,-4.86,65.46,17.68,,65.15,28.84,1,0,64.79,-1.35,2.35,42.01,28.75
571.19,0,,62.84,17.48,3,-1,63.30,-14.12,-4.93,65.25,17.61,,65.14,28.83,1,0,64.91,-1.42,2.38,41.97,28.65
571.28,0,,62.87,17.53,3,-1,63.31,-14.29,-5.03,64.98,17.54,,65.13,28.83,1,0,65.33,-1.48,2.34,41.87,28.63
571.41,0,,62.89,17.57,3,-1,63.37,-14.28,-5.04,64.98,17.56,,65.12,28.82,1,0,64.61,-1.56,2.33,41.78,28.56
571.56,0,,62.92,17.60,3,-1,63.43,-14.09,-4.85,65.36,17.56,,65.11,28.81,1,0,64.84,-1.62,2.37,41.76,28.46
571.59,0,,62.92,17.60,3,-1,63.43,-14.09,-4.85,65.36,17.56,,65.10,28.81,1,0,65.29,-1.43,2.33,41.91,28.69
571.71,0,,62.96,17.67,3,-1,62.17,-13.54,-4.40,66.36,17.66,,65.10,28.80,1,0,64.94,-1.40,2.33,41.94,28.72
571.79,0,,62.97,17.69,3,-1,63.16,-13.25,-4.10,66.95,17.65,,65.09,28.79,1,0,64.85,-1.53,2.39,41.87,28.53
571.89,0,,62.99,17.72,3,-1,64.14,-13.09,-4.03,67.18,17.74,,65.08,28.78,1,0,64.83,-1.48,2.37,41.90,28.60
572.04,0,,63.00,17.74,3,-1,62.38,-13.08,-3.97,67.25,17.69,,65.07,28.77,1,0,65.23,-1.50,2.34,41.85,28.61
572.10,0,,63.02,17.75,3,-1,62.67,-13.09,-3.75,67.46,17.46,,65.06,28.77,1,0,64.89,-1.60,2.37,41.78,28.48
572.19,0,,63.03,17.77,3,-1,62.84,-13.10,-3.75,67.45,17.45,,65.05,28.76,1,0,64.99,-1.60,2.35,41.76,28.50
572.31,0,,63.03,17.78,3,-1,63.40,-13.19,-3.84,67.27,17.45,,65.05,28.75,1,0,65.20,-1.70,2.38,41.69,28.37
572.40,0,,63.04,17.79,3,-1,63.68,-13.18,-3.95,67.17,17.57,,65.04,28.73,1,0,65.10,-1.68,2.45,41.78,28.32
572.48,0,,63.04,17.79,3,-1,63.68,-13.18,-3.95,67.17,17.57,,65.04,28.72,1,0,65.02,-1.46,2.48,42.03,28.51
572.61,0,,63.06,17.80,3,-1,63.77,-13.19,-3.96,67.15,17.57,,65.03,28.71,1,0,64.78,-1.48,2.49,42.02,28.48
572.70,0,,63.07,17.80,3,-1,62.68,-13.09,-3.75,67.46,17.46,,65.03,28.70,1,0,64.81,-1.57,2.48,41.92,28.40
572.79,0,,63.08,17.80,3,-1,63.66,-12.98,-3.53,67.79,17.35,,65.02,28.68,1,0,64.51,-1.48,2.49,42.02,28.48
572.91,0,,63.09,17.80,3,1,63.47,-12.89,-3.51,67.90,17.42,,65.01,28.67,1,0,64.43,-1.57,2.51,41.95,28.37
573.06,0,,63.10,17.80,3,1,61.97,-12.79,-3.49,68.02,17.50,,65.00,28.66,1,0,65.12,-1.69,2.49,41.81,28.27
573.09,0,,63.11,17.79,3,1,61.00,-13.01,-3.36,67.93,17.15,,64.99,28.64,1,0,64.99,-1.68,2.48,41.81,28.29
573.21,0,,63.10,17.78,3,1,61.85,-13.36,-3.47,67.47,16.91,,64.98,28.63,1,0,64.88,-1.74,2.50,41.77,28.21
573.30,0,,63.08,17.77,3,1,62.38,-13.36,-3.64,67.30,17.08,,64.98,28.61,1,0,64.70,-1.70,2.48,41.79,28.27
573.39,0,,63.07,17.75,3,1,61.64,-13.22,-3.49,67.59,17.07,,64.97,28.60,1,0,65.16,-1.48,2.49,42.02,28.48
573.54,0,,63.04,17.74,3,1,62.39,-13.11,-3.21,67.98,16.90,,64.96,28.58,1,0,64.51,-1.49,2.51,42.03,28.45
573.60,0,,63.02,17.72,3,1,62.49,-12.82,-3.25,68.23,17.23,,64.95,28.57,1,0,64.73,-1.62,2.53,41.92,28.30
573.69,0,,62.99,17.69,3,1,63.35,-12.84,-3.35,68.11,17.31,,64.94,28.55,1,0,64.47,-1.58,2.54,41.97,28.33
573.81,0,,62.97,17.67,3,1,62.55,-13.08,-3.23,67.99,16.95,,64.93,28.54,1,0,65.09,-1.65,2.50,41.86,28.30
573.90,0,,62.95,17.65,3,1,62.39,-13.09,-3.29,67.92,17.00,,64.92,28.53,1,0,65.17,-1.73,2.48,41.76,28.24
573.98,0,,62.95,17.65,3,1,62.39,-13.09,-3.29,67.92,17.00,,64.92,28.51,1,0,64.60,-1.74,2.50,41.77,28.21
574.10,0,,62.90,17.60,3,1,62.01,-13.01,-3.14,68.15,16.93,,64.91,28.50,1,0,64.76,-1.82,2.54,41.73,28.09
574.20,0,,62.88,17.57,3,1,63.33,-12.88,-2.98,68.44,16.90,,64.90,28.48,1,0,64.46,-1.75,2.54,41.80,28.16
574.29,0,,62.86,17.54,3,1,62.05,-12.70,-2.82,68.78,16.92,,64.89,28.47,1,0,64.66,-1.63,2.50,41.88,28.32
574.41,0,,62.84,17.51,3,1,63.05,-12.25,-2.42,69.63,16.97,,64.88,28.45,1,0,64.47,-1.69,2.52,41.84,28.24
574.56,0,,62.82,17.49,3,1,61.45,-11.80,-2.23,70.27,17.23,,64.87,28.44,1,0,64.92,-1.72,2.55,41.84,28.18
574.59,0,,62.79,17.46,3,1,62.07,-11.66,-2.25,70.39,17.39,,64.86,28.42,1,0,64.85,-1.74,2.54,41.81,28.17
574.71,0,,62.77,17.43,3,1,62.86,-11.60,-1.94,70.76,17.14,,64.85,28.41,1,0,64.41,-1.87,2.60,41.74,27.98
574.80,0,,62.74,17.41,3,1,62.76,-11.42,-1.65,71.23,17.03,,64.84,28.39,1,0,64.89,-1.95,2.62,41.68,27.88
574.89,0,,62.72,17.39,3,1,62.33,-11.29,-1.62,71.39,17.13,,64.83,28.37,1,0,64.65,-1.88,2.52,41.65,28.05
575.04,0,,62.70,17.36,3,1,63.36,-11.16,-1.53,71.61,17.17,,64.83,28.36,1,0,65.08,-1.91,2.53,41.63,28.01
575.09,0,,62.69,17.34,3,1,62.42,-11.04,-1.48,71.78,17.24,,64.82,28.34,1,0,64.50,-1.87,2.58,41.72,28.00
575.19,0,,62.67,17.32,3,1,63.79,-11.33,-1.52,71.45,16.99,,64.81,28.32,1,0,64.87,-1.70,2.59,41.90,28.16
575.31,0,,62.67,17.30,3,1,63.03,-11.54,-1.66,71.10,16.92,,64.80,28.30,1,0,64.81,-1.77,2.67,41.91,28.01
575.40,0,,62.66,17.28,3,1,63.87,-11.10,-1.61,71.59,17.31,,64.80,28.29,1,0,64.36,-1.78,2.65,41.88,28.02
575.49,0,,62.66,17.28,3,1,63.87,-11.10,-1.61,71.59,17.31,,64.79,28.27,1,0,65.11,-1.67,2.63,41.97,28.15
575.60,0,,62.67,17.25,3,1,63.91,-10.77,-1.27,72.26,17.30,,64.78,28.26,1,0,64.45,-1.76,2.69,41.94,28.00
575.70,0,,62.68,17.24,3,1,62.50,-10.47,-0.98,72.85,17.31,,64.78,28.24,1,0,64.50,-1.83,2.71,41.89,27.91
575.79,0,,62.69,17.22,3,1,62.41,-10.26,-0.60,73.44,17.14,,64.77,28.23,1,0,64.36,-1.79,2.64,41.86,28.02
575.91,0,,62.70,17.21,3,1,63.23,-10.21,-0.50,73.59,17.09,,64.76,28.21,1,0,64.97,-1.82,2.60,41.79,28.03
576.06,0,,62.71,17.20,3,1,63.05,-9.94,-0.42,73.94,17.28,,64.75,28.20,1,0,65.03,-1.71,2.64,41.94,28.10
576.09,0,,62.72,17.19,3,1,62.97,-10.20,-0.47,73.63,17.07,,64.75,28.18,1,0,64.82,-1.51,2.65,42.15,28.29
576.21,0,,62.73,17.19,3,1,62.90,-10.71,-0.80,72.79,16.89,,64.75,28.17,1,0,65.25,-1.56,2.67,42.12,28.22
576.30,0,,62.74,17.18,3,1,63.26,-10.64,-1.10,72.56,17.26,,64.75,28.16,1,0,65.16,-1.54,2.69,42.16,28.22
576.39,0,,62.75,17.17,3,1,63.88,-10.77,-1.12,72.41,17.15,,64.75,28.15,1,0,64.46,-1.49,2.66,42.18,28.30
576.54,0,,62.77,17.16,3,1,62.32,-11.07,-1.09,72.14,16.82,,64.75,28.14,1,0,65.20,-1.62,2.65,42.04,28.18
576.60,0,,62.78,17.15,3,1,61.74,-11.09,-1.28,71.93,16.99,,64.75,28.14,1,0,64.74,-1.66,2.64,41.99,28.15
576.69,0,,62.79,17.14,3,1,62.56,-11.44,-1.31,71.55,16.67,,64.75,28.13,1,0,64.79,-1.66,2.64,41.99,28.15
576.81,0,,62.79,17.13,3,1,61.85,-11.61,-1.28,71.41,16.47,,64.75,28.13,1,0,64.48,-1.70,2.64,41.95,28.11
576.90,0,,62.79,17.12,3,1,62.02,-11.58,-1.56,71.16,16.78,,64.76,28.12,1,0,65.25,-1.64,2.66,42.03,28.15
576.99,0,,62.79,17.12,3,1,62.02,-11.58,-1.56,71.16,16.78,,64.76,28.12,1,0,65.15,-1.48,2.64,42.17,28.33
577.10,0,,62.77,17.09,3,1,61.94,-12.25,-2.07,69.98,16.62,,64.76,28.12,1,0,64.37,-1.47,2.60,42.14,28.38
577.20,0,,62.76,17.07,3,1,61.84,-12.45,-2.21,69.64,16.56,,64.77,28.12,1,0,65.30,-1.52,2.64,42.13,28.29
577.28,0,,62.74,17.06,3,1,62.00,-13.06,-2.35,68.89,16.09,,64.77,28.12,1,0,65.44,-1.48,2.60,42.13,28.37
577.41,0,,62.72,17.03,3,1,61.27,-13.42,-2.60,68.28,15.98,,64.78,28.12,1,0,64.70,-1.60,2.56,41.97,28.29
577.55,0,,62.70,17.01,3,1,62.78,-13.32,-2.76,68.22,16.24,,64.79,28.12,1,0,65.90,-1.64,2.58,41.95,28.23
577.59,0,,62.67,16.98,3,1,61.31,-13.57,-2.71,68.02,15.94,,64.80,28.13,1,0,64.84,-1.58,2.53,41.96,28.34
577.71,0,,62.65,16.95,3,1,62.17,-14.00,-2.77,67.53,15.57,,64.81,28.13,1,0,64.69,-1.64,2.56,41.93,28.25
577.80,0,,62.62,16.92,3,1,60.98,-13.78,-3.10,67.42,16.12,,64.82,28.13,1,0,64.83,-1.46,2.62,42.17,28.37
577.89,0,,62.58,16.88,3,1,61.76,-14.01,-3.14,67.15,15.93,,64.83,28.14,1,0,64.37,-1.32,2.62,42.31,28.51
578.04,0,,62.54,16.84,3,1,60.58,-14.43,-3.02,66.85,15.39,,64.84,28.14,1,0,64.92,-1.39,2.67,42.29,28.39
578.09,0,,62.50,16.80,3,1,61.05,-14.10,-3.22,66.98,15.92,,64.84,28.15,1,0,64.32,-1.29,2.70,42.42,28.46
578.19,0,,62.45,16.76,3,1,60.05,-14.18,-3.15,66.97,15.77,,64.84,28.16,1,0,65.17,-1.31,2.71,42.41,28.43
578.31,0,,62.40,16.71,3,1,60.43,-14.33,-2.95,67.02,15.42,,64.85,28.17,1,0,65.32,-1.39,2.70,42.32,28.36
578.40,0,,62.34,16.66,3,0,61.16,-13.90,-3.09,67.31,15.99,,64.85,28.18,1,0,65.09,-1.38,2.66,42.29,28.41
578.48,0,,62.34,16.66,3,0,61.16,-13.90,-3.09,67.31,15.99,,64.86,28.19,1,0,64.71,-1.42,2.63,42.22,28.40
578.60,0,,62.21,16.57,3,0,61.32,-13.97,-2.83,67.50,15.66,,64.86,28.20,1,0,65.14,-1.34,2.61,42.28,28.50
578.70,0,,62.15,16.53,3,0,61.41,-13.84,-2.94,67.52,15.90,,64.87,28.21,1,0,65.08,-1.19,2.64,42.46,28.62
578.79,0,,62.09,16.48,3,0,60.21,-14.17,-2.96,67.17,15.59,,64.88,28.22,1,0,64.46,-1.21,2.63,42.43,28.61
578.91,0,,62.02,16.43,3,0,61.07,-14.31,-2.80,67.19,15.29,,64.88,28.23,1,0,64.66,-1.28,2.65,42.38,28.52
579.06,0,,61.96,16.39,3,0,60.64,-13.68,-2.72,67.90,15.84,,64.88,28.25,1,0,65.75,-1.24,2.70,42.47,28.51
579.09,0,,61.90,16.34,3,0,60.46,-13.52,-2.43,68.35,15.71,,64.89,28.26,1,0,64.96,-1.29,2.65,42.37,28.51
579.21,0,,61.83,16.30,3,-1,61.03,-13.60,-2.19,68.51,15.39,,64.89,28.27,1,0,64.31,-1.45,2.63,42.19,28.37
579.30,0,,61.77,16.25,3,-1,61.38,-13.13,-2.28,68.89,15.95,,64.90,28.28,1,0,64.95,-1.50,2.62,42.13,28.33
579.39,0,,61.71,16.21,3,-1,61.00,-13.25,-2.07,68.98,15.62,,64.90,28.30,1,0,64.38,-1.41,2.55,42.15,28.49
579.48,0,,61.71,16.21,3,-1,61.00,-13.25,-2.07,68.98,15.62,,64.90,28.31,1,0,64.81,-1.27,2.58,42.32,28.60
579.60,0,,61.60,16.13,3,-1,60.86,-12.65,-1.73,69.92,15.88,,64.90,28.32,1,0,64.83,-1.30,2.62,42.33,28.53
579.69,0,,61.55,16.09,3,-1,60.44,-12.74,-1.60,69.96,15.66,,64.90,28.33,1,0,64.80,-1.40,2.62,42.23,28.43
579.81,0,,61.50,16.05,3,-1,60.24,-12.82,-1.35,70.13,15.33,,64.89,28.34,1,0,65.07,-1.34,2.61,42.28,28.50
579.90,0,,61.44,16.01,3,-1,59.40,-12.20,-1.27,70.83,15.87,,64.89,28.35,1,0,65.02,-1.35,2.58,42.24,28.52
579.99,0,,61.44,16.01,3,-1,59.40,-12.20,-1.27,70.83,15.87,,64.89,28.36,1,0,64.73,-1.44,2.59,42.16,28.42
580.08,0,,61.39,15.98,3,-1,59.91,-12.15,-1.08,71.07,15.73,,64.89,28.37,1,0,65.31,-1.47,2.55,42.09,28.43
580.20,0,,61.26,15.91,3,-1,59.91,-11.78,-0.83,71.69,15.85,,64.89,28.38,1,0,64.65,-1.49,2.55,42.07,28.41
580.29,0,,61.20,15.88,3,-1,59.99,-11.92,-0.71,71.67,15.59,,64.89,28.39,1,0,64.94,-1.44,2.60,42.17,28.41
580.38,0,,61.20,15.88,3,-1,59.99,-11.92,-0.71,71.67,15.59,,64.90,28.40,1,0,64.93,-1.34,2.57,42.24,28.54
580.56,0,,61.07,15.83,3,-1,60.70,-11.70,-0.74,71.86,15.84,,64.90,28.41,1,0,65.30,-1.31,2.55,42.25,28.59
580.59,0,,61.07,15.83,3,-1,60.70,-11.70,-0.74,71.86,15.84,,64.90,28.41,1,0,64.97,-1.32,2.56,42.25,28.57
580.67,0,,61.02,15.80,3,-1,61.54,-12.07,-0.61,71.62,15.34,,64.90,28.42,1,0,65.37,-1.35,2.57,42.23,28.53
580.79,0,,60.93,15.75,3,-1,63.53,-11.81,-0.28,72.21,15.27,,64.91,28.43,1,0,64.83,-1.39,2.58,42.20,28.48
580.89,0,,60.90,15.72,3,-1,59.35,-11.78,-0.38,72.14,15.40,,64.91,28.44,1,0,65.21,-1.44,2.60,42.17,28.41
580.98,0,,60.90,15.72,3,-1,59.35,-11.78,-0.38,72.14,15.40,,64.92,28.44,1,0,64.87,-1.53,2.61,42.09,28.31
581.10,0,,60.84,15.67,3,-1,61.11,-11.48,-0.79,72.03,16.11,,64.92,28.45,1,0,64.61,-1.55,2.61,42.07,28.29
581.19,0,,60.82,15.65,3,-1,61.75,-11.81,-0.72,71.77,15.71,,64.92,28.45,1,0,64.60,-1.38,2.64,42.27,28.43
581.31,0,,60.80,15.63,3,-1,60.77,-12.13,-0.61,71.56,15.28,,64.92,28.45,1,0,65.08,-1.28,2.64,42.37,28.53
581.40,0,,60.79,15.61,3,-1,60.31,-11.54,-0.77,71.99,16.03,,64.93,28.46,1,0,65.00,-1.34,2.60,42.27,28.51
581.49,0,,60.79,15.61,3,-1,60.31,-11.54,-0.77,71.99,16.03,,64.93,28.46,1,0,64.82,-1.35,2.63,42.29,28.47
581.58,0,,60.77,15.60,3,-1,60.41,-11.68,-0.83,71.79,15.95,,64.93,28.46,1,0,64.76,-1.39,2.61,42.23,28.45
581.70,0,,60.75,15.58,3,-1,61.09,-12.04,-1.15,71.11,15.91,,64.93,28.46,1,0,65.39,-1.53,2.55,42.03,28.37
581.79,0,,60.74,15.57,3,-1,61.93,-12.62,-1.14,70.54,15.32,,64.93,28.46,1,0,64.97,-1.61,2.63,42.03,28.21
581.91,0,,60.74,15.56,3,-1,62.88,-13.07,-1.07,70.16,14.80,,64.93,28.46,1,0,65.34,-1.56,2.62,42.07,28.27
582.06,0,,60.75,15.55,3,-1,61.63,-12.82,-1.31,70.17,15.29,,64.94,28.46,1,0,64.99,-1.45,2.54,42.10,28.46
582.09,0,,60.76,15.54,3,-1,62.11,-13.00,-1.34,69.96,15.14,,64.94,28.46,1,0,64.61,-1.44,2.61,42.18,28.40
582.17,0,,60.76,15.54,3,-1,62.11,-13.00,-1.34,69.96,15.14,,64.94,28.46,1,0,64.85,-1.51,2.66,42.16,28.28
582.30,0,,60.81,15.51,3,-1,62.12,-13.06,-1.39,69.85,15.13,,64.94,28.46,1,0,65.04,-1.54,2.58,42.05,28.33
582.39,0,,60.83,15.49,3,-1,60.67,-13.22,-1.35,69.73,14.93,,64.95,28.45,1,0,65.10,-1.57,2.60,42.04,28.28
582.48,0,,60.83,15.49,3,-1,60.67,-13.22,-1.35,69.73,14.93,,64.95,28.45,1,0,64.92,-1.65,2.58,41.94,28.22
582.60,0,,60.88,15.45,3,-1,61.41,-13.30,-1.46,69.54,14.96,,64.95,28.45,1,0,64.66,-1.68,2.52,41.85,28.25
582.69,0,,60.91,15.43,3,-1,61.87,-13.43,-1.43,69.44,14.80,,64.95,28.44,1,0,65.19,-1.71,2.54,41.84,28.20
582.80,0,,60.93,15.40,3,-1,60.48,-13.75,-1.21,69.34,14.26,,64.95,28.44,1,0,65.01,-1.72,2.55,41.84,28.18
582.90,0,,60.96,15.37,3,-1,62.19,-13.19,-1.46,69.65,15.07,,64.95,28.43,1,0,65.09,-1.61,2.55,41.95,28.29
582.99,0,,60.96,15.37,3,-1,62.19,-13.19,-1.46,69.65,15.07,,64.96,28.42,1,0,64.96,-1.55,2.54,42.00,28.36
583.08,0,,60.99,15.35,3,-1,62.21,-12.79,-1.33,70.18,15.34,,64.96,28.41,1,0,64.97,-1.57,2.52,41.96,28.36
583.20,0,,61.05,15.30,3,-1,61.36,-12.54,-0.94,70.82,15.20,,64.96,28.41,1,0,65.13,-1.51,2.55,42.05,28.39
583.29,0,,61.08,15.27,3,-1,60.70,-12.74,-0.76,70.80,14.82,,64.96,28.40,1,0,64.65,-1.54,2.61,42.08,28.30
583.38,0,,61.08,15.27,3,-1,60.70,-12.74,-0.76,70.80,14.82,,64.96,28.40,1,0,64.35,-1.69,2.67,41.99,28.09
583.55,0,,61.14,15.23,3,-1,61.81,-12.29,-0.68,71.33,15.19,,64.96,28.39,1,0,64.76,-1.76,2.65,41.90,28.04
583.62,0,,61.17,15.21,3,-1,61.38,-12.34,-0.61,71.35,15.07,,64.96,28.38,1,0,64.78,-1.73,2.59,41.87,28.13
583.68,0,,61.17,15.21,3,-1,61.38,-12.34,-0.61,71.35,15.07,,64.95,28.37,1,0,65.08,-1.72,2.58,41.87,28.15
583.79,0,,61.21,15.17,3,-1,61.42,-11.83,-0.28,72.19,15.25,,64.95,28.36,1,0,64.91,-1.68,2.62,41.95,28.15
583.89,0,,61.23,15.15,3,-1,59.75,-11.94,-0.09,72.27,14.95,,64.94,28.35,1,0,64.90,-1.53,2.65,42.13,28.27
583.98,0,,61.23,15.15,3,-1,59.75,-11.94,-0.09,72.27,14.95,,64.94,28.34,1,0,65.02,-1.48,2.69,42.22,28.28
584.10,0,,61.25,15.11,3,-1,59.95,-11.45,0.09,72.94,15.26,,64.94,28.34,1,0,64.14,-1.49,2.70,42.22,28.26
584.19,0,,61.24,15.09,3,-1,60.81,-11.56,0.15,72.89,15.09,,64.93,28.33,1,0,64.83,-1.47,2.69,42.23,28.29
584.31,0,,61.24,15.08,3,-1,62.29,-11.67,0.36,72.99,14.77,,64.93,28.32,1,0,64.66,-1.51,2.68,42.18,28.26
584.40,0,,61.24,15.06,3,-1,63.21,-11.32,0.34,73.32,15.14,,64.92,28.31,1,0,64.66,-1.56,2.67,42.12,28.22
584.49,0,,61.24,15.06,3,-1,63.21,-11.32,0.34,73.32,15.14,,64.91,28.31,1,0,65.04,-1.61,2.65,42.05,28.19
584.58,0,,61.27,15.04,3,-1,60.93,-11.60,0.59,73.29,14.61,,64.90,28.30,1,0,64.99,-1.63,2.62,42.00,28.20
584.70,0,,61.29,15.02,3,-1,61.28,-11.07,0.44,73.67,15.29,,64.90,28.29,1,0,65.12,-1.55,2.63,42.09,28.27
584.79,0,,61.30,15.01,3,-1,61.45,-11.27,0.65,73.68,14.88,,64.89,28.29,1,0,64.58,-1.46,2.67,42.22,28.32
584.88,0,,61.31,15.00,3,-1,61.08,-11.12,0.98,74.16,14.70,,64.89,28.28,1,0,64.92,-1.49,2.70,42.22,28.26
585.06,0,,61.33,14.98,3,-1,62.94,-10.82,1.04,74.52,14.94,,64.89,28.27,1,0,64.66,-1.49,2.71,42.23,28.25
585.09,0,,61.35,14.97,3,-1,62.72,-11.29,1.18,74.19,14.33,,64.88,28.27,1,0,64.76,-1.51,2.69,42.19,28.25
585.18,0,,61.37,14.96,3,-1,63.09,-11.37,1.32,74.25,14.11,,64.88,28.27,1,0,65.16,-1.62,2.68,42.07,28.15
585.30,0,,61.40,14.94,3,-1,63.30,-10.68,1.38,75.00,14.74,,64.87,28.26,1,0,65.28,-1.66,2.64,41.99,28.15
585.39,0,,61.44,14.92,3,-1,62.14,-10.87,1.51,74.94,14.42,,64.87,28.26,1,0,64.45,-1.70,2.62,41.93,28.13
585.48,0,,61.44,14.92,3,-1,62.14,-10.87,1.51,74.94,14.42,,64.87,28.25,1,0,65.00,-1.71,2.66,41.96,28.08
585.60,0,,61.52,14.89,3,-1,60.78,-10.35,1.32,75.27,15.13,,64.87,28.25,1,0,65.05,-1.53,2.64,42.12,28.28
585.69,0,,61.56,14.87,3,-1,62.33,-10.26,1.82,75.86,14.72,,64.87,28.24,1,0,64.65,-1.45,2.64,42.20,28.36
585.81,0,,61.59,14.86,3,-1,62.03,-9.93,2.21,76.58,14.66,,64.86,28.24,1,0,64.50,-1.51,2.70,42.20,28.24
585.90,0,,61.63,14.84,3,-1,63.27,-9.11,2.30,77.49,15.39,,64.86,28.23,1,0,65.09,-1.45,2.70,42.26,28.30
585.99,0,,61.63,14.84,3,-1,63.27,-9.11,2.30,77.49,15.39,,64.86,28.23,1,0,64.37,-1.45,2.69,42.25,28.31
586.08,0,,61.71,14.83,3,-1,62.59,-8.78,2.83,78.35,15.19,,64.85,28.23,1,0,64.65,-1.53,2.73,42.21,28.19
586.20,0,,61.75,14.82,3,-1,62.49,-8.90,2.72,78.12,15.18,,64.85,28.23,1,0,65.11,-1.57,2.69,42.13,28.19
586.29,0,,61.79,14.82,3,-1,61.75,-8.85,3.00,78.45,14.95,,64.85,28.23,1,0,64.62,-1.63,2.69,42.07,28.13
586.38,0,,61.83,14.82,3,-1,63.79,-8.96,3.02,78.36,14.82,,64.84,28.22,1,0,64.81,-1.61,2.70,42.10,28.14
586.56,0,,61.87,14.82,3,-1,61.52,-8.72,2.94,78.52,15.14,,64.84,28.22,1,0,64.50,-1.50,2.69,42.20,28.26
586.59,0,,61.91,14.82,3,-1,61.17,-8.24,3.44,79.50,15.12,,64.83,28.22,1,0,64.80,-1.46,2.75,42.30,28.24
586.68,0,,61.94,14.83,3,-1,61.43,-8.41,3.58,79.47,14.81,,64.83,28.22,1,0,64.95,-1.44,2.74,42.31,28.27
586.80,0,,61.96,14.83,3,-1,61.89,-8.24,3.28,79.34,15.28,,64.82,28.22,1,0,65.26,-1.39,2.72,42.34,28.34
586.89,0,,61.98,14.83,3,-1,62.79,-8.42,3.23,79.11,15.15,,64.82,28.21,1,0,64.37,-1.41,2.79,42.39,28.25
586.98,0,,61.98,14.83,3,-1,62.79,-8.42,3.23,79.11,15.15,,64.82,28.21,1,0,64.83,-1.53,2.83,42.31,28.09
587.10,0,,62.03,14.85,3,-1,62.53,-7.48,3.56,80.38,15.76,,64.82,28.21,1,0,65.00,-1.58,2.76,42.19,28.11
587.18,0,,62.06,14.86,3,-1,63.41,-7.37,3.81,80.74,15.62,,64.81,28.21,1,0,64.53,-1.62,2.72,42.11,28.11
587.31,0,,62.09,14.87,3,-1,62.18,-7.59,4.05,80.76,15.16,,64.81,28.21,1,0,64.62,-1.59,2.74,42.16,28.12
587.40,0,,62.12,14.89,3,-1,63.11,-7.18,3.87,80.99,15.75,,64.81,28.21,1,0,64.82,-1.49,2.75,42.27,28.21
587.49,0,,62.12,14.89,3,-1,63.11,-7.18,3.87,80.99,15.75,,64.80,28.21,1,0,64.62,-1.53,2.73,42.21,28.19
587.58,0,,62.19,14.93,3,-1,63.29,-7.15,3.92,81.07,15.73,,64.80,28.20,1,0,64.84,-1.62,2.75,42.14,28.08
587.70,0,,62.23,14.95,3,-1,62.97,-7.14,3.97,81.13,15.69,,64.80,28.20,1,0,65.45,-1.68,2.78,42.11,27.99
587.79,0,,62.27,14.98,3,-1,62.88,-7.02,4.07,81.35,15.71,,64.80,28.20,1,0,64.87,-1.68,2.74,42.07,28.03
587.88,0,,62.31,15.01,3,-1,62.88,-7.10,4.26,81.46,15.44,,64.80,28.19,1,0,64.98,-1.75,2.75,42.01,27.95
588.06,0,,62.35,15.04,3,-1,62.97,-6.84,4.32,81.78,15.64,,64.80,28.19,1,0,64.37,-1.88,2.78,41.91,27.79
588.09,0,,62.39,15.06,3,-1,63.66,-6.93,4.24,81.61,15.63,,64.80,28.18,1,0,64.43,-1.86,2.80,41.95,27.79
588.18,0,,62.43,15.09,3,-1,62.65,-7.22,4.30,81.38,15.28,,64.80,28.17,1,0,65.03,-1.72,2.78,42.07,27.95
588.30,0,,62.47,15.12,3,-1,62.70,-7.21,4.03,81.12,15.56,,64.79,28.16,1,0,64.55,-1.64,2.78,42.15,28.03
588.39,0,,62.51,15.15,3,-1,62.52,-8.22,3.44,79.52,15.14,,64.79,28.16,1,0,64.93,-1.67,2.79,42.13,27.99
588.48,0,,62.51,15.15,3,-1,62.52,-8.22,3.44,79.52,15.14,,64.79,28.15,1,0,64.79,-1.69,2.77,42.09,27.99
588.60,0,,62.56,15.19,3,-1,61.37,-9.77,2.26,76.79,14.77,,64.79,28.14,1,0,65.17,-1.68,2.80,42.13,27.97
588.69,0,,62.58,15.20,3,-1,61.41,-10.57,1.80,75.53,14.43,,64.79,28.13,1,0,64.66,-1.75,2.83,42.09,27.87
588.81,0,,62.58,15.21,3,-1,62.04,-11.26,1.33,74.37,14.21,,64.79,28.12,1,0,64.02,-1.83,2.83,42.01,27.79
588.90,0,,62.59,15.21,3,-1,62.76,-10.96,1.02,74.36,14.82,,64.79,28.11,1,0,64.55,-1.87,2.82,41.96,27.76
588.99,0,,62.59,15.21,3,-1,62.76,-10.96,1.02,74.36,14.82,,64.78,28.10,1,0,64.52,-1.81,2.81,42.01,27.83
589.08,0,,62.59,15.20,3,-1,62.90,-11.86,0.62,73.06,14.32,,64.78,28.08,1,0,64.48,-1.71,2.85,42.15,27.89
589.20,0,,62.58,15.19,3,-1,60.82,-11.81,0.53,73.02,14.46,,64.77,28.07,1,0,65.01,-1.68,2.85,42.18,27.92
589.29,0,,62.58,15.18,3,-1,61.02,-12.02,0.57,72.85,14.21,,64.76,28.06,1,0,65.31,-1.66,2.82,42.17,27.97
589.38,0,,62.56,15.16,3,-1,60.64,-12.27,0.47,72.50,14.06,,64.76,28.05,1,0,65.02,-1.60,2.86,42.27,27.99
589.56,0,,62.53,15.14,3,-1,61.10,-11.92,0.42,72.80,14.46,,64.76,28.04,1,0,64.71,-1.66,2.88,42.23,27.91
589.59,0,,62.50,15.11,3,-1,60.88,-12.11,0.50,72.69,14.19,,64.76,28.03,1,0,64.79,-1.79,2.90,42.12,27.76
589.68,0,,62.46,15.09,3,-1,61.03,-12.44,0.61,72.47,13.75,,64.76,28.02,1,0,64.17,-1.86,2.92,42.07,27.67
589.80,0,,62.42,15.06,3,-1,62.52,-11.87,0.60,73.03,14.33,,64.76,28.01,1,0,65.06,-1.85,2.89,42.05,27.71
589.89,0,,62.38,15.02,3,-1,61.53,-11.79,0.65,73.16,14.36,,64.76,28.00,1,0,65.18,-1.76,2.87,42.12,27.82
589.98,0,,62.38,15.02,3,-1,61.53,-11.79,0.65,73.16,14.36,,64.76,27.98,1,0,64.46,-1.76,2.90,42.15,27.79
590.10,0,,62.30,14.96,3,-1,61.13,-11.48,0.78,73.60,14.54,,64.76,27.97,1,0,64.79,-1.80,2.91,42.12,27.74
590.19,0,,62.26,14.92,3,1,60.87,-11.69,0.74,73.35,14.37,,64.76,27.96,1,0,64.61,-1.76,2.87,42.12,27.82
590.31,0,,62.22,14.89,3,1,61.62,-11.98,0.87,73.19,13.95,,64.76,27.95,1,0,64.71,-1.82,2.88,42.07,27.75
590.40,0,,62.18,14.85,3,1,61.89,-11.36,0.90,73.84,14.54,,64.76,27.94,1,0,64.69,-1.94,2.91,41.98,27.60
590.49,0,,62.18,14.85,3,1,61.89,-11.36,0.90,73.84,14.54,,64.75,27.92,1,0,64.10,-1.97,2.89,41.93,27.59
590.58,0,,62.10,14.79,3,1,61.28,-11.18,1.03,74.15,14.59,,64.75,27.91,1,0,64.56,-2.02,2.88,41.87,27.55
590.70,0,,62.07,14.76,3,1,61.86,-11.15,0.97,74.12,14.68,,64.74,27.90,1,0,64.77,-2.01,2.91,41.91,27.53
590.79,0,,62.03,14.73,3,1,61.65,-11.45,0.92,73.77,14.43,,64.74,27.88,1,0,64.65,-1.90,2.96,42.07,27.59
590.88,0,,62.00,14.71,3,1,62.39,-11.36,0.92,73.86,14.52,,64.73,27.87,1,0,64.44,-1.89,3.02,42.14,27.54
591.06,0,,61.97,14.68,3,1,61.82,-10.93,1.04,74.41,14.83,,64.73,27.85,1,0,64.74,-1.87,2.99,42.13,27.59
591.09,0,,61.95,14.66,3,1,62.58,-10.93,1.21,74.58,14.66,,64.72,27.84,1,0,64.71,-1.81,2.95,42.15,27.69
591.18,0,,61.93,14.64,3,1,61.93,-11.03,1.25,74.52,14.52,,64.72,27.82,1,0,64.40,-1.88,2.98,42.11,27.59
591.29,0,,61.91,14.63,3,1,62.41,-10.84,1.07,74.53,14.89,,64.71,27.81,1,0,65.01,-1.96,2.99,42.04,27.50
591.39,0,,61.90,14.61,3,1,61.84,-11.05,0.93,74.18,14.82,,64.71,27.79,1,0,63.98,-1.93,2.97,42.05,27.55
591.48,0,,61.90,14.61,3,1,61.84,-11.05,0.93,74.18,14.82,,64.70,27.78,1,0,64.36,-1.95,2.97,42.03,27.53
591.60,0,,61.88,14.59,3,1,61.54,-11.14,0.75,73.91,14.91,,64.69,27.77,1,0,64.90,-1.86,3.01,42.16,27.58
591.69,0,,61.87,14.58,3,1,62.17,-11.24,0.74,73.80,14.82,,64.68,27.75,1,0,64.73,-1.75,3.06,42.32,27.64
591.81,0,,61.86,14.58,3,1,62.20,-11.48,0.65,73.47,14.67,,64.68,27.74,1,0,63.84,-1.82,3.07,42.26,27.56
591.90,0,,61.86,14.57,3,1,61.98,-11.52,0.40,73.18,14.88,,64.67,27.73,1,0,64.41,-1.79,3.09,42.31,27.57
591.99,0,,61.86,14.57,3,1,61.98,-11.52,0.40,73.18,14.88,,64.66,27.71,1,0,64.31,-1.74,3.11,42.38,27.60
592.08,0,,61.85,14.57,3,1,60.98,-12.09,0.09,72.30,14.62,,64.64,27.70,1,0,63.90,-1.81,3.10,42.30,27.54
592.20,0,,61.84,14.57,3,1,62.25,-12.04,-0.06,72.20,14.82,,64.63,27.69,1,0,64.08,-1.89,3.09,42.21,27.47
592.29,0,,61.84,14.57,3,1,62.34,-12.02,0.07,72.35,14.71,,64.61,27.68,1,0,64.42,-1.95,3.04,42.10,27.46
592.38,0,,61.83,14.57,3,1,62.04,-11.94,0.14,72.50,14.72,,64.60,27.66,1,0,64.07,-1.91,3.01,42.11,27.53
592.56,0,,61.83,14.58,3,1,61.83,-11.84,0.11,72.57,14.85,,64.58,27.65,1,0,64.32,-1.80,3.03,42.24,27.62
592.59,0,,61.83,14.58,3,1,62.02,-11.95,0.13,72.48,14.72,,64.57,27.64,1,0,64.76,-1.84,3.04,42.21,27.57
592.68,0,,61.83,14.58,3,1,61.79,-12.14,-0.04,72.12,14.70,,64.55,27.63,1,0,64.81,-1.91,3.05,42.15,27.49
592.80,0,,61.83,14.59,3,1,62.16,-12.13,-0.12,72.05,14.79,,64.54,27.62,1,0,63.91,-1.90,3.06,42.17,27.49
592.89,0,,61.83,14.59,3,1,61.32,-11.92,0.13,72.51,14.75,,64.53,27.61,1,0,64.17,-1.97,3.06,42.10,27.42
592.98,0,,61.83,14.59,3,1,61.32,-11.92,0.13,72.51,14.75,,64.51,27.60,1,0,63.65,-2.06,3.05,42.00,27.34
593.10,0,,61.83,14.60,3,1,60.67,-11.32,0.46,73.44,15.02,,64.49,27.59,1,0,64.18,-2.12,3.08,41.97,27.25
593.18,0,,61.83,14.61,3,1,60.44,-11.34,0.49,73.45,14.97,,64.48,27.58,1,0,64.78,-2.09,3.05,41.97,27.31
593.31,0,,61.82,14.62,3,1,61.37,-11.28,0.62,73.64,14.90,,64.46,27.57,1,0,64.04,-1.95,3.06,42.12,27.44
593.40,0,,61.80,14.63,3,0,61.15,-11.28,0.55,73.57,14.97,,64.45,27.56,1,0,63.98,-1.98,3.14,42.17,27.33
593.49,0,,61.80,14.63,3,0,61.15,-11.28,0.55,73.57,14.97,,64.43,27.55,1,0,64.43,-2.00,3.11,42.12,27.34
593.58,0,,61.77,14.65,3,0,61.14,-11.55,0.58,73.33,14.67,,64.42,27.54,1,0,64.40,-1.90,3.09,42.20,27.46
593.70,0,,61.75,14.66,3,0,60.71,-11.40,0.62,73.52,14.78,,64.40,27.53,1,0,64.47,-1.97,3.17,42.21,27.31
593.79,0,,61.72,14.67,3,0,61.04,-11.54,0.58,73.34,14.68,,64.39,27.52,1,0,64.64,-2.04,3.13,42.10,27.28
593.88,0,,61.70,14.68,3,0,62.19,-11.53,0.67,73.44,14.60,,64.38,27.50,1,0,64.14,-2.09,3.09,42.01,27.27
594.06,0,,61.68,14.68,3,0,63.35,-11.29,0.70,73.71,14.81,,64.38,27.49,1,0,64.55,-2.17,3.14,41.98,27.14
594.09,0,,61.67,14.69,3,0,61.77,-11.10,0.82,74.02,14.88,,64.37,27.48,1,0,64.26,-2.06,3.12,42.07,27.27
594.18,0,,61.67,14.70,3,0,62.67,-11.10,1.00,74.20,14.70,,64.36,27.47,1,0,64.40,-1.96,3.13,42.18,27.36
594.30,0,,61.66,14.70,3,0,61.87,-10.99,1.02,74.33,14.79,,64.36,27.46,1,0,64.88,-1.93,3.14,42.22,27.38
594.39,0,,61.66,14.71,3,0,61.42,-10.94,0.99,74.35,14.87,,64.35,27.45,1,0,64.00,-1.82,3.11,42.30,27.52
594.48,0,,61.66,14.71,3,0,61.42,-10.94,0.99,74.35,14.87,,64.35,27.44,1,0,63.88,-1.87,3.13,42.27,27.45
594.60,0,,61.67,14.72,3,0,62.34,-10.47,1.21,75.04,15.12,,64.34,27.43,1,0,64.47,-2.03,3.19,42.17,27.23
594.69,0,,61.67,14.73,3,0,61.67,-10.51,1.26,75.05,15.03,,64.34,27.42,1,0,64.73,-2.06,3.23,42.18,27.16
594.81,0,,61.68,14.74,3,0,62.17,-10.84,1.03,74.49,14.93,,64.33,27.41,1,0,64.15,-2.08,3.20,42.13,27.17
594.90,0,,61.69,14.75,3,0,62.61,-9.63,1.63,76.30,15.54,,64.33,27.40,1,0,64.20,-2.09,3.14,42.06,27.22
594.99,0,,61.69,14.75,3,0,62.61,-9.63,1.63,76.30,15.54,,64.33,27.39,1,0,64.08,-1.99,3.18,42.20,27.28
595.08,0,,61.71,14.78,3,0,60.89,-9.30,2.08,77.08,15.42,,64.32,27.38,1,0,64.30,-2.01,3.25,42.25,27.19
595.20,0,,61.73,14.80,3,0,62.54,-9.22,1.90,76.98,15.68,,64.32,27.37,1,0,63.88,-2.11,3.23,42.13,27.11
595.29,0,,61.74,14.82,3,0,61.53,-9.89,1.94,76.35,14.97,,64.31,27.36,1,0,64.38,-2.11,3.20,42.10,27.14
595.38,0,,61.76,14.84,3,0,61.50,-14.82,-1.20,68.28,13.18,,64.31,27.35,1,0,64.25,-2.11,3.21,42.11,27.13
595.56,0,,61.77,14.85,3,0,62.63,-21.87,-7.55,54.88,12.48,,64.30,27.34,1,0,64.30,-2.20,3.19,42.00,27.06
595.59,0,,61.78,14.84,3,0,63.49,-26.28,-12.06,45.96,12.58,,64.30,27.33,1,0,64.35,-2.30,3.21,41.92,26.94
595.67,0,,61.80,14.82,3,0,63.32,-26.02,-12.33,45.95,13.11,,64.29,27.32,1,0,64.27,-2.34,3.23,41.90,26.88
595.80,0,,61.83,14.80,3,0,63.96,-25.11,-11.46,47.73,13.15,,64.29,27.30,1,0,63.98,-2.33,3.25,41.93,26.87
595.89,0,,61.87,14.76,3,0,63.31,-25.93,-12.36,46.01,13.23,,64.29,27.29,1,0,64.21,-2.22,3.27,42.06,26.96
595.98,0,,61.87,14.76,3,0,63.31,-25.93,-12.36,46.01,13.23,,64.28,27.27,1,0,63.93,-2.15,3.26,42.12,27.04
596.10,0,,61.96,14.68,3,0,62.99,-25.61,-12.31,46.38,13.50,,64.27,27.26,1,0,64.29,-2.22,3.26,42.05,26.97
596.19,0,,62.01,14.64,3,0,63.89,-25.26,-11.95,47.09,13.49,,64.27,27.24,1,0,63.47,-2.22,3.30,42.09,26.93
596.31,0,,62.07,14.59,3,0,64.23,-25.03,-11.93,47.34,13.70,,64.26,27.23,1,0,63.94,-2.19,3.32,42.14,26.94
596.40,0,,62.13,14.55,3,0,64.86,-25.48,-12.36,46.46,13.68,,64.25,27.21,1,0,64.05,-2.24,3.31,42.08,26.90
596.49,0,,62.13,14.55,3,0,64.86,-25.48,-12.36,46.46,13.68,,64.24,27.20,1,0,64.13,-2.29,3.29,42.01,26.87
596.58,0,,62.28,14.46,3,-1,63.65,-24.25,-11.93,48.12,14.48,,64.23,27.18,1,0,63.57,-2.35,3.30,41.96,26.80
596.70,0,,62.36,14.42,3,-1,64.03,-23.07,-11.56,49.67,15.29,,64.22,27.16,1,0,64.16,-2.39,3.36,41.98,26.70
596.79,0,,62.44,14.39,3,-1,62.86,-22.86,-11.30,50.14,15.24,,64.20,27.15,1,0,64.16,-2.22,3.37,42.16,26.86
596.88,0,,62.52,14.36,3,-1,64.05,-23.40,-11.67,49.23,15.07,,64.19,27.13,1,0,63.76,-2.08,3.36,42.29,27.01
597.06,0,,62.59,14.35,3,-1,63.57,-22.19,-11.63,50.48,16.24,,64.18,27.11,1,0,64.12,-2.08,3.35,42.28,27.02
597.09,0,,62.66,14.34,3,-1,63.83,-20.74,-10.59,52.97,16.65,,64.17,27.10,1,0,63.91,-2.05,3.36,42.32,27.04
597.18,0,,62.74,14.35,3,-1,63.82,-22.82,-11.21,50.27,15.19,,64.16,27.08,1,0,64.23,-2.05,3.40,42.36,27.00
597.30,0,,62.81,14.37,3,-1,63.14,-23.66,-11.97,48.67,15.11,,64.15,27.07,1,0,63.85,-2.06,3.38,42.33,27.01
597.39,0,,62.87,14.38,3,-1,63.61,-20.80,-10.07,53.43,16.07,,64.14,27.06,1,0,64.26,-2.14,3.37,42.24,26.94
597.48,0,,62.87,14.38,3,-1,63.61,-20.80,-10.07,53.43,16.07,,64.13,27.05,1,0,64.19,-2.22,3.39,42.18,26.84
597.60,0,,63.00,14.44,3,-1,63.19,-24.10,-12.17,48.03,14.87,,64.12,27.04,1,0,64.48,-2.08,3.39,42.32,26.98
597.69,0,,63.05,14.46,3,-1,64.88,-25.75,-13.83,44.72,14.88,,64.12,27.03,1,0,64.02,-1.99,3.41,42.43,27.05
597.81,0,,63.12,14.49,3,-1,65.94,-28.04,-15.29,40.97,14.05,,64.11,27.02,1,0,64.25,-2.06,3.41,42.36,26.98
597.90,0,,63.18,14.51,3,-1,65.01,-30.38,-16.53,37.39,12.95,,64.11,27.01,1,0,64.01,-2.10,3.40,42.31,26.95
597.99,0,,63.18,14.51,3,-1,65.01,-30.38,-16.53,37.39,12.95,,64.10,27.00,1,0,63.87,-2.08,3.42,42.35,26.95
598.08,0,,63.33,14.51,3,-1,64.33,-33.14,-17.18,33.98,10.84,,64.10,26.99,1,0,63.87,-2.15,3.48,42.34,26.82
598.20,0,,63.40,14.48,3,-1,61.27,-33.74,-17.55,33.01,10.61,,64.09,26.98,1,0,63.80,-2.21,3.52,42.32,26.72
598.29,0,,63.45,14.44,3,-1,61.70,-34.04,-17.62,32.64,10.38,,64.09,26.98,1,0,63.99,-2.22,3.49,42.28,26.74
598.38,0,,63.48,14.37,3,-1,61.35,-34.59,-17.53,32.18,9.74,,64.08,26.97,1,0,63.85,-2.20,3.45,42.26,26.80
598.56,0,,63.50,14.28,3,-1,59.35,-34.59,-17.09,32.62,9.30,,64.07,26.96,1,0,63.57,-2.06,3.44,42.39,26.95
598.59,0,,63.49,14.18,3,-1,59.25,-34.48,-17.00,32.82,9.32,,64.07,26.95,1,0,64.12,-1.99,3.47,42.49,26.99
598.68,0,,63.46,14.05,3,-1,54.45,-35.47,-17.07,31.76,8.40,,64.06,26.94,1,0,63.65,-2.04,3.54,42.51,26.87
598.80,0,,63.37,13.91,3,-1,47.41,-38.09,-16.53,29.68,5.24,,64.05,26.94,1,0,63.84,-2.05,3.57,42.53,26.83
598.89,0,,63.20,13.72,3,-1,44.80,-40.95,-16.42,26.93,2.27,,64.04,26.93,1,0,63.89,-2.06,3.54,42.49,26.85
598.98,0,,63.20,13.72,3,-1,44.80,-40.95,-16.42,26.93,2.27,,64.03,26.92,1,0,64.30,-2.07,3.51,42.45,26.87
599.10,0,,62.67,13.23,3,-1,66.69,-42.76,-20.27,21.27,4.31,,64.02,26.92,1,0,63.77,-2.13,3.50,42.38,26.82
599.19,0,,62.42,12.95,3,-1,68.44,-41.67,-22.23,20.40,7.36,,64.01,26.91,1,0,63.59,-2.21,3.55,42.35,26.69
599.31,0,,62.22,12.66,3,-1,67.84,-38.04,-22.27,23.99,11.03,,64.00,26.90,1,0,64.21,-2.05,3.58,42.54,26.82
599.40,0,,62.08,12.39,3,-1,64.69,-35.93,-19.90,28.47,10.77,,64.00,26.90,1,0,64.09,-1.88,3.54,42.67,27.03
599.49,0,,62.08,12.39,3,-1,64.69,-35.93,-19.90,28.47,10.77,,63.99,26.89,1,0,64.67,-1.91,3.56,42.66,26.98
599.58,0,,61.88,11.89,3,-1,63.02,-36.53,-20.58,27.19,10.85,,63.99,26.89,1,0,64.20,-1.91,3.60,42.70,26.94
599.70,0,,61.81,11.67,3,-1,63.35,-35.88,-20.60,27.82,11.52,,63.99,26.88,1,0,64.15,-1.94,3.60,42.67,26.91
599.79,0,,61.75,11.48,3,-1,61.61,-32.05,-19.29,32.96,14.04,,63.99,26.88,1,0,63.97,-1.99,3.60,42.62,26.86
599.88,0,,61.70,11.31,3,-1,60.72,-32.40,-19.42,32.48,13.82,,63.99,26.88,1,0,63.60,-2.02,3.56,42.55,26.87
600.06,0,,61.65,11.18,3,-1,60.40,-35.52,-20.41,28.37,11.69,,63.99,26.88,1,0,63.72,-2.04,3.48,42.45,26.93
600.09,0,,61.60,11.06,3,-1,59.15,-35.06,-20.38,28.86,12.12,,63.99,26.87,1,0,63.78,-1.98,3.51,42.54,26.96
600.18,0,,61.54,10.97,3,-1,61.19,-33.08,-19.28,31.94,13.00,,63.98,26.87,1,0,64.37,-1.90,3.53,42.64,27.02
600.30,0,,61.48,10.89,3,-1,60.69,-30.39,-17.20,36.71,13.61,,63.98,26.87,1,0,64.07,-1.94,3.52,42.59,26.99
600.39,0,,61.43,10.84,3,-1,60.49,-28.60,-14.92,40.78,13.12,,63.98,26.87,1,0,64.09,-1.99,3.52,42.54,26.94
600.48,0,,61.43,10.84,3,-1,60.49,-28.60,-14.92,40.78,13.12,,63.98,26.87,1,0,64.20,-1.95,3.52,42.58,26.98
600.60,0,,61.31,10.79,3,-1,58.57,-29.41,-14.86,40.03,12.25,,63.98,26.87,1,0,64.70,-2.06,3.50,42.45,26.89
600.69,0,,61.23,10.78,3,-1,54.35,-31.15,-15.57,37.58,11.22,,63.99,26.88,1,0,64.07,-2.18,3.51,42.34,26.76
600.81,0,,61.14,10.78,3,-1,58.79,-31.94,-16.32,36.04,11.18,,63.99,26.88,1,0,64.16,-2.17,3.52,42.36,26.76
600.90,0,,61.04,10.78,3,-1,67.67,-29.15,-16.50,38.65,14.15,,64.00,26.88,1,0,64.52,-2.13,3.51,42.39,26.81
600.99,0,,61.04,10.78,3,-1,67.67,-29.15,-16.50,38.65,14.15,,64.01,26.88,1,0,64.06,-1.99,3.49,42.51,26.97
601.08,0,,60.94,10.84,3,-1,62.70,-33.61,-20.18,30.51,13.37,,64.01,26.87,1,0,63.89,-1.98,3.50,42.53,26.97
601.20,0,,60.92,10.90,3,-1,64.51,-33.71,-19.48,31.11,12.57,,64.02,26.88,1,0,63.63,-2.06,3.57,42.52,26.82
601.29,0,,60.93,10.96,3,-1,67.59,-32.52,-20.09,31.69,14.37,,64.02,26.88,1,0,64.29,-1.96,3.55,42.60,26.94
601.38,0,,60.97,11.03,3,-1,67.77,-32.64,-20.76,30.90,14.92,,64.03,26.88,1,0,63.57,-1.93,3.48,42.56,27.04
601.56,0,,61.05,11.12,3,-1,69.03,-31.96,-20.86,31.48,15.70,,64.03,26.88,1,0,63.93,-2.06,3.56,42.51,26.83
601.59,0,,61.16,11.23,3,-1,70.37,-31.41,-20.80,32.09,16.19,,64.03,26.88,1,0,63.74,-2.13,3.59,42.47,26.73
601.67,0,,61.32,11.35,3,-1,70.29,-31.08,-20.51,32.71,16.23,,64.03,26.88,1,0,64.18,-2.11,3.54,42.44,26.80
601.80,0,,61.51,11.49,3,-1,69.44,-30.82,-20.56,32.92,16.54,,64.03,26.88,1,0,63.95,-1.96,3.53,42.58,26.96
601.89,0,,61.72,11.65,3,-1,69.43,-30.55,-20.36,33.39,16.61,,64.03,26.88,1,0,63.89,-1.87,3.51,42.65,27.07
601.98,0,,61.72,11.65,3,-1,69.43,-30.55,-20.36,33.39,16.61,,64.03,26.88,1,0,64.41,-1.91,3.54,42.64,27.00
602.10,0,,62.17,11.98,3,-1,60.70,-29.32,-16.14,38.84,13.62,,64.03,26.88,1,0,64.19,-1.89,3.54,42.66,27.02
602.19,0,,62.36,12.14,3,-1,58.29,-29.78,-14.92,39.60,11.94,,64.03,26.88,1,0,63.93,-1.92,3.54,42.63,26.99
602.31,0,,62.52,12.29,3,-1,66.56,-29.83,-16.23,38.24,13.20,,64.03,26.88,1,0,64.44,-1.97,3.56,42.60,26.92
602.40,0,,62.67,12.43,3,-1,64.36,-24.09,-15.44,44.77,18.15,,64.03,26.89,1,0,64.23,-1.98,3.54,42.57,26.93
602.49,0,,62.67,12.43,3,-1,64.36,-24.09,-15.44,44.77,18.15,,64.04,26.89,1,0,64.67,-1.99,3.50,42.52,26.96
602.58,0,,62.95,12.76,3,-1,63.57,-23.70,-13.50,47.10,16.60,,64.05,26.89,1,0,64.58,-1.90,3.53,42.64,27.02
602.70,0,,63.08,12.94,3,-1,63.09,-24.05,-14.48,45.77,17.23,,64.06,26.89,1,0,64.29,-1.85,3.56,42.72,27.04
602.79,0,,63.19,13.13,3,-1,61.75,-25.86,-14.26,44.18,15.20,,64.07,26.90,1,0,64.37,-1.93,3.52,42.60,27.00
602.88,0,,63.28,13.30,3,-1,61.13,-27.10,-14.85,42.35,14.55,,64.08,26.90,1,0,64.12,-1.95,3.49,42.55,27.01
603.06,0,,63.35,13.47,3,0,60.15,-27.81,-15.48,41.01,14.47,,64.09,26.91,1,0,63.42,-1.96,3.49,42.54,27.00
603.09,0,,63.40,13.63,3,0,60.08,-29.20,-15.60,39.50,13.20,,64.09,26.91,1,0,64.04,-2.06,3.47,42.42,26.92
603.18,0,,63.42,13.76,3,0,61.58,-28.57,-15.74,39.99,13.97,,64.10,26.91,1,0,64.13,-2.15,3.49,42.35,26.81
603.30,0,,63.43,13.89,3,0,61.44,-27.96,-15.97,40.37,14.81,,64.10,26.92,1,0,63.97,-2.17,3.48,42.32,26.80
603.39,0,,63.43,14.01,3,0,63.66,-27.77,-16.47,40.06,15.50,,64.10,26.92,1,0,64.46,-2.08,3.43,42.36,26.94
603.48,0,,63.43,14.01,3,0,63.66,-27.77,-16.47,40.06,15.50,,64.11,26.92,1,0,64.11,-1.93,3.43,42.51,27.09
603.60,0,,63.43,14.23,3,0,65.18,-27.20,-16.52,40.58,16.12,,64.11,26.92,1,0,64.04,-1.98,3.45,42.48,27.02
603.69,0,,63.45,14.34,3,0,65.00,-27.25,-16.44,40.61,15.99,,64.11,26.92,1,0,64.52,-2.04,3.50,42.47,26.91
603.81,0,,63.48,14.45,3,0,65.04,-27.53,-16.65,40.12,15.92,,64.12,26.93,1,0,64.23,-1.95,3.49,42.55,27.01
603.90,0,,63.50,14.56,3,0,62.56,-27.82,-16.90,39.58,15.88,,64.12,26.93,1,0,64.24,-2.01,3.45,42.45,26.99
603.99,0,,63.50,14.56,3,0,62.56,-27.82,-16.90,39.58,15.88,,64.13,26.93,1,0,64.29,-2.13,3.48,42.36,26.84
604.08,0,,63.55,14.75,3,0,63.07,-28.39,-16.98,38.93,15.39,,64.14,26.93,1,0,64.19,-2.13,3.49,42.37,26.83
604.20,0,,63.57,14.84,3,0,63.45,-28.45,-17.23,38.62,15.58,,64.14,26.93,1,0,64.26,-2.06,3.46,42.41,26.93
604.29,0,,63.58,14.93,3,0,63.67,-28.90,-16.92,38.48,14.82,,64.15,26.94,1,0,64.15,-1.95,3.43,42.49,27.07
604.38,0,,63.59,15.00,3,0,61.79,-28.93,-17.04,38.33,14.91,,64.15,26.94,1,0,64.00,-1.96,3.47,42.52,27.02
604.56,0,,63.59,15.07,3,0,62.19,-28.99,-17.37,37.94,15.18,,64.16,26.94,1,0,64.19,-1.95,3.49,42.55,27.01
604.59,0,,63.59,15.13,3,0,61.87,-29.35,-17.10,37.85,14.55,,64.16,26.94,1,0,64.01,-1.91,3.49,42.59,27.05
604.68,0,,63.57,15.18,3,0,62.18,-29.12,-17.21,37.97,14.89,,64.16,26.94,1,0,63.77,-2.04,3.54,42.51,26.87
604.80,0,,63.55,15.22,3,0,62.14,-28.89,-17.37,38.04,15.28,,64.16,26.94,1,0,63.97,-2.06,3.52,42.47,26.87
604.89,0,,63.52,15.26,3,0,62.31,-29.03,-16.88,38.39,14.65,,64.16,26.95,1,0,64.60,-1.99,3.43,42.45,27.03
604.98,0,,63.52,15.26,3,0,62.31,-29.03,-16.88,38.39,14.65,,64.16,26.95,1,0,63.98,-2.01,3.45,42.45,26.99
605.10,0,,63.45,15.31,3,0,60.86,-28.77,-16.80,38.73,14.83,,64.16,26.95,1,0,64.62,-1.90,3.49,42.60,27.06
605.19,0,,63.39,15.33,3,0,60.64,-28.73,-16.60,38.97,14.67,,64.16,26.95,1,0,64.35,-1.79,3.48,42.70,27.18
605.31,0,,63.33,15.35,3,0,61.28,-28.42,-16.73,39.15,15.11,,64.17,26.95,1,0,64.47,-1.88,3.49,42.62,27.08
605.40,0,,63.26,15.36,3,0,61.67,-28.21,-16.74,39.35,15.33,,64.17,26.96,1,0,64.75,-1.91,3.51,42.61,27.03
605.49,0,,63.26,15.36,3,0,61.67,-28.21,-16.74,39.35,15.33,,64.18,26.96,1,0,64.24,-1.94,3.49,42.56,27.02
605.58,0,,63.11,15.37,3,0,61.14,-27.99,-16.58,39.73,15.39,,64.19,26.96,1,0,64.40,-2.01,3.46,42.46,26.98
605.70,0,,63.04,15.38,3,0,61.97,-27.66,-16.63,40.01,15.77,,64.20,26.97,1,0,64.37,-2.02,3.44,42.43,26.99
605.79,0,,62.96,15.38,3,0,60.73,-27.76,-16.25,40.29,15.29,,64.20,26.97,1,0,64.29,-2.06,3.41,42.36,26.98
605.88,0,,62.88,15.39,3,0,61.88,-27.68,-16.39,40.23,15.51,,64.21,26.97,1,0,64.44,-2.01,3.45,42.45,26.99
606.06,0,,62.80,15.40,3,0,62.89,-27.42,-16.75,40.13,16.13,,64.22,26.98,1,0,64.36,-1.92,3.45,42.54,27.08
606.09,0,,62.73,15.41,3,0,63.78,-27.31,-16.72,40.27,16.21,,64.23,26.98,1,0,64.71,-1.92,3.42,42.51,27.11
606.18,0,,62.68,15.42,3,0,65.76,-26.44,-17.23,40.63,17.59,,64.24,26.98,1,0,64.45,-1.93,3.48,42.56,27.04
606.30,0,,62.68,15.42,3,0,65.76,-26.44,-17.23,40.63,17.59,,64.25,26.98,1,0,64.03,-1.94,3.46,42.53,27.05
606.39,0,,62.64,15.49,3,0,66.77,-23.88,-16.44,43.98,19.36,,64.26,26.99,1,0,64.28,-2.02,3.37,42.36,27.06
606.48,0,,62.64,15.49,3,0,66.77,-23.88,-16.44,43.98,19.36,,64.26,26.99,1,0,64.23,-2.10,3.43,42.34,26.92
606.60,0,,62.70,15.63,3,0,66.06,-22.15,-15.22,46.93,19.87,,64.27,26.99,1,0,63.54,-2.10,3.46,42.37,26.89
606.69,0,,62.75,15.72,3,0,67.41,-21.43,-14.96,47.91,20.33,,64.27,26.99,1,0,64.63,-2.05,3.40,42.36,27.00
606.81,0,,62.83,15.84,3,0,68.54,-20.61,-15.06,48.63,21.25,,64.28,27.00,1,0,64.87,-1.89,3.39,42.51,27.17
606.90,0,,62.93,15.97,3,0,66.35,-19.53,-14.61,50.16,21.88,,64.28,27.00,1,0,64.51,-1.85,3.44,42.60,27.16
606.99,0,,62.93,15.97,3,0,66.35,-19.53,-14.61,50.16,21.88,,64.29,27.00,1,0,64.15,-1.94,3.46,42.53,27.05
607.08,0,,63.15,16.29,3,0,66.40,-18.61,-13.69,52.00,21.88,,64.29,27.00,1,0,64.73,-1.88,3.45,42.58,27.12
607.20,0,,63.28,16.47,3,0,68.38,-18.93,-14.24,51.13,22.11,,64.30,27.01,1,0,64.99,-1.90,3.44,42.55,27.11
607.29,0,,63.43,16.66,3,0,67.98,-19.37,-13.88,51.05,21.31,,64.31,27.01,1,0,64.68,-1.99,3.46,42.48,27.00
607.38,0,,63.58,16.87,3,0,67.04,-19.74,-13.94,50.62,21.00,,64.32,27.01,1,0,64.65,-1.94,3.42,42.49,27.09
607.56,0,,63.74,17.07,3,0,68.01,-20.14,-14.49,49.67,21.15,,64.34,27.02,1,0,64.43,-1.94,3.37,42.44,27.14
607.59,0,,63.90,17.28,3,0,67.53,-20.61,-14.30,49.39,20.49,,64.35,27.02,1,0,64.26,-1.94,3.45,42.52,27.06
607.68,0,,64.07,17.48,3,0,67.87,-21.09,-14.45,48.76,20.16,,64.36,27.02,1,0,64.28,-1.80,3.50,42.71,27.15
607.80,0,,64.25,17.68,3,0,67.13,-21.64,-14.93,47.73,20.09,,64.37,27.03,1,0,65.00,-1.74,3.42,42.69,27.29
607.89,0,,64.42,17.87,3,1,67.65,-22.09,-14.87,47.34,19.58,,64.38,27.03,1,0,64.03,-1.83,3.46,42.64,27.16
607.98,0,,64.42,17.87,3,1,67.65,-22.09,-14.87,47.34,19.58,,64.39,27.04,1,0,64.58,-1.89,3.52,42.64,27.04
608.10,0,,64.76,18.23,3,1,67.29,-22.08,-14.91,47.31,19.63,,64.39,27.04,1,0,64.22,-1.87,3.44,42.58,27.14
608.19,0,,64.91,18.39,3,1,63.08,-23.04,-15.08,46.18,18.84,,64.40,27.05,1,0,64.83,-1.92,3.40,42.49,27.13
608.31,0,,65.04,18.53,3,1,60.08,-26.20,-16.52,41.58,17.12,,64.41,27.05,1,0,64.38,-1.96,3.38,42.43,27.11
608.40,0,,65.13,18.65,3,1,59.46,-28.74,-17.92,37.64,15.98,,64.42,27.06,1,0,64.26,-1.88,3.33,42.46,27.24
608.49,0,,65.13,18.65,3,1,59.46,-28.74,-17.92,37.64,15.98,,64.42,27.06,1,0,64.21,-1.82,3.38,42.57,27.25
608.58,0,,65.20,18.82,3,1,60.65,-27.55,-18.42,38.33,17.67,,64.43,27.07,1,0,64.35,-1.83,3.40,42.58,27.22
608.70,0,,65.19,18.88,3,1,61.98,-27.65,-18.44,38.21,17.59,,64.43,27.07,1,0,64.70,-1.80,3.34,42.55,27.31
608.79,0,,65.16,18.93,3,1,61.93,-27.76,-18.07,38.47,17.11,,64.43,27.08,1,0,64.38,-1.80,3.36,42.57,27.29
608.88,0,,65.11,18.95,3,1,61.57,-27.79,-18.04,38.47,17.05,,64.44,27.08,1,0,65.01,-1.91,3.39,42.49,27.15
609.06,0,,65.05,18.97,3,1,60.50,-27.80,-18.05,38.45,17.05,,64.44,27.09,1,0,64.45,-1.91,3.32,42.42,27.22
609.09,0,,64.97,18.97,3,1,60.37,-27.62,-18.07,38.61,17.25,,64.45,27.10,1,0,64.15,-1.93,3.32,42.40,27.20
609.18,0,,64.87,18.96,3,1,62.41,-27.72,-18.17,38.41,17.25,,64.45,27.10,1,0,64.41,-2.03,3.36,42.34,27.06
609.30,0,,64.77,18.94,3,1,61.94,-27.98,-18.16,38.16,16.98,,64.45,27.11,1,0,64.71,-1.90,3.38,42.49,27.17
609.39,0,,64.66,18.92,3,1,61.30,-27.95,-18.36,37.99,17.21,,64.46,27.12,1,0,64.41,-1.78,3.38,42.61,27.29
609.48,0,,64.66,18.92,3,1,61.30,-27.95,-18.36,37.99,17.21,,64.46,27.12,1,0,64.47,-1.84,3.38,42.55,27.23
609.60,0,,64.43,18.85,3,1,63.26,-27.90,-18.68,37.72,17.58,,64.46,27.13,1,0,64.09,-1.77,3.41,42.65,27.27
609.69,0,,64.33,18.80,3,1,62.84,-27.94,-18.84,37.52,17.70,,64.47,27.13,1,0,64.37,-1.73,3.43,42.71,27.29
609.81,0,,64.22,18.76,3,1,62.40,-28.13,-19.00,37.17,17.67,,64.47,27.14,1,0,64.91,-1.81,3.43,42.63,27.21
609.90,0,,64.12,18.71,3,1,62.92,-28.23,-19.13,36.94,17.70,,64.47,27.14,1,0,64.30,-1.88,3.39,42.52,27.18
609.99,0,,64.12,18.71,3,1,62.92,-28.23,-19.13,36.94,17.70,,64.47,27.15,1,0,64.27,-1.95,3.38,42.44,27.12
610.08,0,,63.93,18.62,3,1,63.65,-27.27,-19.27,37.76,18.80,,64.47,27.15,1,0,64.87,-1.80,3.36,42.57,27.29
610.20,0,,63.84,18.58,3,1,62.87,-27.42,-19.28,37.60,18.66,,64.47,27.16,1,0,64.84,-1.58,3.36,42.79,27.51
610.29,0,,63.75,18.55,3,1,61.73,-27.33,-19.23,37.74,18.70,,64.48,27.17,1,0,64.62,-1.62,3.40,42.79,27.43
610.38,0,,63.67,18.52,3,1,65.40,-26.30,-19.76,38.24,20.26,,64.48,27.17,1,0,65.13,-1.70,3.45,42.76,27.30
610.56,0,,63.60,18.51,3,1,64.89,-25.84,-20.26,38.20,21.22,,64.49,27.18,1,0,64.54,-1.67,3.46,42.80,27.32
610.59,0,,63.56,18.50,3,1,67.66,-27.09,-20.28,36.93,19.99,,64.50,27.19,1,0,64.28,-1.66,3.36,42.71,27.43
610.68,0,,63.53,18.51,3,1,66.63,-28.06,-20.60,35.64,19.34,,64.50,27.19,1,0,64.74,-1.72,3.32,42.61,27.41
610.80,0,,63.53,18.53,3,1,68.10,-28.17,-20.73,35.40,19.36,,64.51,27.20,1,0,63.95,-1.81,3.37,42.57,27.27
610.89,0,,63.55,18.54,3,1,65.21,-28.27,-20.56,35.47,19.09,,64.51,27.21,1,0,64.89,-1.86,3.41,42.56,27.18
610.98,0,,63.55,18.54,3,1,65.21,-28.27,-20.56,35.47,19.09,,64.51,27.22,1,0,65.19,-1.76,3.40,42.65,27.29
611.10,0,,63.62,18.58,3,1,65.12,-27.84,-19.89,36.57,18.85,,64.52,27.22,1,0,64.81,-1.67,3.36,42.70,27.42
611.19,0,,63.66,18.60,3,1,63.94,-28.78,-19.26,36.26,17.28,,64.53,27.23,1,0,64.10,-1.72,3.38,42.67,27.35
611.31,0,,63.71,18.61,3,1,67.65,-29.12,-19.59,35.59,17.27,,64.54,27.24,1,0,64.89,-1.69,3.31,42.63,27.45
611.40,0,,63.77,18.61,3,1,69.07,-29.40,-20.39,34.51,17.79,,64.54,27.25,1,0,65.08,-1.67,3.28,42.62,27.50
611.49,0,,63.77,18.61,3,1,69.07,-29.40,-20.39,34.51,17.79,,64.55,27.25,1,0,64.75,-1.83,3.35,42.53,27.27
611.58,0,,63.96,18.60,3,1,65.96,-29.14,-19.91,35.25,17.57,,64.56,27.26,1,0,64.65,-1.88,3.30,42.43,27.27
611.70,0,,64.07,18.58,3,1,67.18,-26.71,-20.10,37.49,20.19,,64.57,27.27,1,0,65.34,-1.84,3.28,42.45,27.33
611.79,0,,64.18,18.58,3,1,67.58,-26.07,-20.00,38.23,20.73,,64.58,27.27,1,0,64.57,-1.83,3.29,42.47,27.33
611.88,0,,64.31,18.58,3,1,70.05,-25.93,-20.27,38.10,21.14,,64.59,27.28,1,0,64.70,-1.67,3.28,42.62,27.50
612.06,0,,64.45,18.60,3,1,71.94,-25.13,-20.41,38.76,22.08,,64.60,27.29,1,0,64.58,-1.61,3.36,42.76,27.48
612.09,0,,64.63,18.64,3,1,72.26,-25.07,-19.90,39.33,21.63,,64.61,27.29,1,0,64.55,-1.69,3.36,42.68,27.40
612.18,0,,64.83,18.70,3,1,74.06,-24.62,-19.78,39.90,21.96,,64.62,27.30,1,0,64.45,-1.64,3.34,42.71,27.47
612.30,0,,65.05,18.76,3,1,71.42,-23.68,-19.52,41.10,22.64,,64.63,27.31,1,0,64.53,-1.69,3.36,42.68,27.40
612.39,0,,65.29,18.84,3,1,67.27,-24.25,-19.05,41.00,21.60,,64.63,27.31,1,0,64.37,-1.79,3.35,42.57,27.31
612.48,0,,65.29,18.84,3,1,67.27,-24.25,-19.05,41.00,21.60,,64.64,27.32,1,0,65.04,-1.82,3.36,42.55,27.27
612.60,0,,65.69,19.01,3,1,60.20,-26.75,-17.30,40.25,17.35,,64.64,27.32,1,0,65.00,-1.73,3.32,42.60,27.40
612.69,0,,65.83,19.07,3,1,60.97,-25.98,-15.94,42.38,16.76,,64.65,27.33,1,0,64.97,-1.53,3.30,42.78,27.62
612.81,0,,65.92,19.11,3,1,61.68,-25.17,-15.69,43.44,17.32,,64.65,27.33,1,0,64.58,-1.55,3.35,42.81,27.55
612.90,0,,65.98,19.14,3,1,62.90,-24.50,-15.50,44.30,17.80,,64.66,27.34,1,0,64.54,-1.65,3.37,42.73,27.43
612.99,0,,65.98,19.14,3,1,62.90,-24.50,-15.50,44.30,17.80,,64.67,27.35,1,0,64.98,-1.57,3.36,42.80,27.52
613.08,0,,66.03,19.17,3,1,66.60,-23.46,-15.53,45.31,18.87,,64.67,27.36,1,0,64.30,-1.53,3.31,42.79,27.61
613.20,0,,66.04,19.18,3,1,67.81,-22.77,-15.98,45.55,20.01,,64.68,27.36,1,0,64.85,-1.63,3.32,42.70,27.50
613.29,0,,66.06,19.19,3,1,67.74,-22.72,-16.05,45.53,20.13,,64.68,27.37,1,0,64.94,-1.68,3.33,42.66,27.44
613.38,0,,66.10,19.21,3,1,68.35,-22.36,-16.10,45.84,20.54,,64.68,27.38,1,0,65.01,-1.65,3.25,42.61,27.55
613.50,0,,66.10,19.21,3,1,68.35,-22.36,-16.10,45.84,20.54,,64.69,27.38,1,0,64.79,-1.56,3.27,42.72,27.62
613.59,0,,66.17,19.25,3,1,64.59,-22.80,-16.05,45.45,20.05,,64.70,27.39,1,0,64.60,-1.56,3.34,42.79,27.55
613.68,0,,66.20,19.28,3,1,67.07,-22.91,-16.38,45.01,20.27,,64.70,27.40,1,0,65.08,-1.65,3.31,42.67,27.49
613.80,0,,66.23,19.32,3,1,66.71,-22.54,-16.77,44.99,21.03,,64.71,27.41,1,0,64.47,-1.63,3.26,42.64,27.56
613.89,0,,66.26,19.35,3,1,68.14,-22.31,-16.28,45.71,20.77,,64.71,27.42,1,0,64.85,-1.64,3.28,42.65,27.53
613.98,0,,66.26,19.35,3,1,68.14,-22.31,-16.28,45.71,20.77,,64.72,27.42,1,0,64.71,-1.74,3.30,42.57,27.41
614.10,0,,66.33,19.44,3,1,67.47,-23.07,-16.30,44.93,20.03,,64.72,27.43,1,0,64.75,-1.79,3.24,42.46,27.42
614.19,0,,66.37,19.48,3,1,67.06,-23.82,-16.43,44.05,19.41,,64.73,27.44,1,0,64.11,-1.78,3.17,42.40,27.50
614.31,0,,66.40,19.52,3,1,66.87,-23.82,-16.77,43.71,19.75,,64.73,27.44,1,0,64.33,-1.69,3.25,42.57,27.51
614.40,0,,66.44,19.56,3,1,68.29,-23.42,-16.84,44.04,20.22,,64.73,27.45,1,0,64.48,-1.60,3.33,42.74,27.52
614.49,0,,66.44,19.56,3,1,68.29,-23.42,-16.84,44.04,20.22,,64.72,27.45,1,0,64.62,-1.63,3.32,42.70,27.50
614.58,0,,66.54,19.63,3,1,67.35,-23.04,-16.43,44.83,20.19,,64.72,27.46,1,0,64.67,-1.63,3.32,42.70,27.50
614.70,0,,66.59,19.66,3,1,66.34,-22.75,-16.41,45.14,20.46,,64.72,27.46,1,0,64.52,-1.56,3.28,42.73,27.61
614.79,0,,66.63,19.70,3,1,65.72,-22.89,-16.04,45.37,19.95,,64.71,27.47,1,0,64.92,-1.58,3.25,42.68,27.62
614.88,0,,66.67,19.73,3,1,67.10,-22.75,-16.14,45.41,20.19,,64.71,27.47,1,0,65.08,-1.62,3.29,42.68,27.54
615.00,0,,66.67,19.73,3,1,67.10,-22.75,-16.14,45.41,20.19,,64.71,27.48,1,0,64.46,-1.67,3.27,42.61,27.51
615.09,0,,66.73,19.79,3,1,65.59,-23.14,-16.13,45.03,19.79,,64.71,27.48,1,0,65.08,-1.60,3.28,42.69,27.57
615.18,0,,66.76,19.82,3,1,65.80,-23.64,-16.39,44.27,19.55,,64.71,27.49,1,0,64.81,-1.40,3.27,42.88,27.78
615.30,0,,66.77,19.85,3,1,65.08,-23.79,-16.62,43.89,19.63,,64.71,27.49,1,0,64.44,-1.43,3.24,42.82,27.78
615.39,0,,66.78,19.87,3,1,65.98,-24.08,-16.27,43.95,18.99,,64.71,27.50,1,0,64.97,-1.51,3.30,42.80,27.64
615.48,0,,66.78,19.87,3,1,65.98,-24.08,-16.27,43.95,18.99,,64.71,27.51,1,0,65.07,-1.43,3.28,42.86,27.74
615.60,0,,66.78,19.89,3,1,66.05,-24.59,-16.66,43.05,18.87,,64.71,27.51,1,0,64.98,-1.48,3.25,42.78,27.72
615.69,0,,66.78,19.89,3,1,66.26,-25.03,-16.68,42.59,18.45,,64.72,27.52,1,0,65.07,-1.61,3.25,42.65,27.59
615.81,0,,66.77,19.88,3,1,65.46,-25.15,-16.86,42.29,18.51,,64.72,27.53,1,0,64.99,-1.61,3.18,42.58,27.66
615.90,0,,66.75,19.86,3,1,65.28,-24.96,-17.02,42.32,18.86,,64.73,27.54,1,0,64.25,-1.61,3.17,42.57,27.67
615.99,0,,66.75,19.86,3,1,65.28,-24.96,-17.02,42.32,18.86,,64.73,27.54,1,0,64.65,-1.56,3.21,42.66,27.68
616.08,0,,66.70,19.81,3,1,66.29,-25.39,-16.81,42.10,18.22,,64.74,27.55,1,0,64.84,-1.50,3.19,42.70,27.76
616.20,0,,66.67,19.78,3,1,64.28,-25.25,-16.98,42.07,18.53,,64.74,27.56,1,0,64.88,-1.56,3.20,42.65,27.69
616.29,0,,66.63,19.74,3,1,67.27,-25.44,-16.77,42.09,18.13,,64.74,27.57,1,0,64.52,-1.62,3.24,42.63,27.59
616.38,0,,66.59,19.70,3,1,66.56,-25.58,-17.03,41.69,18.25,,64.74,27.57,1,0,64.83,-1.66,3.22,42.57,27.57
616.50,0,,66.59,19.70,3,1,66.56,-25.58,-17.03,41.69,18.25,,64.74,27.58,1,0,64.52,-1.72,3.23,42.52,27.50
616.59,0,,66.53,19.60,3,1,70.50,-27.00,-18.14,39.16,17.94,,64.75,27.59,1,0,64.59,-1.73,3.16,42.44,27.56
616.68,0,,66.52,19.55,3,1,73.47,-26.81,-20.59,36.90,20.58,,64.75,27.59,1,0,64.72,-1.71,3.16,42.46,27.58
616.80,0,,66.55,19.51,3,1,71.20,-28.82,-22.48,33.00,20.46,,64.74,27.59,1,0,64.51,-1.59,3.23,42.65,27.63
616.89,0,,66.60,19.47,3,1,69.17,-31.87,-22.33,30.10,17.26,,64.74,27.60,1,0,64.84,-1.52,3.21,42.70,27.72
616.98,0,,66.60,19.47,3,1,69.17,-31.87,-22.33,30.10,17.26,,64.74,27.60,1,0,64.82,-1.55,3.19,42.65,27.71
617.10,0,,66.76,19.38,3,1,73.33,-30.38,-22.83,31.09,19.25,,64.74,27.61,1,0,65.03,-1.46,3.15,42.70,27.84
617.19,0,,66.88,19.34,3,1,75.31,-30.19,-22.93,31.18,19.54,,64.74,27.61,1,0,64.71,-1.52,3.18,42.67,27.75
617.31,0,,67.03,19.30,3,1,75.04,-29.97,-23.46,30.87,20.29,,64.74,27.62,1,0,65.24,-1.63,3.23,42.61,27.59
617.40,0,,67.21,19.27,3,1,75.02,-30.01,-23.70,30.59,20.49,,64.75,27.62,1,0,65.30,-1.62,3.20,42.59,27.63
617.49,0,,67.21,19.27,3,1,75.02,-30.01,-23.70,30.59,20.49,,64.75,27.62,1,0,64.36,-1.74,3.24,42.51,27.47
617.58,0,,67.66,19.23,3,1,75.75,-29.89,-23.45,30.96,20.36,,64.76,27.63,1,0,65.26,-1.61,3.24,42.64,27.60
617.70,0,,67.91,19.23,3,1,74.21,-29.93,-23.62,30.75,20.49,,64.76,27.63,1,0,64.79,-1.40,3.20,42.81,27.85
617.79,0,,68.17,19.23,3,1,73.69,-30.96,-23.78,29.56,19.62,,64.77,27.63,1,0,64.51,-1.49,3.23,42.75,27.73
617.88,0,,68.43,19.23,3,1,68.86,-31.62,-23.50,29.18,18.68,,64.77,27.64,1,0,64.62,-1.52,3.24,42.73,27.69
618.00,0,,68.43,19.23,3,1,68.86,-31.62,-23.50,29.18,18.68,,64.77,27.64,1,0,64.80,-1.55,3.26,42.72,27.64
618.09,0,,68.66,19.23,3,1,56.34,-31.16,-20.50,32.64,16.14,,64.78,27.64,1,0,64.58,-1.57,3.20,42.64,27.68
618.18,0,,68.92,19.17,3,1,65.79,-25.90,-15.56,42.84,16.46,,64.78,27.65,1,0,64.53,-1.59,3.18,42.60,27.68
618.30,0,,68.99,19.11,3,1,65.45,-21.76,-14.15,48.39,19.19,,64.78,27.65,1,0,64.90,-1.73,3.21,42.49,27.51
618.39,0,,69.03,19.06,3,1,63.65,-24.03,-14.62,45.65,17.39,,64.78,27.65,1,0,65.05,-1.69,3.16,42.48,27.60
618.48,0,,69.03,19.06,3,1,63.65,-24.03,-14.62,45.65,17.39,,64.78,27.65,1,0,65.10,-1.57,3.19,42.63,27.69
618.60,0,,69.04,18.95,3,1,73.38,-25.01,-18.59,40.70,20.38,,64.78,27.65,1,0,64.99,-1.54,3.17,42.64,27.74
618.69,0,,69.06,18.91,3,1,71.34,-28.39,-21.44,34.47,19.85,,64.79,27.65,1,0,65.04,-1.55,3.09,42.55,27.81
618.81,0,,69.09,18.87,0,2,69.19,-30.67,-22.03,31.60,18.16,,64.79,27.66,1,0,65.46,-1.65,3.14,42.50,27.66
618.90,0,,69.12,18.84,0,2,70.27,-30.77,-21.61,31.92,17.64,,64.80,27.66,1,0,65.03,-1.73,3.15,42.43,27.57
618.99,0,,69.12,18.84,0,2,70.27,-30.77,-21.61,31.92,17.64,,64.81,27.66,1,0,64.55,-1.75,3.14,42.40,27.56
619.08,0,,69.18,18.77,0,2,71.57,-30.20,-21.74,32.36,18.34,,64.82,27.66,1,0,64.89,-1.78,3.14,42.37,27.53
619.20,0,,69.23,18.74,0,2,73.56,-30.19,-22.44,31.67,19.05,,64.82,27.66,1,0,64.66,-1.78,3.14,42.37,27.53
619.29,0,,69.29,18.71,0,2,73.98,-30.00,-22.47,31.83,19.27,,64.83,27.66,1,0,64.76,-1.73,3.22,42.50,27.50
619.38,0,,69.37,18.69,0,2,73.27,-29.62,-22.54,32.14,19.72,,64.83,27.66,1,0,65.01,-1.69,3.22,42.54,27.54
619.50,0,,69.37,18.69,0,2,73.27,-29.62,-22.54,32.14,19.72,,64.84,27.65,1,0,64.78,-1.68,3.17,42.50,27.60
619.59,0,,69.58,18.67,0,2,74.47,-29.71,-22.17,32.42,19.26,,64.84,27.65,1,0,64.76,-1.58,3.17,42.60,27.70
619.68,0,,69.71,18.67,0,2,71.71,-29.84,-22.31,32.15,19.27,,64.84,27.65,1,0,64.98,-1.63,3.17,42.55,27.65
619.80,0,,69.84,18.67,0,2,71.81,-29.89,-22.44,31.97,19.35,,64.85,27.65,1,0,65.26,-1.75,3.21,42.47,27.49
619.89,0,,69.97,18.68,0,2,71.90,-30.21,-22.04,32.05,18.63,,64.85,27.65,1,0,64.49,-1.76,3.23,42.48,27.46
619.98,0,,69.97,18.68,0,2,71.90,-30.21,-22.04,32.05,18.63,,64.85,27.64,1,0,65.19,-1.84,3.22,42.39,27.39
620.10,0,,70.22,18.69,0,2,72.82,-30.39,-22.20,31.71,18.61,,64.86,27.64,1,0,64.59,-1.77,3.19,42.43,27.49
620.19,0,,70.34,18.69,0,2,71.91,-30.54,-22.05,31.71,18.31,,64.86,27.63,1,0,64.94,-1.58,3.20,42.63,27.67
620.31,0,,70.46,18.69,0,2,71.75,-30.38,-22.27,31.65,18.69,,64.86,27.63,1,0,64.46,-1.59,3.24,42.66,27.62
620.40,0,,70.58,18.69,0,2,73.58,-30.10,-22.34,31.86,19.04,,64.86,27.62,1,0,64.68,-1.63,3.27,42.65,27.55
620.49,0,,70.58,18.69,0,2,73.58,-30.10,-22.34,31.86,19.04,,64.86,27.62,1,0,64.83,-1.65,3.29,42.65,27.51
620.58,0,,70.82,18.69,0,2,71.31,-30.49,-22.09,31.72,18.40,,64.86,27.62,1,0,64.21,-1.67,3.28,42.62,27.50
620.70,0,,70.93,18.69,0,2,71.57,-29.34,-21.75,33.21,19.21,,64.86,27.61,1,0,65.23,-1.70,3.26,42.57,27.49
620.79,0,,71.03,18.70,0,2,71.97,-27.61,-20.49,36.20,19.68,,64.85,27.61,1,0,65.32,-1.79,3.21,42.43,27.45
620.88,0,,71.13,18.71,0,2,70.77,-26.38,-19.69,38.23,20.11,,64.86,27.60,1,0,65.02,-1.77,3.17,42.41,27.51
621.00,0,,71.13,18.71,0,2,70.77,-26.38,-19.69,38.23,20.11,,64.86,27.60,1,0,64.52,-1.74,3.20,42.47,27.51
621.09,0,,71.28,18.74,0,2,69.67,-26.10,-19.14,39.06,19.84,,64.86,27.59,1,0,64.55,-1.66,3.19,42.54,27.60
621.18,0,,71.34,18.77,0,2,68.61,-26.65,-19.76,37.89,19.91,,64.85,27.59,1,0,64.83,-1.64,3.17,42.54,27.64
621.30,0,,71.37,18.80,0,2,69.00,-26.94,-20.30,37.06,20.16,,64.85,27.58,1,0,64.86,-1.69,3.16,42.48,27.60
621.39,0,,71.39,18.84,0,2,69.26,-26.81,-19.55,37.94,19.54,,64.85,27.58,1,0,64.93,-1.64,3.14,42.51,27.67
621.48,0,,71.39,18.84,0,2,69.26,-26.81,-19.55,37.94,19.54,,64.85,27.58,1,0,64.46,-1.73,3.18,42.46,27.54
621.60,0,,71.38,18.91,0,2,67.32,-26.64,-19.09,38.57,19.25,,64.85,27.57,1,0,64.58,-1.85,3.20,42.36,27.40
621.69,0,,71.38,18.91,0,2,67.32,-26.64,-19.09,38.57,19.25,,64.84,27.57,1,0,64.79,-1.83,3.18,42.36,27.44
621.81,0,,71.29,18.97,0,2,68.44,-27.42,-19.36,37.52,18.74,,64.84,27.57,1,0,65.13,-1.75,3.16,42.42,27.54
621.90,0,,71.22,18.99,0,2,68.23,-26.11,-18.97,39.22,19.66,,64.83,27.56,1,0,64.90,-1.58,3.16,42.59,27.71
621.99,0,,71.22,18.99,0,2,68.23,-26.11,-18.97,39.22,19.66,,64.83,27.56,1,0,64.88,-1.54,3.18,42.65,27.73
622.08,0,,71.09,19.05,0,2,72.33,-23.66,-17.62,43.02,20.76,,64.83,27.56,1,0,64.92,-1.60,3.21,42.62,27.64
622.20,0,,71.03,19.09,0,2,70.40,-23.96,-17.78,42.56,20.62,,64.83,27.56,1,0,64.74,-1.58,3.24,42.67,27.63
622.29,0,,70.98,19.12,0,2,68.74,-26.43,-18.19,39.68,18.56,,64.83,27.56,1,0,64.63,-1.55,3.24,42.70,27.66
622.38,0,,70.91,19.15,0,2,63.76,-30.42,-19.87,34.01,16.25,,64.83,27.56,1,0,64.74,-1.57,3.20,42.64,27.68
622.50,0,,70.91,19.15,0,2,63.76,-30.42,-19.87,34.01,16.25,,64.83,27.56,1,0,64.51,-1.68,3.22,42.55,27.55
622.59,0,,70.71,19.15,0,2,66.47,-33.69,-20.91,29.70,14.02,,64.82,27.56,1,0,64.70,-1.71,3.23,42.53,27.51
622.68,0,,70.58,19.10,0,2,67.95,-32.22,-21.42,30.66,16.00,,64.82,27.56,1,0,65.12,-1.51,3.17,42.67,27.77
622.80,0,,70.45,19.05,0,2,70.85,-31.85,-22.09,30.36,17.04,,64.82,27.56,1,0,64.61,-1.44,3.20,42.77,27.81
622.89,0,,70.33,18.98,0,2,72.45,-31.99,-21.95,30.36,16.76,,64.81,27.57,1,0,64.47,-1.54,3.21,42.68,27.70
622.98,0,,70.33,18.98,0,2,72.45,-31.99,-21.95,30.36,16.76,,64.81,27.57,1,0,64.63,-1.54,3.15,42.62,27.76
623.10,0,,70.16,18.84,0,2,72.61,-31.30,-22.00,31.00,17.50,,64.80,27.57,1,0,64.96,-1.56,3.21,42.66,27.68
623.19,0,,70.10,18.77,0,2,71.61,-31.34,-21.81,31.15,17.27,,64.80,27.58,1,0,65.20,-1.64,3.20,42.57,27.61
623.31,0,,70.06,18.69,0,2,73.11,-31.91,-22.29,30.10,17.18,,64.80,27.58,1,0,64.60,-1.64,3.11,42.48,27.70
623.40,0,,70.04,18.61,0,2,73.17,-32.84,-22.95,28.51,16.91,,64.80,27.59,1,0,64.61,-1.64,3.13,42.50,27.68
623.49,0,,70.04,18.61,0,2,73.17,-32.84,-22.95,28.51,16.91,,64.79,27.59,1,0,65.20,-1.59,3.15,42.57,27.71
623.59,0,,70.04,18.45,0,2,68.26,-32.49,-21.19,30.62,15.50,,64.79,27.59,1,0,65.03,-1.49,3.13,42.65,27.83
623.70,0,,70.03,18.36,0,2,66.20,-32.02,-20.49,31.79,15.27,,64.79,27.60,1,0,65.14,-1.54,3.14,42.61,27.77
623.79,0,,69.99,18.26,0,2,64.19,-31.83,-19.86,32.61,14.83,,64.80,27.61,1,0,65.60,-1.60,3.19,42.60,27.66
623.88,0,,69.93,18.15,0,2,66.05,-31.56,-19.89,32.85,15.13,,64.80,27.61,1,0,64.95,-1.52,3.18,42.67,27.75
624.00,0,,69.93,18.15,0,2,66.05,-31.56,-19.89,32.85,15.13,,64.81,27.62,1,0,65.15,-1.61,3.15,42.55,27.69
624.09,0,,69.78,17.91,0,2,67.19,-31.03,-19.97,33.30,15.74,,64.82,27.62,1,0,65.29,-1.74,3.11,42.38,27.60
624.18,0,,69.69,17.80,0,2,63.39,-31.50,-20.03,32.77,15.33,,64.83,27.63,1,0,64.64,-1.67,3.07,42.41,27.71
624.30,0,,69.57,17.68,0,2,62.62,-32.24,-20.16,31.90,14.72,,64.84,27.63,1,0,64.85,-1.69,3.15,42.47,27.61
624.39,0,,69.43,17.55,0,2,64.88,-33.00,-19.82,31.48,13.62,,64.85,27.64,1,0,64.82,-1.62,3.17,42.56,27.66
624.48,0,,69.43,17.55,0,2,64.88,-33.00,-19.82,31.48,13.62,,64.85,27.64,1,0,65.17,-1.43,3.10,42.68,27.92
624.60,0,,69.10,17.28,0,2,63.40,-33.16,-19.75,31.39,13.39,,64.86,27.64,1,0,64.94,-1.50,3.15,42.66,27.80
624.69,0,,68.91,17.13,0,2,64.71,-33.67,-19.73,30.90,12.86,,64.87,27.65,1,0,64.74,-1.58,3.21,42.64,27.66
624.81,0,,68.72,16.97,0,2,63.57,-33.86,-19.96,30.48,12.90,,64.87,27.65,1,0,65.22,-1.50,3.17,42.68,27.78
624.90,0,,68.51,16.80,0,2,61.66,-33.83,-19.93,30.54,12.90,,64.88,27.66,1,0,64.83,-1.49,3.12,42.64,27.84
624.99,0,,68.51,16.80,0,2,61.66,-33.83,-19.93,30.54,12.90,,64.89,27.66,1,0,64.68,-1.58,3.16,42.59,27.71
625.08,0,,68.06,16.45,0,2,64.23,-33.40,-19.52,31.38,12.92,,64.89,27.67,1,0,65.10,-1.60,3.20,42.61,27.65
625.20,0,,67.83,16.27,0,2,64.73,-33.23,-19.83,31.24,13.40,,64.90,27.67,1,0,64.72,-1.50,3.15,42.66,27.80
625.29,0,,67.61,16.10,0,2,70.59,-31.69,-19.70,32.91,14.81,,64.90,27.68,1,0,65.00,-1.41,3.18,42.78,27.86
625.38,0,,67.43,15.94,0,2,70.25,-27.00,-18.69,38.61,18.49,,64.90,27.68,1,0,65.03,-1.42,3.20,42.79,27.83
625.50,0,,67.43,15.94,0,2,70.25,-27.00,-18.69,38.61,18.49,,64.91,27.69,1,0,64.71,-1.52,3.16,42.65,27.77
625.59,0,,67.14,15.70,0,2,66.94,-28.56,-18.20,37.54,16.44,,64.91,27.69,1,0,65.31,-1.60,3.16,42.57,27.69
625.71,0,,67.02,15.61,0,2,67.16,-30.98,-20.06,33.26,15.88,,64.92,27.70,1,0,64.69,-1.55,3.15,42.61,27.75
625.80,0,,66.91,15.53,0,2,63.42,-32.79,-20.54,30.97,14.55,,64.92,27.70,1,0,64.94,-1.65,3.14,42.50,27.66
625.89,0,,66.80,15.46,3,1,64.11,-33.32,-20.18,30.80,13.66,,64.92,27.71,1,0,64.56,-1.74,3.10,42.37,27.61
625.98,0,,66.80,15.46,3,1,64.11,-33.32,-20.18,30.80,13.66,,64.92,27.71,1,0,64.67,-1.60,3.10,42.51,27.75
626.10,0,,66.57,15.31,3,1,65.41,-33.15,-20.88,30.27,14.53,,64.92,27.71,1,0,64.55,-1.57,3.18,42.62,27.70
626.19,0,,66.46,15.24,3,1,68.29,-33.00,-21.11,30.19,14.91,,64.92,27.72,1,0,64.80,-1.61,3.17,42.57,27.67
626.31,0,,66.37,15.18,3,1,67.91,-31.21,-20.78,32.31,16.37,,64.91,27.72,1,0,64.99,-1.56,3.14,42.59,27.75
626.40,0,,66.30,15.13,3,1,69.50,-29.88,-20.25,34.17,17.17,,64.91,27.72,1,0,64.22,-1.57,3.17,42.61,27.71
626.49,0,,66.30,15.13,3,1,69.50,-29.88,-20.25,34.17,17.17,,64.90,27.72,1,0,64.48,-1.63,3.18,42.56,27.64
626.58,0,,66.24,15.08,3,-1,67.73,-28.31,-19.13,36.86,17.62,,64.90,27.72,1,0,64.83,-1.65,3.13,42.49,27.67
626.70,0,,66.23,15.08,3,-1,68.15,-28.15,-19.18,36.97,17.83,,64.89,27.72,1,0,64.84,-1.68,3.09,42.42,27.68
626.79,0,,66.23,15.09,3,-1,68.84,-28.38,-19.10,36.82,17.52,,64.88,27.72,1,0,64.34,-1.72,3.11,42.40,27.62
626.88,0,,66.25,15.12,3,-1,68.13,-28.70,-19.30,36.30,17.40,,64.87,27.72,1,0,64.73,-1.65,3.17,42.53,27.63
627.00,0,,66.25,15.12,3,-1,68.13,-28.70,-19.30,36.30,17.40,,64.86,27.72,1,0,65.23,-1.55,3.16,42.62,27.74
627.09,0,,66.31,15.20,3,-1,68.55,-29.91,-19.94,34.45,16.83,,64.85,27.72,1,0,64.87,-1.54,3.15,42.62,27.76
627.18,0,,66.35,15.25,3,-1,68.75,-30.29,-20.22,33.79,16.73,,64.85,27.72,1,0,65.27,-1.49,3.17,42.69,27.79
627.30,0,,66.41,15.30,3,-1,68.98,-30.79,-20.44,33.07,16.45,,64.85,27.72,1,0,64.80,-1.42,3.14,42.73,27.89
627.39,0,,66.46,15.36,3,-1,66.52,-31.25,-20.32,32.73,15.87,,64.84,27.72,1,0,64.57,-1.51,3.17,42.67,27.77
627.48,0,,66.46,15.36,3,-1,66.52,-31.25,-20.32,32.73,15.87,,64.84,27.72,1,0,65.03,-1.61,3.20,42.60,27.64
627.60,0,,66.57,15.45,4,-2,66.17,-31.59,-19.90,32.81,15.11,,64.84,27.72,1,0,64.78,-1.60,3.14,42.55,27.71
627.69,0,,66.61,15.49,4,-2,65.92,-31.53,-20.09,32.68,15.36,,64.84,27.72,1,0,64.88,-1.52,3.14,42.63,27.79
627.81,0,,66.64,15.53,4,-2,65.06,-31.49,-20.07,32.74,15.38,,64.83,27.72,1,0,64.63,-1.39,3.18,42.80,27.88
627.90,0,,66.66,15.56,4,-2,64.73,-31.30,-19.94,33.06,15.44,,64.83,27.72,1,0,65.24,-1.43,3.20,42.78,27.82
627.99,0,,66.66,15.56,4,-2,64.73,-31.30,-19.94,33.06,15.44,,64.83,27.73,1,0,64.63,-1.44,3.15,42.72,27.86
628.08,0,,66.67,15.61,4,-2,66.33,-31.28,-19.99,33.03,15.51,,64.83,27.73,1,0,65.18,-1.43,3.15,42.73,27.87
628.20,0,,66.67,15.63,4,-2,64.82,-31.30,-20.02,32.98,15.52,,64.83,27.73,1,0,64.49,-1.50,3.17,42.68,27.78
628.29,0,,66.65,15.64,4,-2,64.75,-31.36,-20.06,32.88,15.50,,64.83,27.73,1,0,64.91,-1.52,3.13,42.62,27.80
628.38,0,,66.63,15.66,4,-2,65.41,-31.37,-20.06,32.87,15.49,,64.83,27.74,1,0,64.89,-1.57,3.10,42.54,27.78
628.47,0,,66.63,15.66,4,-2,65.41,-31.37,-20.06,32.87,15.49,,64.83,27.74,1,0,64.47,-1.56,3.08,42.53,27.81
628.59,0,,66.56,15.68,4,-2,65.44,-31.30,-19.99,33.01,15.49,,64.83,27.74,1,0,65.08,-1.51,3.09,42.59,27.85
628.68,0,,66.52,15.68,4,-2,66.11,-31.37,-20.05,32.88,15.48,,64.82,27.75,1,0,64.89,-1.41,3.14,42.74,27.90
628.80,0,,66.48,15.69,4,-2,65.10,-31.48,-20.12,32.70,15.44,,64.82,27.75,1,0,65.19,-1.38,3.14,42.77,27.93
628.89,0,,66.44,15.69,4,-2,66.52,-31.39,-20.23,32.68,15.64,,64.83,27.75,1,0,64.38,-1.45,3.12,42.68,27.88
628.98,0,,66.44,15.69,4,-2,66.52,-31.39,-20.23,32.68,15.64,,64.83,27.76,1,0,65.01,-1.44,3.11,42.68,27.90
629.07,0,,66.40,15.70,4,-2,66.56,-31.10,-20.14,33.06,15.84,,64.83,27.76,1,0,64.29,-1.47,3.12,42.66,27.86
629.19,0,,66.34,15.71,4,-2,64.65,-29.34,-19.23,35.73,16.69,,64.82,27.77,1,0,64.56,-1.55,3.16,42.62,27.74
629.31,0,,66.31,15.72,4,-2,66.14,-27.64,-18.60,38.06,17.76,,64.82,27.77,1,0,64.31,-1.62,3.14,42.53,27.69
629.37,0,,66.31,15.72,4,-2,66.14,-27.64,-18.60,38.06,17.76,,64.81,27.78,1,0,64.89,-1.58,3.08,42.51,27.79
629.49,0,,66.27,15.74,4,-2,63.88,-26.47,-17.84,39.99,18.17,,64.81,27.78,1,0,64.49,-1.41,3.15,42.75,27.89
629.58,0,,66.19,15.81,4,-2,62.77,-25.42,-16.98,41.90,18.36,,64.80,27.78,1,0,65.12,-1.32,3.18,42.87,27.95
629.67,0,,66.19,15.81,4,-2,62.77,-25.42,-16.98,41.90,18.36,,64.80,27.79,1,0,64.67,-1.29,3.13,42.85,28.03
629.79,0,,66.03,15.91,4,-2,56.53,-31.86,-19.51,32.93,14.45,,64.79,27.79,1,0,65.25,-1.25,3.18,42.94,28.02
629.88,0,,65.89,15.95,4,-2,58.18,-32.82,-20.10,31.38,14.08,,64.79,27.80,1,0,64.81,-1.28,3.17,42.90,28.00
629.97,0,,65.89,15.95,4,-2,58.18,-32.82,-20.10,31.38,14.08,,64.79,27.80,1,0,64.52,-1.37,3.14,42.78,27.94
630.09,0,,65.50,15.99,4,-2,57.36,-32.24,-19.49,32.57,14.05,,64.79,27.81,1,0,64.50,-1.39,3.18,42.80,27.88
630.18,0,,65.27,15.99,4,-2,56.97,-32.12,-19.58,32.60,14.26,,64.78,27.82,1,0,64.50,-1.36,3.15,42.80,27.94
630.30,0,,65.01,15.98,4,-2,59.21,-31.93,-19.53,32.84,14.40,,64.78,27.82,1,0,65.20,-1.33,3.14,42.82,27.98
630.39,0,,64.75,15.96,4,-2,59.63,-31.86,-19.50,32.94,14.44,,64.78,27.83,1,0,64.96,-1.16,3.12,42.97,28.17
630.48,0,,64.75,15.96,4,-2,59.63,-31.86,-19.50,32.94,14.44,,64.78,27.84,1,0,64.74,-1.10,3.08,42.99,28.27
630.57,0,,64.48,15.93,4,-2,59.23,-31.41,-19.25,33.64,14.64,,64.77,27.85,1,0,64.85,-1.20,3.10,42.91,28.15
630.69,0,,63.94,15.86,4,-2,57.86,-31.17,-19.13,34.00,14.76,,64.77,27.86,1,0,65.16,-1.27,3.10,42.84,28.08
630.81,0,,63.66,15.83,4,-2,56.34,-31.14,-19.05,34.11,14.71,,64.78,27.87,1,0,65.02,-1.34,3.09,42.76,28.02
630.87,0,,63.66,15.83,4,-2,56.34,-31.14,-19.05,34.11,14.71,,64.78,27.88,1,0,64.76,-1.36,3.10,42.75,27.99
630.99,0,,63.37,15.79,4,-2,58.79,-31.08,-18.97,34.25,14.69,,64.78,27.89,1,0,65.23,-1.41,3.07,42.67,27.97
631.08,0,,62.82,15.70,4,-2,58.87,-30.86,-18.55,34.89,14.49,,64.79,27.89,1,0,65.04,-1.38,3.04,42.67,28.03
631.17,0,,62.82,15.70,4,-2,58.87,-30.86,-18.55,34.89,14.49,,64.79,27.90,1,0,64.79,-1.25,3.06,42.82,28.14
631.29,0,,62.27,15.60,4,-2,56.58,-30.96,-18.57,34.77,14.41,,64.80,27.91,1,0,65.18,-1.23,3.08,42.86,28.14
631.38,0,,62.00,15.55,4,-2,59.89,-30.60,-18.75,34.95,14.95,,64.80,27.92,1,0,64.93,-1.22,3.04,42.83,28.19
631.47,0,,62.00,15.55,4,-2,59.89,-30.60,-18.75,34.95,14.95,,64.81,27.93,1,0,64.58,-1.25,3.04,42.80,28.16
631.59,0,,61.50,15.46,4,-2,59.96,-29.33,-18.67,36.30,16.14,,64.82,27.94,1,0,65.74,-1.29,3.05,42.77,28.11
631.68,0,,61.27,15.43,4,-2,57.13,-30.50,-18.60,35.20,14.90,,64.83,27.95,1,0,65.17,-1.27,3.02,42.76,28.16
631.80,0,,61.04,15.40,4,-2,51.72,-31.26,-18.16,34.88,13.70,,64.84,27.96,1,0,64.98,-1.38,2.99,42.62,28.08
631.89,0,,60.79,15.36,4,-2,51.54,-31.49,-17.46,35.35,12.77,,64.85,27.97,1,0,65.19,-1.41,2.99,42.59,28.05
631.98,0,,60.79,15.36,4,-2,51.54,-31.49,-17.46,35.35,12.77,,64.86,27.98,1,0,65.05,-1.25,3.02,42.78,28.18
632.07,0,,60.51,15.30,4,-2,49.67,-31.53,-17.27,35.50,12.54,,64.87,27.99,1,0,64.92,-1.19,3.04,42.86,28.22
632.19,0,,59.84,15.17,4,-2,47.82,-32.22,-17.05,35.03,11.63,,64.88,28.00,1,0,65.02,-1.20,3.07,42.88,28.18
632.31,0,,59.46,15.09,4,-2,50.76,-32.28,-17.10,34.92,11.62,,64.89,28.01,1,0,64.58,-1.14,3.06,42.93,28.25
632.37,0,,59.46,15.09,4,-2,50.76,-32.28,-17.10,34.92,11.62,,64.90,28.02,1,0,65.04,-1.17,3.05,42.89,28.23
632.49,0,,59.06,14.99,4,-2,45.98,-31.79,-16.80,35.71,11.81,,64.91,28.03,1,0,65.09,-1.24,3.08,42.85,28.13
632.58,0,,58.15,14.77,4,-2,41.46,-33.14,-15.74,35.42,9.40,,64.91,28.04,1,0,64.49,-1.29,3.05,42.77,28.11
632.67,0,,58.15,14.77,4,-2,41.46,-33.14,-15.74,35.42,9.40,,64.92,28.05,1,0,65.05,-1.33,3.00,42.68,28.12
632.79,0,,57.06,14.47,4,-2,42.03,-34.05,-15.14,35.11,7.89,,64.92,28.06,1,0,65.12,-1.26,3.00,42.75,28.19
632.88,0,,56.47,14.29,4,-2,43.15,-34.46,-15.13,34.71,7.47,,64.93,28.07,1,0,64.54,-1.11,3.06,42.96,28.28
632.97,0,,56.47,14.29,4,-2,43.15,-34.46,-15.13,34.71,7.47,,64.93,28.08,1,0,64.68,-1.10,3.02,42.93,28.33
633.09,0,,55.25,13.88,4,-2,45.87,-33.26,-15.41,35.63,8.95,,64.93,28.09,1,0,64.85,-1.17,3.00,42.84,28.28
633.18,0,,54.65,13.66,4,-2,49.16,-32.58,-15.91,35.81,10.13,,64.93,28.09,1,0,64.56,-1.18,3.05,42.88,28.22
633.30,0,,54.07,13.44,4,-2,50.64,-31.85,-16.42,36.03,11.37,,64.93,28.10,1,0,64.90,-1.22,3.00,42.79,28.23
633.39,0,,53.54,13.24,4,-2,53.08,-31.42,-16.70,36.18,12.08,,64.93,28.11,1,0,64.66,-1.29,2.96,42.68,28.20
633.48,0,,53.54,13.24,4,-2,53.08,-31.42,-16.70,36.18,12.08,,64.92,28.12,1,0,64.97,-1.34,2.95,42.62,28.16
633.57,0,,53.06,13.05,4,-2,55.05,-30.94,-16.98,36.38,12.84,,64.92,28.13,1,0,65.35,-1.37,2.92,42.56,28.16
633.69,0,,52.26,12.72,4,-2,55.89,-30.72,-17.66,35.92,13.74,,64.92,28.14,1,0,65.01,-1.26,2.94,42.69,28.25
633.81,0,,51.94,12.59,4,-2,55.38,-30.63,-17.73,35.94,13.90,,64.92,28.14,1,0,65.11,-1.25,3.00,42.76,28.20
633.87,0,,51.94,12.59,4,-2,55.38,-30.63,-17.73,35.94,13.90,,64.92,28.15,1,0,64.73,-1.30,3.00,42.71,28.15
633.99,0,,51.67,12.48,4,-2,56.92,-30.51,-17.64,36.15,13.93,,64.92,28.15,1,0,64.95,-1.24,2.93,42.70,28.28
634.08,0,,51.31,12.32,4,-2,55.16,-30.68,-17.19,36.43,13.31,,64.92,28.16,1,0,64.94,-1.33,2.95,42.63,28.17
634.17,0,,51.31,12.32,4,-2,55.16,-30.68,-17.19,36.43,13.31,,64.93,28.17,1,0,64.92,-1.39,2.96,42.58,28.10
634.29,0,,51.12,12.21,4,-2,55.38,-30.11,-16.61,37.58,13.30,,64.93,28.17,1,0,64.78,-1.35,2.90,42.56,28.20
634.38,0,,51.07,12.18,4,-2,56.15,-29.24,-15.83,39.23,13.39,,64.93,28.17,1,0,65.00,-1.42,2.86,42.45,28.17
634.47,0,,51.07,12.18,4,-2,56.15,-29.24,-15.83,39.23,13.39,,64.92,28.18,1,0,64.65,-1.41,2.91,42.51,28.13
634.59,0,,51.10,12.15,4,-2,62.84,-25.94,-15.57,42.79,16.43,,64.92,28.18,1,0,64.58,-1.25,2.97,42.73,28.23
634.68,0,,51.21,12.16,4,-2,64.94,-25.39,-15.88,43.03,17.29,,64.92,28.18,1,0,64.85,-1.20,2.96,42.77,28.29
634.80,0,,51.38,12.20,4,-2,62.61,-26.71,-16.47,41.12,16.56,,64.92,28.19,1,0,65.23,-1.25,2.97,42.73,28.23
634.89,0,,51.59,12.27,4,-2,59.77,-25.83,-15.09,43.38,16.06,,64.92,28.19,1,0,64.46,-1.24,2.96,42.73,28.25
634.98,0,,51.59,12.27,4,-2,59.77,-25.83,-15.09,43.38,16.06,,64.91,28.19,1,0,64.48,-1.27,2.96,42.70,28.22
635.07,0,,51.84,12.34,4,-2,62.09,-24.41,-12.26,47.63,14.65,,64.91,28.19,1,0,65.00,-1.32,2.96,42.65,28.17
635.19,0,,52.42,12.52,4,-2,61.23,-28.90,-17.00,38.40,14.90,,64.90,28.20,1,0,64.96,-1.36,2.95,42.60,28.14
635.31,0,,52.75,12.61,4,-2,58.84,-31.59,-17.30,35.41,12.51,,64.90,28.20,1,0,64.87,-1.42,2.99,42.58,28.04
635.37,0,,52.75,12.61,4,-2,58.84,-31.59,-17.30,35.41,12.51,,64.89,28.20,1,0,65.04,-1.29,2.96,42.68,28.20
635.49,0,,53.07,12.69,4,-2,58.60,-31.82,-16.83,35.65,11.81,,64.89,28.20,1,0,64.85,-1.13,2.92,42.80,28.40
635.58,0,,53.74,12.83,4,-2,61.40,-30.58,-17.41,36.31,13.63,,64.89,28.20,1,0,64.94,-1.20,2.97,42.78,28.28
635.67,0,,53.74,12.83,4,-2,61.40,-30.58,-17.41,36.31,13.63,,64.89,28.20,1,0,65.31,-1.20,2.95,42.76,28.30
635.79,0,,54.43,12.96,4,-2,63.86,-30.29,-18.16,35.85,14.67,,64.89,28.21,1,0,64.73,-1.17,2.94,42.78,28.34
635.88,0,,54.80,13.02,4,-2,64.41,-30.13,-18.12,36.05,14.79,,64.89,28.21,1,0,65.34,-1.30,2.94,42.65,28.21
635.97,0,,54.80,13.02,4,-2,64.41,-30.13,-18.12,36.05,14.79,,64.89,28.21,1,0,65.33,-1.33,2.90,42.58,28.22
636.09,0,,55.57,13.16,4,-2,61.29,-30.55,-18.18,35.57,14.43,,64.89,28.21,1,0,64.45,-1.38,2.88,42.51,28.19
636.18,0,,55.96,13.22,4,-2,62.09,-31.07,-18.09,35.14,13.82,,64.90,28.21,1,0,65.59,-1.40,2.88,42.49,28.17
636.30,0,,56.33,13.29,4,-2,61.50,-31.65,-17.90,34.75,13.05,,64.90,28.22,1,0,64.76,-1.24,2.88,42.65,28.33
636.39,0,,56.70,13.34,4,-2,61.14,-31.16,-17.98,35.16,13.62,,64.91,28.22,1,0,65.04,-1.26,2.90,42.65,28.29
636.48,0,,56.70,13.34,4,-2,61.14,-31.16,-17.98,35.16,13.62,,64.91,28.22,1,0,64.50,-1.34,2.92,42.59,28.19
636.57,0,,57.06,13.40,4,-2,62.28,-31.09,-17.89,35.32,13.60,,64.91,28.22,1,0,65.04,-1.31,2.90,42.60,28.24
636.69,0,,57.74,13.48,4,-2,63.58,-31.89,-18.58,33.83,13.49,,64.92,28.22,1,0,65.35,-1.31,2.89,42.59,28.25
636.81,0,,58.07,13.52,4,-2,61.78,-33.58,-19.11,31.61,12.33,,64.92,28.22,1,0,64.58,-1.35,2.90,42.56,28.20
636.87,0,,58.07,13.52,4,-2,61.78,-33.58,-19.11,31.61,12.33,,64.92,28.23,1,0,65.12,-1.48,2.93,42.46,28.04
636.99,0,,58.39,13.55,4,-2,57.24,-34.60,-18.53,31.17,10.73,,64.92,28.23,1,0,64.40,-1.49,2.94,42.46,28.02
637.08,0,,58.88,13.54,4,-2,51.71,-36.51,-18.85,28.94,9.14,,64.92,28.22,1,0,64.86,-1.39,2.94,42.56,28.12
637.17,0,,58.88,13.54,4,-2,51.71,-36.51,-18.85,28.94,9.14,,64.92,28.22,1,0,64.72,-1.30,2.96,42.67,28.19
637.29,0,,59.11,13.43,4,-2,47.82,-39.69,-20.86,23.75,7.97,,64.92,28.22,1,0,64.30,-1.26,2.96,42.71,28.23
637.38,0,,59.12,13.34,4,-2,50.27,-39.18,-20.36,24.76,7.98,,64.92,28.22,1,0,64.86,-1.30,2.96,42.67,28.19
637.47,0,,59.12,13.34,4,-2,50.27,-39.18,-20.36,24.76,7.98,,64.91,28.22,1,0,64.50,-1.25,3.00,42.76,28.20
637.59,0,,58.97,13.09,4,-2,49.17,-38.80,-19.70,25.80,7.70,,64.90,28.22,1,0,64.86,-1.27,2.99,42.73,28.19
637.68,0,,58.82,12.94,4,-2,48.33,-38.37,-19.28,26.65,7.71,,64.90,28.21,1,0,65.32,-1.35,2.97,42.63,28.13
637.80,0,,58.62,12.77,4,-2,46.45,-38.43,-19.06,26.81,7.43,,64.90,28.21,1,0,65.28,-1.33,2.95,42.63,28.17
637.89,0,,58.38,12.59,4,-2,47.17,-38.00,-19.22,27.08,8.02,,64.89,28.21,1,0,65.01,-1.33,2.94,42.62,28.18
637.98,0,,58.38,12.59,4,-2,47.17,-38.00,-19.22,27.08,8.02,,64.89,28.21,1,0,65.38,-1.22,2.95,42.74,28.28
638.07,0,,58.10,12.40,4,-2,48.38,-38.09,-19.22,26.99,7.93,,64.90,28.21,1,0,64.68,-1.12,3.01,42.90,28.32
638.19,0,,57.44,12.01,4,-2,49.17,-37.77,-18.77,27.76,7.80,,64.90,28.21,1,0,65.37,-1.21,3.04,42.84,28.20
638.31,0,,57.08,11.80,4,-2,46.88,-37.69,-18.46,28.15,7.57,,64.90,28.21,1,0,64.80,-1.20,2.99,42.80,28.26
638.37,0,,57.08,11.80,4,-2,46.88,-37.69,-18.46,28.15,7.57,,64.90,28.21,1,0,64.61,-1.22,3.00,42.79,28.23
638.49,0,,56.71,11.59,4,-2,49.53,-38.39,-18.82,27.09,7.23,,64.91,28.21,1,0,64.82,-1.36,3.01,42.66,28.08
638.58,0,,55.94,11.17,4,-2,46.86,-37.85,-18.41,28.04,7.36,,64.91,28.20,1,0,65.06,-1.38,2.95,42.58,28.12
638.67,0,,55.94,11.17,4,-2,46.86,-37.85,-18.41,28.04,7.36,,64.91,28.20,1,0,65.08,-1.38,2.92,42.55,28.15
638.79,0,,55.11,10.74,4,-2,44.11,-40.90,-19.71,23.69,5.61,,64.91,28.20,1,0,64.76,-1.29,2.94,42.66,28.22
638.88,0,,54.66,10.51,4,-2,43.31,-41.01,-19.62,23.67,5.41,,64.91,28.20,1,0,64.80,-1.24,2.94,42.71,28.27
638.97,0,,54.66,10.51,4,-2,43.31,-41.01,-19.62,23.67,5.41,,64.91,28.20,1,0,64.50,-1.33,2.94,42.62,28.18
639.09,0,,53.72,10.05,4,-2,45.90,-41.54,-19.76,23.00,5.02,,64.91,28.20,1,0,65.03,-1.34,2.96,42.63,28.15
639.18,0,,53.24,9.81,4,-2,42.34,-41.33,-19.58,23.39,5.05,,64.91,28.20,1,0,64.21,-1.39,2.98,42.60,28.08
639.30,0,,52.75,9.57,4,-2,42.02,-41.04,-19.27,23.99,5.03,,64.90,28.20,1,0,64.49,-1.45,2.99,42.55,28.01
639.39,0,,52.25,9.33,4,-2,40.78,-41.06,-19.33,23.91,5.07,,64.89,28.19,1,0,64.48,-1.42,2.96,42.55,28.07
639.48,0,,52.25,9.33,4,-2,40.78,-41.06,-19.33,23.91,5.07,,64.89,28.19,1,0,64.82,-1.48,2.93,42.46,28.04
639.57,0,,51.74,9.08,4,-2,41.18,-40.25,-18.64,25.41,5.19,,64.88,28.19,1,0,64.74,-1.51,2.96,42.46,27.98
639.69,0,,50.68,8.61,4,-2,40.67,-40.48,-18.17,25.65,4.49,,64.87,28.18,1,0,64.57,-1.37,2.97,42.61,28.11
639.81,0,,50.14,8.37,4,-2,41.47,-40.42,-17.99,25.89,4.37,,64.86,28.18,1,0,65.39,-1.26,2.97,42.72,28.22
639.87,0,,50.14,8.37,4,-2,41.47,-40.42,-17.99,25.89,4.37,,64.86,28.17,1,0,65.06,-1.27,3.00,42.74,28.18
639.99,0,,49.61,8.13,4,-2,40.16,-40.09,-17.47,26.74,4.18,,64.85,28.17,1,0,64.84,-1.34,3.06,42.73,28.05
640.08,0,,48.54,7.67,4,-2,40.18,-39.54,-16.59,28.17,3.85,,64.85,28.17,1,0,64.46,-1.41,3.06,42.66,27.98
640.17,0,,48.54,7.67,4,-2,40.18,-39.54,-16.59,28.17,3.85,,64.84,28.16,1,0,64.51,-1.44,3.01,42.58,28.00
640.29,0,,47.50,7.21,4,-2,37.83,-39.12,-16.06,29.12,3.74,,64.84,28.16,1,0,64.96,-1.46,3.03,42.58,27.96
640.38,0,,46.98,6.99,4,-2,38.19,-39.02,-15.87,29.41,3.65,,64.83,28.15,1,0,64.76,-1.51,3.02,42.52,27.92
640.47,0,,46.98,6.99,4,-2,38.19,-39.02,-15.87,29.41,3.65,,64.83,28.14,1,0,64.52,-1.48,3.00,42.53,27.97
640.59,0,,45.95,6.55,4,-2,38.16,-39.66,-16.03,28.61,3.17,,64.82,28.14,1,0,64.88,-1.35,3.06,42.72,28.04
640.68,0,,45.44,6.34,4,-2,38.35,-39.24,-15.68,29.38,3.24,,64.82,28.13,1,0,65.17,-1.28,2.99,42.72,28.18
640.80,0,,44.95,6.13,4,-2,36.53,-39.61,-15.57,29.12,2.76,,64.81,28.13,1,0,64.20,-1.30,2.98,42.69,28.17
640.89,0,,44.46,5.92,4,-2,37.91,-40.35,-15.99,27.96,2.44,,64.81,28.12,1,0,65.10,-1.38,3.05,42.68,28.02
640.98,0,,44.46,5.92,4,-2,37.91,-40.35,-15.99,27.96,2.44,,64.80,28.12,1,0,64.40,-1.47,3.02,42.56,27.96
641.07,0,,43.98,5.71,4,-2,37.54,-40.23,-15.83,28.24,2.40,,64.80,28.11,1,0,64.36,-1.50,3.02,42.53,27.93
641.19,0,,43.06,5.31,4,-2,39.41,-39.57,-15.12,29.61,2.35,,64.79,28.10,1,0,64.73,-1.53,3.01,42.49,27.91
641.31,0,,42.63,5.11,4,-2,39.45,-39.87,-15.27,29.16,2.20,,64.78,28.10,1,0,64.64,-1.57,3.03,42.47,27.85
641.37,0,,42.63,5.11,4,-2,39.45,-39.87,-15.27,29.16,2.20,,64.78,28.09,1,0,64.18,-1.47,3.05,42.59,27.93
641.49,0,,42.23,4.92,4,-2,39.77,-38.90,-14.47,30.93,2.37,,64.77,28.08,1,0,64.59,-1.42,3.02,42.61,28.01
641.58,0,,41.56,4.56,4,-2,52.07,-36.59,-14.58,33.13,4.79,,64.76,28.08,1,0,65.12,-1.51,3.05,42.55,27.89
641.67,0,,41.56,4.56,4,-2,52.07,-36.59,-14.58,33.13,4.79,,64.75,28.07,1,0,64.43,-1.49,3.06,42.58,27.90
641.79,0,,41.20,4.28,4,-2,55.58,-32.58,-13.74,37.98,7.96,,64.74,28.06,1,0,64.59,-1.49,3.05,42.57,27.91
641.88,0,,41.17,4.19,4,-2,53.80,-32.18,-13.20,38.92,7.82,,64.74,28.05,1,0,64.77,-1.59,3.03,42.45,27.83
641.97,0,,41.17,4.19,4,-2,53.80,-32.18,-13.20,38.92,7.82,,64.73,28.05,1,0,65.21,-1.59,2.99,42.41,27.87
642.09,0,,41.31,4.10,4,-2,51.50,-31.63,-13.14,39.53,8.31,,64.72,28.04,1,0,64.09,-1.66,3.03,42.38,27.76
642.18,0,,41.46,4.10,4,-2,52.20,-31.71,-13.25,39.34,8.34,,64.72,28.03,1,0,64.10,-1.67,3.06,42.40,27.72
642.30,0,,41.66,4.12,4,-2,53.69,-31.62,-13.38,39.30,8.56,,64.71,28.02,1,0,64.43,-1.49,3.02,42.54,27.94
642.39,0,,41.90,4.17,4,-2,53.73,-31.84,-13.48,38.98,8.44,,64.70,28.01,1,0,64.38,-1.42,3.07,42.66,27.96
642.48,0,,41.90,4.17,4,-2,53.73,-31.84,-13.48,38.98,8.44,,64.69,28.00,1,0,65.01,-1.41,3.10,42.70,27.94
642.57,0,,42.19,4.24,4,-2,51.99,-31.87,-13.48,38.95,8.41,,64.68,27.99,1,0,65.21,-1.38,3.06,42.69,28.01
642.69,0,,42.86,4.42,4,-2,54.01,-31.45,-13.16,39.69,8.51,,64.67,27.98,1,0,64.29,-1.46,3.13,42.68,27.86
642.81,0,,43.24,4.53,4,-2,55.13,-31.11,-13.06,40.13,8.75,,64.67,27.98,1,0,64.64,-1.52,3.16,42.65,27.77
642.87,0,,43.24,4.53,4,-2,55.13,-31.11,-13.06,40.13,8.75,,64.66,27.97,1,0,64.67,-1.54,3.11,42.58,27.80
642.99,0,,43.64,4.66,4,-2,53.93,-30.90,-13.01,40.39,8.91,,64.66,27.96,1,0,64.47,-1.60,3.14,42.55,27.71
643.08,0,,44.51,4.94,4,-2,54.11,-30.83,-12.92,40.55,8.89,,64.65,27.95,1,0,64.14,-1.56,3.12,42.57,27.77
643.17,0,,44.51,4.94,4,-2,54.11,-30.83,-12.92,40.55,8.89,,64.65,27.94,1,0,64.17,-1.42,3.12,42.71,27.91
643.29,0,,45.43,5.26,4,-2,55.58,-30.58,-12.94,40.78,9.16,,64.64,27.94,1,0,64.52,-1.39,3.17,42.79,27.89
643.38,0,,45.91,5.42,4,-2,56.49,-30.46,-12.84,41.00,9.18,,64.63,27.93,1,0,65.05,-1.35,3.11,42.77,27.99
643.47,0,,45.91,5.42,4,-2,56.49,-30.46,-12.84,41.00,9.18,,64.62,27.92,1,0,64.62,-1.31,3.11,42.81,28.03
643.59,0,,46.88,5.77,4,-2,53.65,-30.20,-12.78,41.32,9.38,,64.62,27.92,1,0,64.94,-1.42,3.13,42.72,27.90
643.68,0,,47.37,5.95,4,-2,54.73,-30.25,-12.72,41.33,9.27,,64.61,27.91,1,0,64.88,-1.50,3.11,42.62,27.84
643.80,0,,47.84,6.12,4,-2,55.28,-30.76,-12.96,40.58,9.00,,64.61,27.91,1,0,64.51,-1.52,3.11,42.60,27.82
643.89,0,,48.31,6.30,4,-2,54.13,-31.53,-13.46,39.31,8.73,,64.61,27.90,1,0,64.85,-1.56,3.08,42.53,27.81
643.98,0,,48.31,6.30,4,-2,54.13,-31.53,-13.46,39.31,8.73,,64.61,27.90,1,0,65.13,-1.47,3.08,42.62,27.90
644.07,0,,48.76,6.47,4,-2,55.67,-31.37,-13.52,39.41,8.95,,64.61,27.89,1,0,64.40,-1.42,3.14,42.73,27.89
644.19,0,,49.64,6.81,4,-2,55.83,-30.07,-13.31,40.92,10.04,,64.62,27.89,1,0,65.23,-1.49,3.14,42.66,27.82
644.31,0,,50.06,6.98,4,-2,57.14,-29.81,-13.28,41.21,10.27,,64.62,27.89,1,0,64.96,-1.44,3.10,42.67,27.91
644.37,0,,50.48,7.15,4,-2,55.97,-29.86,-13.50,40.94,10.44,,64.63,27.88,1,0,64.97,-1.45,3.12,42.68,27.88
644.49,0,,50.48,7.15,4,-2,55.97,-29.86,-13.50,40.94,10.44,,64.63,27.88,1,0,64.26,-1.54,3.20,42.67,27.71
644.58,0,,51.29,7.49,4,-2,56.43,-30.56,-13.60,40.14,9.84,,64.64,27.87,1,0,64.39,-1.59,3.21,42.63,27.65
644.67,0,,51.29,7.49,4,-2,56.43,-30.56,-13.60,40.14,9.84,,64.64,27.87,1,0,64.13,-1.61,3.10,42.50,27.74
644.79,0,,52.04,7.82,4,-2,57.00,-30.01,-13.00,41.29,9.79,,64.64,27.87,1,0,64.59,-1.57,3.09,42.53,27.79
644.88,0,,52.39,7.97,4,-2,56.92,-29.49,-12.63,42.18,9.94,,64.64,27.86,1,0,64.89,-1.41,3.13,42.73,27.91
644.97,0,,52.39,7.97,4,-2,56.92,-29.49,-12.63,42.18,9.94,,64.64,27.86,1,0,64.44,-1.36,3.15,42.80,27.94
645.09,0,,53.06,8.27,4,-2,55.95,-29.43,-12.72,42.15,10.09,,64.64,27.85,1,0,64.22,-1.44,3.16,42.73,27.85
645.18,0,,53.37,8.41,4,-2,55.47,-29.30,-12.75,42.25,10.25,,64.64,27.85,1,0,64.93,-1.38,3.21,42.84,27.86
645.30,0,,53.65,8.54,4,-2,56.53,-29.35,-12.83,42.12,10.28,,64.64,27.85,1,0,64.42,-1.34,3.22,42.89,27.89
645.39,0,,53.93,8.68,4,-2,56.75,-29.55,-13.01,41.74,10.26,,64.63,27.85,1,0,64.67,-1.40,3.16,42.77,27.89
645.48,0,,53.93,8.68,4,-2,56.75,-29.55,-13.01,41.74,10.26,,64.63,27.84,1,0,64.29,-1.45,3.19,42.75,27.81
645.57,0,,54.19,8.80,4,-2,55.75,-29.74,-13.11,41.45,10.17,,64.63,27.84,1,0,64.73,-1.50,3.22,42.73,27.73
645.69,0,,54.65,9.04,4,-2,55.82,-29.83,-13.00,41.47,9.97,,64.63,27.84,1,0,64.78,-1.45,3.17,42.73,27.83
645.81,0,,54.86,9.15,4,-2,56.65,-29.65,-13.00,41.65,10.15,,64.63,27.84,1,0,65.13,-1.34,3.14,42.81,27.97
645.87,0,,54.86,9.15,4,-2,56.65,-29.65,-13.00,41.65,10.15,,64.63,27.84,1,0,64.98,-1.28,3.15,42.88,28.02
645.99,0,,55.05,9.26,4,-2,56.59,-29.57,-13.05,41.68,10.28,,64.63,27.84,1,0,65.12,-1.31,3.17,42.87,27.97
646.08,0,,55.40,9.45,4,-2,54.77,-29.66,-13.05,41.59,10.19,,64.64,27.84,1,0,64.63,-1.37,3.17,42.81,27.91
646.17,0,,55.40,9.45,4,-2,54.77,-29.66,-13.05,41.59,10.19,,64.64,27.84,1,0,64.91,-1.40,3.19,42.80,27.86
646.29,0,,55.67,9.62,4,-2,55.65,-29.81,-13.03,41.46,10.02,,64.65,27.84,1,0,65.00,-1.49,3.19,42.71,27.77
646.38,0,,55.78,9.69,4,-2,53.08,-29.73,-12.97,41.60,10.04,,64.66,27.84,1,0,65.05,-1.54,3.14,42.61,27.77
646.47,0,,55.78,9.69,4,-2,53.08,-29.73,-12.97,41.60,10.04,,64.67,27.84,1,0,65.17,-1.47,3.15,42.69,27.83
646.59,0,,55.95,9.82,4,-2,55.77,-29.76,-12.87,41.67,9.91,,64.68,27.84,1,0,64.33,-1.41,3.17,42.77,27.87
646.68,0,,56.02,9.88,4,-2,53.96,-29.87,-12.76,41.67,9.69,,64.68,27.84,1,0,64.47,-1.44,3.16,42.73,27.85
646.80,0,,56.07,9.93,4,-2,54.56,-29.93,-12.75,41.62,9.62,,64.69,27.84,1,0,64.58,-1.55,3.17,42.63,27.73
646.89,0,,56.11,9.98,4,-2,55.40,-29.92,-12.71,41.67,9.59,,64.70,27.84,1,0,64.25,-1.58,3.16,42.59,27.71
646.98,0,,56.11,9.98,4,-2,55.40,-29.92,-12.71,41.67,9.59,,64.70,27.84,1,0,64.47,-1.58,3.15,42.58,27.72
647.07,0,,56.15,10.04,3,-1,54.48,-30.01,-12.67,41.62,9.46,,64.70,27.84,1,0,64.51,-1.63,3.21,42.59,27.61
647.19,0,,56.15,10.06,3,-1,55.94,-30.13,-12.65,41.52,9.32,,64.70,27.83,1,0,64.69,-1.65,3.20,42.56,27.60
647.31,0,,56.15,10.08,3,-1,53.76,-30.21,-12.64,41.45,9.23,,64.69,27.83,1,0,63.97,-2.02,3.19,42.18,27.24
647.37,0,,56.15,10.08,3,-1,53.76,-30.21,-12.64,41.45,9.23,,64.69,27.82,1,0,63.88,-2.83,3.27,41.45,26.35
647.49,0,,56.14,10.09,3,0,51.31,-30.32,-12.61,41.37,9.09,,64.68,27.80,1,0,63.12,-3.60,3.22,40.63,25.63
647.58,0,,56.05,10.09,3,1,53.11,-30.40,-12.51,41.39,8.91,,64.66,27.78,1,0,63.03,-4.52,3.09,39.58,24.84
647.67,0,,55.99,10.08,3,1,52.75,-30.35,-12.48,41.47,8.93,,64.64,27.74,1,0,63.24,-5.31,2.98,38.68,24.16
647.79,0,,55.91,10.06,3,1,52.58,-30.44,-12.45,41.41,8.81,,64.61,27.68,1,0,63.05,-5.29,2.85,38.57,24.31
647.88,0,,55.83,10.04,0,2,53.47,-30.63,-12.37,41.30,8.54,,64.57,27.61,1,0,63.22,-4.86,2.79,38.94,24.80
647.97,0,,55.74,10.01,0,2,53.07,-30.75,-12.31,41.24,8.36,,64.53,27.53,1,0,63.20,-4.35,2.77,39.43,25.33
648.09,0,,55.64,9.97,0,2,51.81,-30.79,-12.33,41.18,8.34,,64.49,27.45,1,0,63.19,-4.19,2.91,39.73,25.35
648.18,0,,55.53,9.93,0,2,52.84,-30.83,-12.24,41.23,8.21,,64.44,27.36,1,0,63.58,-4.30,2.99,39.70,25.16
648.30,0,,55.42,9.89,0,2,52.62,-30.87,-12.17,41.26,8.10,,64.39,27.27,1,0,62.45,-4.89,2.75,38.87,24.81
648.39,0,,55.30,9.83,0,2,52.44,-30.87,-12.20,41.23,8.13,,64.34,27.17,1,0,66.04,-8.86,-0.14,32.01,23.73
648.48,0,,55.30,9.83,0,2,52.44,-30.87,-12.20,41.23,8.13,,64.31,27.06,1,0,66.62,-11.83,-4.03,25.15,24.65
648.57,0,,55.05,9.72,0,2,51.75,-30.97,-12.05,41.28,7.88,,64.28,26.96,1,0,63.99,-11.34,-4.53,25.14,25.64
648.69,0,,54.92,9.65,0,2,52.04,-31.01,-12.02,41.27,7.81,,64.26,26.85,1,0,63.44,-12.86,-3.89,24.26,23.48
648.81,0,,54.78,9.58,0,2,51.06,-30.94,-11.99,41.37,7.85,,64.24,26.73,1,0,63.33,-12.92,-3.94,24.15,23.47
648.87,0,,54.64,9.51,0,2,51.89,-30.96,-11.87,41.47,7.71,,64.21,26.61,1,0,63.42,-11.71,-3.12,26.18,23.86
648.99,0,,54.64,9.51,0,2,51.89,-30.96,-11.87,41.47,7.71,,64.18,26.49,1,0,63.44,-13.44,-3.33,24.24,22.34
649.08,0,,54.36,9.36,0,2,52.01,-30.99,-11.97,41.34,7.78,,64.16,26.35,1,0,63.92,-12.61,-3.55,24.85,23.39
649.17,0,,54.36,9.36,0,2,52.01,-30.99,-11.97,41.34,7.78,,64.13,26.22,1,0,63.58,-11.99,-3.34,25.68,23.80
649.29,0,,54.08,9.20,0,2,50.65,-31.20,-11.83,41.27,7.43,,64.10,26.08,1,0,63.40,-12.84,-3.55,24.62,23.16
649.38,0,,53.93,9.12,0,2,52.89,-31.06,-11.82,41.42,7.56,,64.07,25.94,1,0,64.75,-12.84,-3.91,24.26,23.52
649.47,0,,53.93,9.12,0,2,52.89,-31.06,-11.82,41.42,7.56,,64.05,25.80,1,0,64.92,-13.68,-4.73,22.60,23.50
649.59,0,,53.65,8.95,0,2,50.34,-31.14,-11.76,41.40,7.42,,64.04,25.66,1,0,65.30,-13.88,-4.32,22.81,22.89
649.68,0,,53.51,8.87,0,2,51.07,-31.22,-11.67,41.41,7.25,,64.03,25.51,1,0,65.77,-13.78,-3.07,24.16,21.74
649.80,0,,53.37,8.78,0,2,51.81,-31.25,-11.60,41.45,7.15,,64.04,25.37,1,0,64.85,-13.45,-2.68,24.88,21.68
649.89,0,,53.23,8.70,0,2,50.53,-31.31,-11.58,41.41,7.07,,64.05,25.21,1,0,64.79,-12.80,-2.25,25.96,21.90
649.98,0,,53.23,8.70,0,2,50.53,-31.31,-11.58,41.41,7.07,,64.06,25.06,1,0,64.47,-12.75,-1.88,26.38,21.58
650.07,0,,53.09,8.61,0,2,50.83,-31.35,-11.50,41.45,6.95,,64.07,24.90,1,0,64.49,-12.00,-1.82,27.19,22.27
650.19,0,,52.82,8.44,0,2,50.55,-31.27,-11.39,41.64,6.92,,64.09,24.74,1,0,64.08,-9.80,-1.37,29.84,24.02
650.31,0,,52.68,8.36,0,2,50.40,-31.27,-11.42,41.61,6.95,,64.10,24.59,1,0,63.17,-8.98,-0.83,31.20,24.30
650.37,0,,52.68,8.36,0,2,50.40,-31.27,-11.42,41.61,6.95,,64.10,24.46,1,0,63.61,-9.86,0.05,31.20,22.54
650.49,0,,52.54,8.27,0,2,50.40,-31.21,-11.42,41.67,7.01,,64.11,24.33,1,0,62.88,-8.43,1.17,33.75,22.85
650.58,0,,52.28,8.10,0,2,51.04,-31.62,-10.94,41.74,6.12,,64.10,24.20,1,0,60.41,-8.71,0.80,33.10,22.94
650.67,0,,52.28,8.10,0,2,51.04,-31.62,-10.94,41.74,6.12,,64.07,24.08,1,0,60.72,-13.57,-0.99,26.45,19.87
650.79,0,,52.04,7.92,0,2,50.40,-31.84,-10.24,42.22,5.20,,64.04,23.95,1,0,64.93,-14.03,-2.86,24.12,21.28
650.88,0,,51.92,7.82,0,2,52.03,-31.66,-10.44,42.20,5.58,,64.00,23.82,1,0,63.49,-9.19,-2.64,29.18,25.90
650.97,0,,51.92,7.82,0,2,52.03,-31.66,-10.44,42.20,5.58,,63.97,23.71,1,0,62.46,-9.94,-0.73,30.34,23.24
651.09,0,,51.72,7.62,0,2,50.09,-31.72,-10.42,42.16,5.50,,63.93,23.61,1,0,64.10,-12.95,-1.38,26.68,20.88
651.18,0,,51.63,7.51,0,2,51.11,-31.76,-10.31,42.23,5.35,,63.90,23.51,1,0,64.52,-11.88,-1.96,27.17,22.53
651.30,0,,51.55,7.41,0,2,51.12,-31.62,-10.23,42.45,5.41,,63.87,23.41,1,0,64.28,-11.71,-1.00,28.30,21.74
651.39,0,,51.47,7.30,0,2,51.09,-31.50,-10.25,42.55,5.55,,63.85,23.31,1,0,64.29,-11.39,-0.78,28.84,21.84
651.48,0,,51.47,7.30,0,2,51.09,-31.50,-10.25,42.55,5.55,,63.84,23.21,1,0,63.47,-11.17,-0.43,29.41,21.71
651.57,0,,51.39,7.19,0,2,49.96,-31.49,-10.23,42.58,5.54,,63.82,23.12,1,0,63.36,-11.90,-0.06,29.05,20.61
651.69,0,,51.24,6.99,0,2,51.07,-31.42,-10.34,42.54,5.72,,63.80,23.02,1,0,63.06,-12.04,-0.08,28.89,20.49
651.81,0,,51.17,6.89,0,2,51.51,-31.90,-10.14,42.26,5.04,,63.78,22.91,1,0,63.93,-11.36,0.56,30.21,20.53
651.87,0,,51.17,6.89,0,2,51.51,-31.90,-10.14,42.26,5.04,,63.76,22.81,1,0,62.92,-9.08,0.53,32.46,22.84
651.99,0,,51.11,6.79,0,2,53.20,-32.67,-9.85,41.78,3.98,,63.74,22.71,1,0,61.93,-9.56,0.54,31.99,22.35
652.08,0,,51.04,6.57,0,2,52.23,-32.19,-9.98,42.13,4.59,,63.71,22.62,1,0,61.39,-10.20,2.90,33.71,19.35
652.17,0,,51.04,6.57,0,2,52.23,-32.19,-9.98,42.13,4.59,,63.68,22.53,1,0,62.79,-6.71,3.28,37.58,22.46
652.29,0,,51.03,6.35,0,2,53.97,-32.27,-9.95,42.08,4.48,,63.64,22.44,1,0,62.38,-5.06,1.62,37.57,25.77
652.38,0,,51.04,6.24,0,2,53.59,-32.15,-10.01,42.14,4.66,,63.59,22.38,1,0,60.37,-6.64,2.22,36.59,23.59
652.47,0,,51.04,6.24,0,2,53.59,-32.15,-10.01,42.14,4.66,,63.53,22.33,1,0,58.55,-9.78,2.32,33.55,20.35
652.59,0,,51.11,6.03,0,2,52.23,-31.94,-9.97,42.39,4.83,,63.45,22.27,1,0,60.12,-13.26,0.76,28.51,18.43
652.68,0,,51.16,5.93,0,2,54.19,-31.77,-10.01,42.52,5.04,,63.37,22.21,1,0,62.51,-12.00,-0.42,28.59,20.87
652.80,0,,51.21,5.84,0,2,52.56,-31.70,-10.05,42.55,5.15,,63.28,22.14,1,0,61.54,-7.46,1.58,35.13,23.41
652.89,0,,51.27,5.75,3,1,54.39,-31.60,-10.04,42.66,5.24,,63.19,22.08,1,0,63.23,-7.95,4.16,37.22,20.34
652.98,0,,51.27,5.75,3,1,54.39,-31.60,-10.04,42.66,5.24,,63.11,22.02,1,0,63.77,-9.22,3.36,35.15,19.87
653.07,0,,51.34,5.66,3,1,55.06,-31.56,-10.07,42.67,5.31,,63.05,21.96,1,0,64.38,-8.62,3.37,35.76,20.46
653.19,0,,51.52,5.52,3,1,55.23,-31.49,-10.07,42.74,5.38,,62.99,21.89,1,0,63.58,-9.76,3.60,34.85,19.09
653.31,0,,51.62,5.45,3,0,54.84,-31.37,-10.06,42.87,5.49,,62.95,21.81,1,0,64.47,-10.01,3.48,34.48,18.96
653.37,0,,51.62,5.45,3,0,54.84,-31.37,-10.06,42.87,5.49,,62.92,21.72,1,0,63.74,-10.43,3.33,33.91,18.69
653.49,0,,51.73,5.40,3,0,55.95,-31.17,-10.10,43.03,5.73,,62.90,21.63,1,0,63.68,-10.99,3.65,33.67,17.81
653.58,0,,51.85,5.35,3,-1,54.38,-31.09,-10.14,43.07,5.85,,62.88,21.52,1,0,63.05,-10.54,4.62,35.09,17.29
653.68,0,,51.98,5.31,3,-1,55.25,-31.04,-10.16,43.10,5.92,,62.87,21.40,1,0,63.54,-11.08,4.41,34.34,16.96
653.79,0,,52.25,5.25,3,-1,54.93,-30.97,-10.23,43.10,6.06,,62.87,21.27,1,0,63.16,-11.47,4.65,34.19,16.33
653.88,0,,52.39,5.23,3,-1,55.08,-31.01,-10.22,43.07,6.01,,62.86,21.12,1,0,62.24,-11.55,5.54,35.00,15.36
653.97,0,,52.39,5.23,3,-1,55.08,-31.01,-10.22,43.07,6.01,,62.85,20.95,1,0,63.15,-12.00,5.57,34.58,14.88
654.09,0,,52.67,5.22,3,-1,55.84,-30.82,-10.43,43.05,6.41,,62.85,20.77,1,0,61.51,-11.54,5.15,34.62,15.76
654.18,0,,52.82,5.22,3,-1,55.16,-30.88,-10.41,43.01,6.33,,62.83,20.57,1,0,59.73,-11.37,4.97,34.61,16.11
654.30,0,,52.97,5.23,3,-1,55.11,-30.96,-10.41,42.93,6.25,,62.80,20.37,1,0,59.87,-11.65,5.51,34.87,15.29
654.39,0,,53.11,5.24,3,-1,56.56,-30.75,-10.58,42.97,6.63,,62.76,20.17,1,0,61.84,-7.85,6.03,39.19,18.57
654.48,0,,53.11,5.24,3,-1,56.56,-30.75,-10.58,42.97,6.63,,62.72,19.98,1,0,61.53,-4.72,5.20,41.49,22.53
654.58,0,,53.26,5.26,4,-2,55.86,-30.83,-10.64,42.83,6.61,,62.67,19.82,1,0,61.10,-6.60,5.00,39.41,20.85
654.69,0,,53.56,5.32,4,-2,56.57,-30.81,-10.71,42.78,6.70,,62.62,19.67,1,0,57.91,-7.69,5.89,39.21,18.87
654.81,0,,53.72,5.35,4,-2,56.90,-30.81,-10.69,42.80,6.68,,62.54,19.54,1,0,54.91,-11.84,6.64,35.81,13.97
654.87,0,,53.72,5.35,4,-2,56.90,-30.81,-10.69,42.80,6.68,,62.44,19.39,1,0,58.91,-14.52,5.70,32.19,12.23
654.99,0,,53.87,5.39,4,-2,56.37,-30.90,-10.67,42.73,6.57,,62.32,19.22,1,0,58.45,-11.15,4.51,34.37,16.79
655.08,0,,54.19,5.48,4,-2,56.82,-30.67,-10.90,42.73,7.03,,62.19,19.05,1,0,57.96,-11.16,6.95,36.80,14.34
655.17,0,,54.19,5.48,4,-2,56.82,-30.67,-10.90,42.73,7.03,,62.05,18.87,1,0,60.40,-15.11,7.56,33.46,9.78
655.29,0,,54.49,5.58,4,-2,55.90,-30.58,-10.89,42.83,7.11,,61.92,18.66,1,0,61.73,-14.95,5.58,31.64,11.92
655.38,0,,54.64,5.64,4,-2,58.52,-30.50,-10.83,42.97,7.13,,61.79,18.43,1,0,61.30,-14.47,6.76,33.30,11.22
655.47,0,,54.64,5.64,4,-2,58.52,-30.50,-10.83,42.97,7.13,,61.68,18.18,1,0,61.05,-15.02,7.32,33.31,10.11
655.59,0,,54.95,5.76,4,-2,56.53,-30.10,-10.92,43.28,7.62,,61.58,17.91,1,0,60.02,-14.62,7.52,33.91,10.31
655.68,0,,55.10,5.82,4,-2,56.55,-30.21,-10.89,43.20,7.48,,61.48,17.62,1,0,60.52,-14.84,8.69,34.86,8.92
655.80,0,,55.24,5.89,3,-1,56.73,-30.35,-10.82,43.13,7.27,,61.38,17.32,1,0,60.18,-14.94,8.90,34.97,8.61
655.89,0,,55.38,5.96,3,-1,58.34,-29.24,-10.55,44.51,8.11,,61.28,16.99,2,-1,59.15,-15.01,9.45,35.45,7.99
655.98,0,,55.38,5.96,3,-1,58.34,-29.24,-10.55,44.51,8.11,,61.19,16.65,2,-1,59.45,-15.30,9.79,35.50,7.36
656.07,0,,55.52,6.03,3,-1,55.70,-27.93,-9.65,46.72,8.52,,61.09,16.29,2,-1,58.49,-15.20,10.02,35.83,7.23
656.19,0,,55.76,6.20,3,-1,55.47,-29.78,-10.78,43.74,7.80,,60.99,15.91,2,-1,59.91,-15.48,10.05,35.58,6.92
656.31,0,,55.87,6.28,3,-1,56.22,-30.02,-10.77,43.51,7.55,,60.89,15.52,2,-1,59.38,-16.20,9.75,34.56,6.50
656.37,0,,55.87,6.28,3,-1,56.22,-30.02,-10.77,43.51,7.55,,60.80,15.12,2,-1,59.25,-18.04,9.36,32.33,5.05
656.49,0,,55.97,6.36,3,-1,55.53,-30.31,-10.67,43.32,7.16,,60.70,14.70,2,-1,59.52,-21.26,7.69,27.44,3.50
656.58,0,,56.13,6.52,3,-1,56.21,-30.16,-10.95,43.19,7.59,,60.61,14.26,2,-1,59.09,-23.32,6.22,23.91,2.91
656.67,0,,56.13,6.52,3,-1,56.21,-30.16,-10.95,43.19,7.59,,60.52,13.80,2,-1,59.29,-23.48,6.52,24.05,2.45
656.79,0,,56.26,6.66,3,1,56.29,-29.94,-11.19,43.17,8.05,,60.43,13.32,4,-2,57.51,-23.59,7.24,24.66,1.62
656.88,0,,56.32,6.74,3,1,58.17,-30.04,-11.30,42.96,8.06,,60.33,12.83,4,-2,56.62,-23.58,7.75,25.18,1.12
656.97,0,,56.32,6.74,3,1,58.17,-30.04,-11.30,42.96,8.06,,60.22,12.31,4,-2,54.97,-23.44,8.68,26.25,0.33
657.09,0,,56.45,6.88,3,1,57.44,-30.02,-11.84,42.44,8.62,,60.09,11.79,4,-2,53.77,-23.45,9.79,27.35,-0.79
657.18,0,,56.52,6.95,3,1,59.71,-29.99,-11.77,42.54,8.58,,59.94,11.24,4,-2,52.95,-23.22,10.75,28.54,-1.52
657.30,0,,56.60,7.03,3,1,57.80,-30.09,-11.68,42.53,8.39,,59.77,10.68,4,-2,52.22,-23.86,10.90,28.05,-2.31
657.39,0,,56.68,7.10,3,1,59.08,-30.03,-11.70,42.57,8.47,,59.57,10.10,4,-2,52.57,-24.59,10.88,27.30,-3.02
657.48,0,,56.68,7.10,3,1,59.08,-30.03,-11.70,42.57,8.47,,59.35,9.50,4,-2,52.51,-24.69,11.42,27.74,-3.66
657.57,0,,56.76,7.18,3,1,57.13,-30.20,-11.74,42.36,8.34,,59.11,8.89,4,-2,52.14,-24.87,12.01,28.15,-4.43
657.69,0,,56.92,7.32,0,2,58.87,-29.97,-11.68,42.65,8.51,,58.86,8.27,4,-2,51.58,-24.84,12.55,28.72,-4.94
657.81,0,,57.00,7.40,0,2,58.49,-29.88,-11.76,42.66,8.68,,58.59,7.63,4,-2,51.85,-24.98,13.03,29.06,-5.56
657.87,0,,57.00,7.40,0,2,58.49,-29.88,-11.76,42.66,8.68,,58.31,6.99,4,-2,52.06,-25.26,13.44,29.19,-6.25
657.99,0,,57.09,7.47,0,2,57.24,-29.99,-11.90,42.41,8.71,,58.02,6.33,4,-2,51.89,-25.30,13.50,29.21,-6.35
658.08,0,,57.24,7.61,0,2,58.37,-30.20,-11.99,42.11,8.59,,57.73,5.67,4,-2,52.77,-26.51,12.41,26.91,-6.47
658.17,0,,57.24,7.61,0,2,58.37,-30.20,-11.99,42.11,8.59,,57.44,5.01,4,-2,51.99,-28.18,11.65,24.48,-7.38
658.29,0,,57.40,7.75,0,2,60.15,-30.23,-12.23,41.84,8.80,,57.14,4.34,4,-2,51.79,-27.63,13.42,26.80,-8.60
658.38,0,,57.48,7.81,0,2,58.84,-30.33,-12.22,41.75,8.69,,56.85,3.67,4,-2,51.19,-26.76,14.95,29.20,-9.26
658.47,0,,57.48,7.81,0,2,58.84,-30.33,-12.22,41.75,8.69,,56.56,3.00,4,-2,51.98,-27.28,14.47,28.20,-9.30
658.59,0,,57.65,7.94,0,2,58.79,-30.28,-12.30,41.72,8.82,,56.27,2.32,4,-2,52.07,-27.39,15.00,28.62,-9.94
658.68,0,,57.73,8.00,0,2,59.96,-30.27,-12.34,41.69,8.87,,55.98,1.65,4,-2,51.00,-27.80,15.19,28.40,-10.54
658.80,0,,57.81,8.06,0,2,59.65,-30.26,-12.40,41.64,8.94,,55.70,0.97,4,-2,52.03,-29.09,14.51,26.43,-11.15
658.89,0,,57.90,8.12,0,2,59.52,-30.18,-12.40,41.72,9.02,,55.42,0.29,4,-2,51.32,-30.19,14.03,24.85,-11.77
658.98,0,,57.90,8.12,0,2,59.52,-30.18,-12.40,41.72,9.02,,55.15,-0.37,4,-2,49.84,-29.97,15.23,26.27,-12.75
659.07,0,,57.98,8.17,0,2,59.81,-30.22,-12.39,41.69,8.97,,54.88,-1.05,4,-2,49.45,-29.40,17.02,28.63,-13.97
659.19,0,,58.17,8.29,0,2,60.64,-29.99,-12.58,41.73,9.39,,54.60,-1.73,4,-2,49.53,-29.92,16.68,27.77,-14.15
659.31,0,,58.27,8.34,0,2,58.90,-30.05,-12.51,41.74,9.26,,54.33,-2.42,4,-2,49.56,-30.17,16.84,27.68,-14.56
659.37,0,,58.27,8.34,0,2,58.90,-30.05,-12.51,41.74,9.26,,54.05,-3.10,4,-2,49.14,-29.82,17.19,28.38,-14.56
659.49,0,,58.37,8.40,0,2,59.54,-30.08,-12.54,41.68,9.26,,53.77,-3.77,4,-2,48.29,-29.80,17.35,28.56,-14.70
659.59,0,,58.56,8.51,0,2,61.38,-30.04,-12.76,41.50,9.52,,53.50,-4.44,4,-2,48.12,-30.06,17.94,28.89,-15.55
659.67,0,,58.56,8.51,0,2,61.38,-30.04,-12.76,41.50,9.52,,53.22,-5.11,4,-2,48.10,-30.29,17.96,28.68,-15.80
659.79,0,,58.78,8.62,0,2,60.90,-29.76,-12.85,41.69,9.89,,52.93,-5.76,4,-2,47.83,-30.70,18.08,28.39,-16.33
659.88,0,,58.89,8.68,0,2,62.82,-29.76,-12.93,41.61,9.97,,52.65,-6.41,4,-2,47.15,-30.96,18.55,28.60,-17.06
659.97,0,,58.89,8.68,0,2,62.82,-29.76,-12.93,41.61,9.97,,52.37,-7.05,4,-2,46.78,-30.91,19.23,29.33,-17.69
660.09,0,,59.13,8.79,0,2,60.55,-29.50,-13.10,41.70,10.40,,52.08,-7.69,4,-2,47.28,-31.79,18.96,28.18,-18.30
660.18,0,,59.26,8.85,0,2,62.53,-29.72,-13.06,41.52,10.14,,51.80,-8.33,4,-2,48.00,-33.71,17.78,25.08,-19.04
660.30,0,,59.38,8.92,0,2,60.86,-29.93,-13.03,41.34,9.90,,51.52,-8.95,4,-2,47.88,-34.59,17.58,24.00,-19.72
660.39,0,,59.51,8.98,0,2,62.91,-29.31,-13.28,41.71,10.77,,51.25,-9.58,4,-2,47.59,-33.82,18.37,25.56,-19.74
660.48,0,,59.51,8.98,0,2,62.91,-29.31,-13.28,41.71,10.77,,50.99,-10.20,4,-2,46.82,-33.02,19.26,27.25,-19.83
660.57,0,,59.63,9.05,0,2,62.59,-29.18,-13.34,41.78,10.96,,50.73,-10.81,4,-2,46.21,-32.85,19.80,27.96,-20.20
660.69,0,,59.90,9.19,0,2,62.27,-29.16,-13.49,41.65,11.13,,50.48,-11.41,4,-2,48.21,-33.02,20.36,28.35,-20.93
660.81,0,,60.04,9.26,0,2,62.83,-29.45,-13.37,41.48,10.72,,50.23,-12.00,4,-2,46.59,-33.45,21.20,28.76,-22.20
660.87,0,,60.04,9.26,0,2,62.83,-29.45,-13.37,41.48,10.72,,49.99,-12.59,4,-2,47.20,-33.59,21.43,28.85,-22.57
660.99,0,,60.18,9.34,0,2,62.66,-29.61,-13.36,41.33,10.55,,49.76,-13.18,4,-2,45.78,-33.49,21.51,29.03,-22.55
661.08,0,,60.46,9.49,0,2,63.34,-29.09,-13.51,41.70,11.22,,49.53,-13.76,4,-2,47.19,-34.26,22.12,28.87,-23.93
661.17,0,,60.46,9.49,0,2,63.34,-29.09,-13.51,41.70,11.22,,49.31,-14.34,4,-2,46.64,-35.47,22.57,28.11,-25.59
661.29,0,,60.74,9.66,0,2,63.08,-28.89,-13.77,41.64,11.68,,49.10,-14.92,4,-2,46.28,-35.33,22.86,28.54,-25.74
661.38,0,,60.88,9.74,0,2,63.39,-29.12,-13.70,41.48,11.38,,48.89,-15.51,4,-2,46.10,-35.03,23.09,29.07,-25.67
661.47,0,,60.88,9.74,0,2,63.39,-29.12,-13.70,41.48,11.38,,48.70,-16.09,4,-2,47.33,-35.61,23.14,28.54,-26.30
661.59,0,,61.16,9.90,0,2,64.18,-29.05,-13.79,41.46,11.54,,48.51,-16.67,4,-2,47.67,-35.52,23.03,28.52,-26.10
661.68,0,,61.30,9.99,0,2,62.22,-29.10,-13.78,41.42,11.48,,48.33,-17.24,4,-2,46.94,-35.62,22.77,28.16,-25.94
661.80,0,,61.43,10.07,0,2,63.49,-29.40,-13.75,41.15,11.15,,48.17,-17.81,4,-2,47.25,-36.15,22.68,27.54,-26.38
661.89,0,,61.56,10.15,0,2,63.92,-29.02,-13.97,41.31,11.75,,48.02,-18.36,4,-2,46.58,-35.89,23.02,28.14,-26.46
661.98,0,,61.56,10.15,0,2,63.92,-29.02,-13.97,41.31,11.75,,47.88,-18.91,4,-2,46.19,-35.70,23.43,28.74,-26.68
662.07,0,,61.69,10.23,0,2,63.04,-29.04,-13.99,41.27,11.75,,47.74,-19.44,4,-2,46.44,-35.93,23.50,28.58,-26.98
662.19,0,,61.93,10.39,0,2,61.58,-29.16,-14.10,41.04,11.74,,47.61,-19.96,4,-2,45.80,-35.93,23.67,28.75,-27.15
662.31,0,,62.03,10.47,0,2,62.84,-29.53,-13.99,40.78,11.26,,47.48,-20.47,4,-2,45.04,-36.06,24.14,29.09,-27.75
662.37,0,,62.03,10.47,0,2,62.84,-29.53,-13.99,40.78,11.26,,47.35,-20.97,4,-2,43.62,-36.62,24.41,28.80,-28.58
662.49,0,,62.13,10.55,0,2,63.77,-29.52,-13.95,40.83,11.23,,47.21,-21.45,4,-2,46.03,-35.94,24.31,29.38,-27.80
662.58,0,,62.32,10.69,0,2,63.08,-29.33,-13.98,40.99,11.45,,47.08,-21.92,4,-2,45.37,-32.62,23.80,32.19,-23.97
662.67,0,,62.32,10.69,0,2,63.08,-29.33,-13.98,40.99,11.45,,46.96,-22.36,4,-2,45.89,-30.31,22.61,33.31,-20.47
662.79,0,,62.49,10.82,0,2,61.94,-29.22,-14.11,40.97,11.69,,46.84,-22.74,4,-2,44.67,-31.18,22.22,32.05,-20.95
662.88,0,,62.56,10.88,0,2,64.03,-29.43,-14.03,40.84,11.40,,46.72,-23.07,4,-2,44.26,-30.63,23.60,33.98,-21.78
662.97,0,,62.56,10.88,0,2,64.03,-29.43,-14.03,40.84,11.40,,46.60,-23.35,4,-2,43.93,-28.15,25.20,38.06,-20.90
663.09,0,,62.69,10.99,0,2,61.41,-29.32,-14.07,40.91,11.55,,46.47,-23.60,4,-2,43.76,-26.63,25.84,40.22,-20.02
663.18,0,,62.74,11.04,0,2,62.58,-29.43,-14.02,40.85,11.39,,46.35,-23.79,4,-2,43.30,-26.57,25.74,40.18,-19.86
663.30,0,,62.78,11.08,0,2,62.09,-29.74,-13.94,40.62,11.00,,46.22,-23.95,4,-2,44.33,-26.05,25.35,40.31,-18.95
663.39,0,,62.82,11.13,0,2,62.02,-29.31,-14.11,40.88,11.60,,46.09,-24.05,4,-2,44.45,-24.28,25.22,41.95,-17.05
663.48,0,,62.82,11.13,0,2,62.02,-29.31,-14.11,40.88,11.60,,45.96,-24.11,4,-2,45.44,-23.63,25.24,42.62,-16.42
663.57,0,,62.85,11.17,0,2,61.63,-29.39,-14.09,40.82,11.50,,45.85,-24.11,4,-2,45.58,-23.48,25.21,42.74,-16.24
663.69,0,,62.88,11.24,0,2,63.30,-29.43,-14.11,40.76,11.48,,45.75,-24.07,4,-2,45.56,-22.58,25.03,43.46,-15.16
663.81,0,,62.89,11.27,0,2,62.78,-29.65,-14.01,40.64,11.16,,45.65,-23.98,4,-2,46.45,-21.92,24.79,43.88,-14.26
663.87,0,,62.89,11.27,0,2,62.78,-29.65,-14.01,40.64,11.16,,45.57,-23.84,4,-2,45.65,-21.28,24.51,44.24,-13.34
663.99,0,,62.90,11.29,0,2,63.49,-29.76,-14.02,40.52,11.06,,45.50,-23.66,4,-2,46.22,-21.21,24.38,44.18,-13.14
664.09,0,,62.92,11.34,0,2,62.77,-29.57,-14.13,40.60,11.36,,45.44,-23.43,4,-2,46.41,-21.50,24.43,43.94,-13.48
664.17,0,,62.92,11.34,0,2,62.77,-29.57,-14.13,40.60,11.36,,45.40,-23.17,4,-2,46.44,-21.01,24.17,44.17,-12.73
664.29,0,,62.93,11.37,0,2,65.21,-29.45,-14.23,40.62,11.58,,45.36,-22.88,4,-2,46.94,-20.33,24.04,44.72,-11.92
664.38,0,,62.95,11.39,0,2,63.60,-29.59,-14.20,40.51,11.41,,45.34,-22.55,4,-2,46.19,-19.70,23.93,45.24,-11.18
664.47,0,,62.95,11.39,0,2,63.60,-29.59,-14.20,40.51,11.41,,45.32,-22.19,4,-2,46.44,-18.97,23.52,45.56,-10.04
664.59,0,,62.99,11.41,0,2,63.00,-29.33,-14.21,40.76,11.68,,45.31,-21.80,4,-2,47.19,-18.77,23.38,45.62,-9.70
664.68,0,,63.01,11.42,0,2,64.09,-29.48,-14.20,40.62,11.52,,45.32,-21.38,4,-2,47.67,-18.67,23.26,45.60,-9.48
664.80,0,,63.03,11.43,0,2,62.69,-29.73,-14.13,40.44,11.20,,45.33,-20.93,4,-2,46.77,-18.41,22.98,45.58,-8.94
664.89,0,,63.05,11.44,0,2,63.83,-29.31,-14.33,40.66,11.82,,45.36,-20.46,4,-2,47.38,-18.44,22.85,45.42,-8.84
664.98,0,,63.05,11.44,0,2,63.83,-29.31,-14.33,40.66,11.82,,45.39,-19.97,4,-2,47.51,-18.26,22.73,45.48,-8.54
665.07,0,,63.08,11.45,0,2,63.94,-29.34,-14.35,40.61,11.81,,45.44,-19.47,4,-2,48.43,-17.80,22.65,45.86,-8.00
665.19,0,,63.12,11.47,0,2,62.77,-29.22,-14.31,40.77,11.89,,45.49,-18.95,4,-2,48.62,-17.55,22.56,46.02,-7.66
665.31,0,,63.14,11.48,0,2,64.18,-29.25,-14.30,40.75,11.85,,45.56,-18.42,4,-2,49.01,-17.22,22.30,46.09,-7.07
665.37,0,,63.14,11.48,0,2,64.18,-29.25,-14.30,40.75,11.85,,45.64,-17.88,4,-2,49.24,-16.70,22.04,46.35,-6.29
665.49,0,,63.17,11.49,0,2,64.37,-29.27,-14.30,40.73,11.83,,45.73,-17.33,4,-2,49.35,-16.29,21.79,46.51,-5.63
665.58,0,,63.22,11.52,0,2,63.20,-29.20,-14.32,40.78,11.92,,45.84,-16.77,4,-2,49.30,-16.14,21.61,46.48,-5.30
665.67,0,,63.22,11.52,0,2,63.20,-29.20,-14.32,40.78,11.92,,45.95,-16.20,4,-2,50.02,-16.17,21.51,46.35,-5.23
665.79,0,,63.27,11.55,0,2,63.76,-29.24,-14.24,40.82,11.80,,46.08,-15.62,4,-2,50.51,-16.02,21.35,46.34,-4.92
665.88,0,,63.30,11.56,0,2,62.81,-29.20,-14.23,40.87,11.83,,46.22,-15.05,4,-2,50.33,-15.58,21.28,46.71,-4.41
665.97,0,,63.30,11.56,0,2,62.81,-29.20,-14.23,40.87,11.83,,46.36,-14.47,4,-2,50.77,-15.02,21.26,47.25,-3.83
666.09,0,,63.34,11.59,0,2,62.77,-29.12,-14.29,40.89,11.97,,46.52,-13.89,4,-2,51.40,-14.64,21.04,47.41,-3.23
666.18,0,,63.34,11.61,0,2,61.59,-29.14,-14.31,40.85,11.97,,46.69,-13.31,4,-2,52.05,-14.35,20.81,47.47,-2.71
666.30,0,,63.35,11.63,0,2,64.75,-29.07,-14.33,40.90,12.06,,46.87,-12.73,4,-2,51.45,-14.31,20.72,47.42,-2.58
666.39,0,,63.35,11.64,0,2,63.19,-29.10,-14.34,40.86,12.04,,47.06,-12.15,4,-2,51.77,-14.64,20.71,47.08,-2.90
666.48,0,,63.35,11.64,0,2,63.19,-29.10,-14.34,40.86,12.04,,47.26,-11.58,4,-2,51.69,-14.58,20.59,47.02,-2.72
666.57,0,,63.36,11.66,0,2,63.83,-29.12,-14.33,40.85,12.01,,47.47,-11.01,4,-2,51.76,-14.39,20.42,47.04,-2.36
666.69,0,,63.36,11.70,0,2,63.23,-28.96,-14.37,40.97,12.21,,47.67,-10.46,4,-2,52.46,-14.34,20.33,47.00,-2.22
666.81,0,,63.36,11.72,0,2,64.97,-28.99,-14.39,40.92,12.20,,47.89,-9.91,4,-2,52.11,-13.86,20.25,47.40,-1.66
666.87,0,,63.36,11.72,0,2,64.97,-28.99,-14.39,40.92,12.20,,48.10,-9.38,4,-2,52.62,-13.39,20.17,47.79,-1.11
666.99,0,,63.37,11.74,0,2,63.74,-28.98,-14.39,40.93,12.21,,48.32,-8.85,4,-2,53.13,-13.13,19.99,47.87,-0.67
667.08,0,,63.39,11.78,0,2,64.27,-29.12,-14.42,40.76,12.10,,48.55,-8.33,4,-2,53.14,-12.84,19.81,47.98,-0.20
667.17,0,,63.39,11.78,0,2,64.27,-29.12,-14.42,40.76,12.10,,48.77,-7.81,4,-2,53.71,-12.76,19.67,47.92,0.02
667.29,0,,63.42,11.82,0,2,62.70,-28.98,-14.38,40.94,12.20,,49.01,-7.31,4,-2,53.98,-12.56,19.42,47.87,0.47
667.38,0,,63.43,11.84,0,2,64.45,-28.94,-14.41,40.95,12.27,,49.24,-6.81,4,-2,54.10,-12.12,19.19,48.08,1.14
667.47,0,,63.43,11.84,0,2,64.45,-28.94,-14.41,40.95,12.27,,49.48,-6.32,4,-2,53.65,-11.95,19.11,48.17,1.39
667.59,0,,63.45,11.88,0,2,63.07,-29.01,-14.38,40.91,12.17,,49.72,-5.83,4,-2,54.86,-11.61,19.01,48.41,1.83
667.68,0,,63.45,11.90,0,2,62.23,-29.05,-14.39,40.86,12.14,,49.97,-5.36,4,-2,54.60,-11.06,18.86,48.81,2.53
667.80,0,,63.45,11.92,0,2,63.27,-29.03,-14.37,40.90,12.14,,50.21,-4.88,4,-2,55.44,-10.94,18.71,48.78,2.80
667.89,0,,63.45,11.92,0,2,63.27,-29.03,-14.37,40.90,12.14,,50.46,-4.41,4,-2,54.99,-10.77,18.50,48.74,3.18
667.99,0,,63.44,11.94,0,2,62.32,-28.90,-14.38,41.02,12.28,,50.71,-3.95,4,-2,55.00,-10.60,18.34,48.75,3.51
668.07,0,,63.43,11.96,0,2,63.39,-28.83,-14.31,41.16,12.28,,50.96,-3.49,4,-2,54.65,-10.83,18.24,48.42,3.38
668.19,0,,63.42,11.99,0,2,63.92,-28.90,-14.35,41.05,12.25,,51.21,-3.04,4,-2,54.85,-11.18,18.14,47.97,3.13
668.31,0,,63.41,12.01,0,2,62.39,-28.96,-14.33,41.01,12.17,,51.45,-2.60,4,-2,54.48,-11.33,18.06,47.74,3.06
668.37,0,,63.41,12.01,0,2,62.39,-28.96,-14.33,41.01,12.17,,51.68,-2.17,4,-2,55.84,-10.73,17.88,48.16,3.84
668.49,0,,63.40,12.03,0,2,63.43,-28.92,-14.30,41.08,12.18,,51.91,-1.75,4,-2,56.12,-10.15,17.75,48.61,4.55
668.58,0,,63.39,12.06,0,2,64.21,-28.75,-14.29,41.26,12.34,,52.14,-1.34,4,-2,56.15,-10.33,17.77,48.45,4.35
668.67,0,,63.39,12.06,0,2,64.21,-28.75,-14.29,41.26,12.34,,52.38,-0.95,4,-2,55.90,-10.39,17.69,48.31,4.37
668.79,0,,63.40,12.09,0,2,64.64,-28.75,-14.33,41.22,12.38,,52.60,-0.56,3,-1,55.39,-10.72,17.56,47.85,4.17
668.88,0,,63.40,12.10,0,2,62.50,-28.75,-14.39,41.16,12.44,,52.82,-0.18,3,-1,55.11,-11.34,17.40,47.07,3.71
668.97,0,,63.40,12.10,0,2,62.50,-28.75,-14.39,41.16,12.44,,53.03,0.17,3,-1,55.36,-11.45,17.27,46.83,3.73
669.09,0,,63.41,12.13,0,2,62.99,-28.79,-14.36,41.15,12.37,,53.24,0.51,3,-1,55.95,-11.39,17.16,46.78,3.90
669.18,0,,63.41,12.15,0,2,64.72,-28.72,-14.34,41.24,12.42,,53.43,0.84,3,-1,55.98,-10.81,17.04,47.24,4.60
669.30,0,,63.41,12.17,0,2,63.88,-28.61,-14.18,41.51,12.37,,53.62,1.15,3,0,56.60,-10.00,16.99,48.00,5.46
669.39,0,,63.42,12.18,0,2,62.63,-28.26,-13.98,42.06,12.52,,53.81,1.46,3,1,56.65,-9.64,16.87,48.24,5.94
669.48,0,,63.42,12.18,0,2,62.63,-28.26,-13.98,42.06,12.52,,54.00,1.76,3,1,57.23,-9.46,16.73,48.28,6.26
669.57,0,,63.42,12.20,0,2,63.97,-27.40,-13.51,43.39,12.91,,54.18,2.05,3,1,55.30,-10.74,16.66,46.93,5.05
669.69,0,,63.45,12.24,0,2,63.85,-23.66,-11.86,48.78,15.00,,54.35,2.33,3,1,54.57,-13.39,16.29,43.91,2.77
669.81,0,,63.47,12.28,0,2,64.10,-22.21,-11.59,50.50,16.18,,54.50,2.58,3,1,54.71,-14.76,15.34,41.59,2.35
669.87,0,,63.47,12.28,0,2,64.10,-22.21,-11.59,50.50,16.18,,54.64,2.81,0,2,54.58,-14.71,14.09,40.39,3.65
669.99,0,,63.49,12.33,0,2,64.16,-22.58,-11.74,49.98,15.96,,54.77,3.02,0,2,55.19,-15.00,12.67,38.68,4.78
670.08,0,,63.53,12.49,0,2,61.55,-23.17,-13.02,48.11,16.65,,54.88,3.21,0,2,55.00,-15.56,11.37,36.82,5.52
670.17,0,,63.53,12.49,0,2,61.55,-23.17,-13.02,48.11,16.65,,54.98,3.40,0,2,55.14,-15.64,10.97,36.34,5.84
670.29,0,,63.51,12.70,3,1,58.03,-23.94,-13.54,46.82,16.40,,55.08,3.58,0,2,54.14,-15.59,11.21,36.63,5.65
670.38,0,,63.47,12.83,3,1,60.13,-25.01,-14.34,44.95,16.13,,55.15,3.76,0,2,54.16,-15.80,11.22,36.43,5.43
670.47,0,,63.47,12.83,3,1,60.13,-25.01,-14.34,44.95,16.13,,55.22,3.93,0,2,54.29,-15.83,11.15,36.33,5.47
670.59,0,,63.33,13.09,3,1,60.02,-26.11,-15.49,42.70,16.18,,55.27,4.09,0,2,54.69,-15.47,11.09,36.63,5.89
670.68,0,,63.23,13.22,3,1,57.79,-25.89,-15.31,43.10,16.22,,55.31,4.24,0,2,54.80,-15.00,11.12,37.13,6.33
670.80,0,,63.11,13.36,3,1,59.94,-26.00,-15.43,42.87,16.23,,55.35,4.39,0,2,55.20,-14.40,11.47,38.08,6.58
670.89,0,,62.99,13.51,3,1,57.92,-25.78,-15.27,43.25,16.29,,55.38,4.53,0,2,55.19,-13.57,12.04,39.48,6.84
670.98,0,,62.99,13.51,3,1,57.92,-25.78,-15.27,43.25,16.29,,55.41,4.68,0,2,56.29,-12.85,12.44,40.60,7.16
671.07,0,,62.85,13.65,3,1,58.68,-25.88,-15.33,43.09,16.25,,55.44,4.82,0,2,56.02,-12.64,12.45,40.82,7.36
671.19,0,,62.54,13.93,3,1,58.44,-26.27,-15.30,42.73,15.83,,55.47,4.96,0,2,56.89,-12.36,12.44,41.09,7.65
671.31,0,,62.37,14.07,3,1,59.78,-26.64,-15.29,42.37,15.45,,55.50,5.11,0,2,56.62,-11.69,12.53,41.85,8.23
671.37,0,,62.37,14.07,3,1,59.78,-26.64,-15.29,42.37,15.45,,55.54,5.25,0,2,56.86,-11.09,12.58,42.50,8.78
671.49,0,,62.20,14.20,3,1,58.97,-27.26,-15.10,41.94,14.64,,55.58,5.41,0,2,57.72,-10.69,12.49,42.81,9.27
671.58,0,,61.85,14.42,3,1,57.75,-28.18,-15.16,40.96,13.78,,55.63,5.56,0,2,57.99,-10.36,12.24,42.89,9.85
671.67,0,,61.85,14.42,3,1,57.75,-28.18,-15.16,40.96,13.78,,55.69,5.73,0,2,57.90,-10.08,12.13,43.06,10.24
671.79,0,,61.49,14.60,3,0,58.58,-27.92,-16.08,40.30,14.96,,55.75,5.91,0,2,58.62,-9.89,12.04,43.16,10.52
671.88,0,,61.32,14.67,3,0,58.38,-27.69,-16.28,40.33,15.39,,55.82,6.09,0,2,58.15,-9.59,11.96,43.38,10.90
672.01,0,,61.32,14.67,3,0,58.38,-27.69,-16.28,40.33,15.39,,55.91,6.28,0,2,58.87,-9.06,12.00,43.95,11.39
672.09,0,,60.97,14.80,3,0,56.83,-28.42,-16.17,39.71,14.55,,55.99,6.49,0,2,58.78,-8.45,11.87,44.43,12.13
672.18,0,,60.79,14.85,3,-1,56.59,-28.63,-16.09,39.58,14.26,,56.09,6.70,0,2,59.22,-8.00,11.69,44.70,12.76
672.30,0,,60.61,14.90,3,-1,56.78,-28.70,-15.92,39.68,14.02,,56.20,6.93,0,2,59.71,-7.66,11.66,45.01,13.13
672.39,0,,60.42,14.94,3,-1,56.55,-28.67,-15.77,39.86,13.90,,56.31,7.17,0,2,59.74,-7.29,11.61,45.33,13.55
672.48,0,,60.42,14.94,3,-1,56.55,-28.67,-15.77,39.86,13.90,,56.43,7.42,0,2,60.09,-7.04,11.55,45.52,13.86
672.57,0,,60.23,14.96,3,-1,55.91,-28.58,-15.72,40.00,13.94,,56.56,7.68,0,2,60.49,-6.81,11.52,45.72,14.12
672.69,0,,59.84,14.99,3,-1,55.90,-28.30,-15.33,40.67,13.83,,56.70,7.95,0,2,60.21,-6.48,11.40,45.93,14.57
672.81,0,,59.64,14.99,3,-1,56.09,-28.37,-15.28,40.65,13.71,,56.85,8.23,0,2,60.44,-5.89,11.33,46.45,15.23
672.87,0,,59.64,14.99,3,-1,56.09,-28.37,-15.28,40.65,13.71,,57.00,8.53,0,2,60.55,-5.34,11.24,46.91,15.87
672.99,0,,59.44,14.98,3,-1,58.22,-28.44,-15.23,40.63,13.59,,57.15,8.83,0,2,61.03,-5.21,10.95,46.75,16.29
673.08,0,,59.07,14.95,3,-1,57.26,-28.78,-15.28,40.24,13.30,,57.32,9.15,0,2,61.05,-5.18,10.73,46.56,16.54
673.17,0,,59.07,14.95,3,-1,57.26,-28.78,-15.28,40.24,13.30,,57.48,9.48,0,2,61.40,-5.17,10.59,46.43,16.69
673.29,0,,58.73,14.89,3,-1,54.46,-28.64,-15.02,40.64,13.18,,57.66,9.81,0,2,61.47,-5.09,10.28,46.20,17.08
673.38,0,,58.56,14.84,3,-1,55.90,-28.66,-15.14,40.50,13.28,,57.83,10.15,0,2,61.45,-4.98,10.03,46.06,17.44
673.47,0,,58.56,14.84,3,-1,55.90,-28.66,-15.14,40.50,13.28,,58.01,10.50,0,2,61.46,-5.11,9.95,45.85,17.39
673.59,0,,58.23,14.75,4,-2,56.22,-28.68,-15.50,40.12,13.62,,58.19,10.85,0,2,61.59,-4.88,9.84,45.97,17.73
673.68,0,,58.08,14.70,4,-2,54.92,-28.86,-15.46,39.98,13.40,,58.37,11.21,0,2,61.27,-4.41,9.69,46.29,18.35
673.80,0,,57.93,14.65,4,-2,57.20,-29.07,-15.57,39.66,13.30,,58.55,11.57,0,2,61.47,-4.32,9.48,46.17,18.65
673.89,0,,57.79,14.59,4,-2,57.44,-29.07,-15.72,39.51,13.45,,58.73,11.93,0,2,61.80,-4.23,9.23,46.01,18.99
673.98,0,,57.79,14.59,4,-2,57.44,-29.07,-15.72,39.51,13.45,,58.91,12.30,0,2,62.14,-4.15,9.12,45.98,19.18
674.07,0,,57.66,14.54,4,-2,57.53,-28.89,-15.75,39.66,13.66,,59.08,12.66,0,2,62.00,-4.10,9.05,45.96,19.30
674.19,0,,57.44,14.43,4,-2,57.40,-28.98,-15.70,39.62,13.52,,59.26,13.03,0,2,62.14,-4.23,8.86,45.64,19.36
674.31,0,,57.34,14.37,4,-2,55.14,-29.21,-15.64,39.45,13.23,,59.43,13.40,0,2,62.14,-4.50,8.49,45.00,19.46
674.37,0,,57.34,14.37,4,-2,55.14,-29.21,-15.64,39.45,13.23,,59.60,13.76,0,2,62.29,-4.19,8.21,45.03,20.05
674.49,0,,57.25,14.32,4,-2,55.69,-29.46,-15.56,39.28,12.90,,59.77,14.12,0,2,63.07,-3.75,8.08,45.34,20.62
674.59,0,,57.06,14.20,4,-2,57.93,-29.73,-15.58,38.99,12.65,,59.94,14.48,0,2,62.93,-3.72,7.88,45.17,20.85
674.67,0,,57.06,14.20,4,-2,57.93,-29.73,-15.58,38.99,12.65,,60.11,14.84,0,2,62.87,-3.65,7.86,45.22,20.94
674.79,0,,56.89,14.07,4,-2,55.14,-29.62,-15.94,38.74,13.12,,60.28,15.20,0,2,63.00,-3.59,7.92,45.34,20.94
674.88,0,,56.81,14.01,4,-2,56.78,-29.63,-15.79,38.88,12.96,,60.45,15.56,0,2,62.49,-3.61,7.88,45.28,20.96
674.97,0,,56.81,14.01,4,-2,56.78,-29.63,-15.79,38.88,12.96,,60.61,15.90,0,2,62.22,-3.68,8.04,45.37,20.73
675.09,0,,56.68,13.88,4,-2,59.14,-29.03,-16.38,38.89,14.15,,60.76,16.24,0,2,63.23,-3.47,8.31,45.85,20.67
675.18,0,,56.64,13.83,4,-2,57.29,-28.44,-15.38,40.48,13.74,,60.91,16.57,0,2,62.80,-2.75,8.47,46.73,21.23
675.30,0,,56.62,13.78,4,-2,58.18,-28.81,-15.06,40.43,13.05,,61.06,16.90,0,2,63.13,-2.44,8.54,47.11,21.47
675.39,0,,56.61,13.73,4,-2,58.26,-27.78,-15.38,41.14,14.40,,61.20,17.21,0,2,63.54,-2.57,8.48,46.92,21.40
675.48,0,,56.61,13.73,4,-2,58.26,-27.78,-15.38,41.14,14.40,,61.35,17.52,0,2,63.77,-2.45,8.40,46.96,21.60
675.57,0,,56.61,13.69,4,-2,61.02,-27.18,-15.87,41.25,15.49,,61.49,17.82,0,2,63.27,-2.44,8.30,46.87,21.71
675.69,0,,56.68,13.66,4,-2,61.35,-27.62,-17.49,39.19,16.67,,61.62,18.11,0,2,63.51,-2.57,8.14,46.58,21.74
675.81,0,,56.75,13.67,4,-2,63.39,-29.04,-17.78,37.48,15.54,,61.76,18.39,0,2,63.12,-2.62,8.00,46.39,21.83
675.87,0,,56.75,13.67,4,-2,63.39,-29.04,-17.78,37.48,15.54,,61.88,18.66,0,2,63.89,-2.46,7.95,46.50,22.04
675.99,0,,56.85,13.69,4,-2,61.90,-28.91,-17.79,37.60,15.68,,62.01,18.92,0,2,63.79,-2.07,7.93,46.87,22.45
676.08,0,,57.12,13.77,4,-2,63.46,-27.24,-16.69,40.37,16.25,,62.13,19.18,0,2,63.70,-2.13,7.76,46.64,22.56
676.17,0,,57.12,13.77,4,-2,63.46,-27.24,-16.69,40.37,16.25,,62.25,19.42,0,2,64.13,-2.47,7.54,46.08,22.44
676.29,0,,57.45,13.88,4,-2,64.48,-27.77,-17.55,38.98,16.58,,62.37,19.66,0,2,63.94,-2.63,7.28,45.66,22.54
676.38,0,,57.64,13.95,4,-2,63.38,-26.68,-17.01,40.61,17.13,,62.48,19.89,0,2,62.93,-3.08,7.04,44.97,22.33
676.47,0,,57.64,13.95,4,-2,63.38,-26.68,-17.01,40.61,17.13,,62.59,20.11,0,2,62.96,-3.74,6.89,44.16,21.82
676.59,0,,58.04,14.12,4,-2,60.08,-24.18,-14.66,45.46,17.28,,62.68,20.32,0,2,63.63,-4.26,6.68,43.43,21.51
676.68,0,,58.24,14.22,4,-2,61.67,-25.80,-15.54,42.96,16.54,,62.77,20.51,0,2,62.60,-4.87,6.45,42.59,21.13
676.80,0,,58.44,14.33,4,-2,61.79,-25.80,-15.47,43.03,16.47,,62.86,20.69,0,2,62.70,-5.29,6.32,42.04,20.84
676.89,0,,58.63,14.43,4,-2,61.18,-23.94,-14.58,45.78,17.44,,62.93,20.85,0,2,62.49,-5.29,6.21,41.93,20.95
676.98,0,,58.63,14.43,4,-2,61.18,-23.94,-14.58,45.78,17.44,,62.99,20.99,0,2,62.59,-5.22,6.17,41.96,21.06
677.07,0,,58.82,14.54,4,-2,61.92,-22.30,-13.23,48.77,17.73,,63.04,21.12,0,2,62.67,-5.13,6.20,42.08,21.12
677.19,0,,59.19,14.78,4,-2,62.60,-22.67,-13.37,48.26,17.50,,63.09,21.23,0,2,62.93,-5.08,6.20,42.13,21.17
677.31,0,,59.38,14.91,4,-2,63.27,-23.93,-13.78,46.59,16.65,,63.13,21.33,0,2,62.43,-5.31,6.27,41.97,20.87
677.37,0,,59.38,14.91,4,-2,63.27,-23.93,-13.78,46.59,16.65,,63.16,21.42,0,2,62.40,-5.59,6.47,41.89,20.39
677.49,0,,59.57,15.03,4,-2,61.91,-25.37,-14.74,44.19,16.17,,63.18,21.50,0,2,62.45,-5.39,6.68,42.30,20.38
677.58,0,,59.94,15.26,4,-2,62.46,-25.63,-15.30,43.37,16.47,,63.20,21.56,0,2,62.77,-4.81,6.86,43.06,20.78
677.67,0,,59.94,15.26,4,-2,62.46,-25.63,-15.30,43.37,16.47,,63.21,21.60,0,2,62.75,-4.71,6.97,43.27,20.77
677.79,0,,60.32,15.47,4,-2,66.24,-27.13,-17.41,39.76,17.08,,63.22,21.64,0,2,62.63,-4.85,6.93,43.09,20.67
677.88,0,,60.52,15.57,4,-2,65.12,-27.13,-17.66,39.51,17.33,,63.22,21.67,0,2,62.40,-4.77,7.00,43.24,20.68
677.97,0,,60.52,15.57,4,-2,65.12,-27.13,-17.66,39.51,17.33,,63.22,21.69,0,2,62.65,-4.76,7.15,43.40,20.54
678.09,0,,60.94,15.77,4,-2,64.52,-27.26,-17.65,39.39,17.19,,63.22,21.70,0,2,62.48,-4.68,7.26,43.59,20.51
678.18,0,,61.14,15.86,4,-2,63.27,-27.36,-17.69,39.25,17.13,,63.21,21.70,0,2,62.99,-4.69,7.31,43.63,20.45
678.30,0,,61.34,15.95,4,-2,63.42,-27.88,-17.81,38.61,16.73,,63.20,21.70,0,2,62.90,-4.87,7.27,43.41,20.31
678.39,0,,61.52,16.04,4,-2,63.07,-28.02,-18.34,37.94,17.12,,63.19,21.69,0,2,62.98,-4.70,7.30,43.61,20.45
678.48,0,,61.52,16.04,4,-2,63.07,-28.02,-18.34,37.94,17.12,,63.18,21.67,0,2,62.97,-4.47,7.40,43.94,20.58
678.57,0,,61.70,16.12,4,-2,62.63,-29.29,-18.96,36.05,16.47,,63.17,21.64,0,2,62.66,-4.79,7.34,43.56,20.32
678.69,0,,62.03,16.26,4,-2,63.23,-32.19,-20.27,31.84,14.88,,63.16,21.62,0,2,62.31,-5.37,7.12,42.76,19.96
678.81,0,,62.18,16.31,4,-2,62.79,-31.19,-19.72,33.39,15.33,,63.14,21.58,0,2,61.76,-5.74,6.84,42.11,19.87
678.87,0,,62.18,16.31,4,-2,62.79,-31.19,-19.72,33.39,15.33,,63.12,21.54,0,2,61.97,-6.15,6.60,41.46,19.70
678.99,0,,62.32,16.34,4,-2,63.05,-30.90,-19.24,34.16,15.14,,63.09,21.49,0,2,60.46,-8.01,5.83,38.83,18.61
679.08,0,,62.55,16.38,4,-2,62.20,-31.20,-18.93,34.17,14.53,,63.06,21.43,0,2,61.24,-10.19,4.46,35.28,17.80
679.17,0,,62.55,16.38,4,-2,62.20,-31.20,-18.93,34.17,14.53,,63.01,21.36,0,2,61.90,-9.46,4.32,35.87,18.67
679.29,0,,62.70,16.37,3,-1,61.05,-31.01,-19.11,34.18,14.90,,62.96,21.27,0,2,61.74,-7.82,5.42,38.61,19.21
679.38,0,,62.75,16.36,3,-1,61.32,-31.01,-19.05,34.24,14.84,,62.91,21.19,0,2,61.41,-7.81,5.85,39.05,18.79
679.47,0,,62.75,16.36,3,-1,61.32,-31.01,-19.05,34.24,14.84,,62.86,21.10,0,2,61.45,-7.46,5.89,39.44,19.10
679.59,0,,62.80,16.29,3,-1,59.63,-30.95,-18.92,34.43,14.77,,62.81,21.01,0,2,61.70,-7.75,5.79,39.05,18.91
679.68,0,,62.81,16.25,3,-1,61.29,-30.78,-18.67,34.85,14.69,,62.75,20.91,0,2,61.61,-8.36,5.44,38.09,18.65
679.80,0,,62.80,16.21,3,-1,62.02,-30.26,-18.38,35.66,14.92,,62.69,20.81,0,2,62.08,-7.63,5.62,39.00,19.20
679.89,0,,62.79,16.16,3,-1,64.10,-29.06,-18.29,36.95,16.03,,62.64,20.71,0,2,62.37,-7.00,5.80,39.81,19.65
679.98,0,,62.79,16.16,3,-1,64.10,-29.06,-18.29,36.95,16.03,,62.59,20.62,0,2,61.95,-7.03,5.75,39.73,19.67
680.07,0,,62.79,16.12,3,-1,62.85,-30.58,-19.08,34.64,15.30,,62.54,20.53,0,2,62.74,-6.82,6.04,40.23,19.59
680.19,0,,62.78,16.02,3,-1,63.15,-29.81,-18.29,36.20,15.28,,62.50,20.45,0,2,62.81,-6.16,6.52,41.37,19.77
680.31,0,,62.79,15.98,3,-1,63.54,-27.01,-16.24,41.05,16.03,,62.46,20.36,0,2,61.93,-5.97,6.85,41.89,19.63
680.37,0,,62.79,15.98,3,-1,63.54,-27.01,-16.24,41.05,16.03,,62.43,20.29,0,2,62.65,-6.25,6.88,41.64,19.32
680.49,0,,62.79,15.93,3,-1,63.18,-27.90,-16.36,40.04,15.26,,62.39,20.21,0,2,62.56,-6.00,6.87,41.88,19.58
680.58,0,,62.80,15.85,3,-1,62.04,-28.99,-17.14,38.17,14.95,,62.37,20.14,0,2,62.59,-5.51,6.99,42.49,19.95
680.67,0,,62.80,15.85,3,-1,62.04,-28.99,-17.14,38.17,14.95,,62.35,20.08,0,2,62.93,-5.48,7.01,42.54,19.96
680.79,0,,62.80,15.76,3,-1,61.70,-29.56,-17.57,37.17,14.81,,62.33,20.02,0,2,63.12,-5.43,6.99,42.57,20.03
680.88,0,,62.79,15.71,3,-1,60.11,-29.80,-17.58,36.92,14.58,,62.32,19.97,0,2,62.77,-5.23,7.04,42.82,20.18
680.97,0,,62.79,15.71,3,-1,60.11,-29.80,-17.58,36.92,14.58,,62.31,19.93,0,2,63.26,-5.20,7.04,42.85,20.21
681.09,0,,62.75,15.61,3,-1,62.51,-29.45,-17.78,37.07,15.13,,62.31,19.89,0,2,62.35,-5.24,7.05,42.82,20.16
681.18,0,,62.72,15.56,3,-1,62.08,-29.66,-17.62,37.02,14.76,,62.31,19.85,0,2,62.95,-5.09,7.12,43.04,20.24
681.30,0,,62.70,15.51,3,-1,61.87,-29.91,-17.29,37.10,14.18,,62.32,19.83,0,2,63.23,-4.71,7.10,43.40,20.64
681.39,0,,62.67,15.46,3,-1,60.70,-29.43,-17.39,37.48,14.76,,62.32,19.81,0,2,62.95,-4.55,7.12,43.58,20.78
681.48,0,,62.67,15.46,3,-1,60.70,-29.43,-17.39,37.48,14.76,,62.34,19.80,0,2,63.50,-4.59,7.12,43.54,20.74
681.57,0,,62.63,15.41,3,-1,61.80,-29.30,-17.28,37.72,14.78,,62.35,19.79,0,2,63.02,-4.57,7.06,43.50,20.82
681.69,0,,62.55,15.31,0,2,61.81,-29.33,-17.11,37.86,14.58,,62.37,19.79,0,2,63.27,-4.70,7.06,43.37,20.69
681.81,0,,62.51,15.27,0,2,62.58,-29.52,-17.17,37.61,14.45,,62.39,19.80,0,2,63.20,-4.74,7.04,43.31,20.67
681.87,0,,62.51,15.27,0,2,62.58,-29.52,-17.17,37.61,14.45,,62.42,19.81,0,2,62.96,-4.48,7.04,43.57,20.93
681.99,0,,62.48,15.22,0,2,62.57,-29.60,-17.28,37.42,14.48,,62.45,19.82,0,2,63.67,-4.27,7.07,43.81,21.11
682.08,0,,62.42,15.13,0,2,63.14,-28.79,-17.28,38.23,15.29,,62.47,19.85,0,2,63.35,-4.29,7.08,43.80,21.08
682.17,0,,62.42,15.13,0,2,63.14,-28.79,-17.28,38.23,15.29,,62.51,19.87,0,2,63.63,-4.30,7.06,43.77,21.09
682.29,0,,62.40,15.06,0,2,63.31,-28.69,-17.27,38.34,15.38,,62.54,19.90,0,2,63.55,-4.31,6.98,43.68,21.16
682.38,0,,62.39,15.03,0,2,61.10,-29.05,-17.10,38.15,14.85,,62.58,19.94,0,2,63.04,-4.49,6.97,43.49,20.99
682.47,0,,62.39,15.03,0,2,61.10,-29.05,-17.10,38.15,14.85,,62.61,19.98,0,2,64.03,-4.46,7.04,43.59,20.95
682.59,0,,62.36,14.97,0,2,60.87,-29.49,-16.98,37.83,14.29,,62.65,20.02,0,2,63.08,-4.13,7.07,43.95,21.25
682.68,0,,62.33,14.94,0,2,61.49,-29.70,-16.90,37.70,14.00,,62.69,20.06,0,2,63.26,-4.09,7.08,44.00,21.28
682.80,0,,62.30,14.91,0,2,60.98,-29.77,-16.78,37.75,13.81,,62.73,20.10,0,2,63.12,-4.16,7.07,43.92,21.22
682.89,0,,62.27,14.88,0,2,61.99,-29.04,-16.96,38.30,14.72,,62.77,20.15,0,2,63.27,-4.08,7.03,43.96,21.34
682.98,0,,62.27,14.88,0,2,61.99,-29.04,-16.96,38.30,14.72,,62.80,20.20,0,2,63.55,-4.17,7.00,43.84,21.28
683.07,0,,62.24,14.84,0,2,62.79,-28.88,-16.97,38.45,14.89,,62.84,20.25,0,2,63.39,-4.34,6.97,43.64,21.14
683.19,0,,62.18,14.79,0,2,61.34,-28.80,-16.87,38.63,14.87,,62.87,20.30,0,2,63.62,-4.22,6.95,43.74,21.28
683.31,0,,62.14,14.76,0,2,60.78,-29.15,-16.78,38.37,14.43,,62.91,20.35,0,2,63.21,-4.01,6.96,43.96,21.48
683.37,0,,62.14,14.76,0,2,60.78,-29.15,-16.78,38.37,14.43,,62.94,20.40,0,1,63.44,-4.04,6.98,43.95,21.43
683.49,0,,62.11,14.74,0,2,61.67,-29.38,-16.71,38.21,14.13,,62.98,20.45,0,1,63.62,-4.11,6.92,43.82,21.42
683.58,0,,62.03,14.69,0,2,61.15,-29.22,-16.80,38.28,14.38,,63.01,20.50,0,1,63.61,-4.17,6.88,43.72,21.40
683.67,0,,62.03,14.69,0,2,61.15,-29.22,-16.80,38.28,14.38,,63.04,20.56,0,1,63.29,-4.35,6.94,43.60,21.16
683.82,0,,61.97,14.65,0,2,62.95,-28.77,-16.98,38.55,15.01,,63.07,20.61,0,1,62.92,-4.50,6.92,43.43,21.03
683.88,0,,61.95,14.63,0,2,63.95,-28.74,-16.90,38.66,14.96,,63.10,20.65,0,1,63.78,-4.44,6.93,43.50,21.08
683.97,0,,61.95,14.63,0,2,63.95,-28.74,-16.90,38.66,14.96,,63.13,20.70,0,1,62.88,-4.24,6.97,43.74,21.24
684.09,0,,61.94,14.60,0,2,62.08,-28.76,-16.65,38.89,14.69,,63.15,20.74,0,1,62.85,-4.25,6.98,43.74,21.22
684.18,0,,61.94,14.60,0,2,62.08,-28.76,-16.65,38.89,14.69,,63.17,20.78,0,1,63.18,-4.38,6.98,43.61,21.09
684.30,0,,61.92,14.57,0,2,60.70,-29.44,-16.22,38.64,13.58,,63.19,20.82,0,1,63.61,-4.45,6.95,43.51,21.05
684.39,0,,61.91,14.56,0,2,62.73,-28.99,-16.33,38.98,14.14,,63.21,20.86,0,1,62.99,-4.61,6.97,43.37,20.87
684.48,0,,61.91,14.56,0,2,62.73,-28.99,-16.33,38.98,14.14,,63.22,20.89,0,1,62.95,-4.75,6.98,43.24,20.72
684.57,0,,61.89,14.54,0,2,60.06,-28.76,-16.27,39.27,14.31,,63.24,20.92,0,1,63.06,-4.84,6.98,43.15,20.63
684.69,0,,61.85,14.50,0,2,60.48,-28.82,-16.21,39.27,14.19,,63.25,20.94,0,1,63.01,-4.77,7.01,43.25,20.67
684.81,0,,61.82,14.48,0,2,58.36,-29.13,-16.14,39.03,13.81,,63.25,20.96,0,1,62.99,-4.67,7.07,43.41,20.71
684.87,0,,61.82,14.48,0,2,58.36,-29.13,-16.14,39.03,13.81,,63.26,20.97,0,1,62.87,-4.81,7.15,43.35,20.49
684.99,0,,61.78,14.46,0,2,59.82,-29.38,-15.94,38.98,13.36,,63.26,20.99,0,1,63.08,-4.90,7.18,43.29,20.37
685.08,0,,61.68,14.41,0,2,60.85,-29.27,-15.85,39.18,13.38,,63.26,20.99,0,1,62.66,-4.94,7.16,43.23,20.35
685.17,0,,61.68,14.41,0,2,60.85,-29.27,-15.85,39.18,13.38,,63.26,20.99,0,1,62.72,-5.16,7.19,43.04,20.10
685.32,0,,61.57,14.35,0,2,60.38,-28.95,-16.04,39.31,13.89,,63.25,20.99,0,1,62.92,-5.36,7.24,42.89,19.85
685.38,0,,61.51,14.31,0,2,59.54,-29.08,-15.96,39.26,13.68,,63.25,20.98,0,1,62.83,-5.43,7.26,42.84,19.76
685.47,0,,61.51,14.31,0,2,59.54,-29.08,-15.96,39.26,13.68,,63.24,20.96,1,0,63.11,-5.43,7.33,42.91,19.69
685.59,0,,61.39,14.24,0,2,60.33,-28.85,-15.90,39.55,13.85,,63.23,20.94,1,0,62.83,-5.37,7.41,43.05,19.67
685.68,0,,61.33,14.21,0,2,59.99,-28.94,-15.70,39.66,13.56,,63.22,20.92,1,0,62.43,-5.44,7.45,43.02,19.56
685.80,0,,61.26,14.17,0,2,59.41,-29.23,-15.53,39.54,13.10,,63.20,20.88,1,0,62.39,-5.64,7.51,42.88,19.30
685.89,0,,61.20,14.14,0,2,60.10,-28.78,-15.70,39.82,13.72,,63.19,20.85,1,0,62.57,-5.70,7.57,42.88,19.18
685.98,0,,61.20,14.14,0,2,60.10,-28.78,-15.70,39.82,13.72,,63.17,20.80,1,0,63.26,-5.82,7.61,42.80,19.02
686.07,0,,61.13,14.10,3,1,61.20,-28.89,-15.78,39.63,13.69,,63.15,20.75,1,0,62.46,-6.09,7.66,42.58,18.70
686.19,0,,61.02,14.03,3,1,61.40,-28.85,-16.06,39.39,14.01,,63.13,20.70,1,0,62.67,-6.24,7.67,42.44,18.54
686.31,0,,60.98,14.00,3,1,60.87,-29.18,-16.14,38.98,13.76,,63.11,20.63,1,0,62.23,-6.25,7.71,42.47,18.49
686.37,0,,60.98,14.00,3,1,60.87,-29.18,-16.14,38.98,13.76,,63.09,20.56,1,0,62.66,-6.21,7.82,42.62,18.42
686.49,0,,60.94,13.97,3,1,60.51,-29.50,-16.25,38.55,13.55,,63.07,20.49,1,0,61.80,-6.22,7.86,42.65,18.37
686.58,0,,60.89,13.92,3,1,60.86,-29.62,-16.57,38.11,13.75,,63.04,20.41,1,0,62.58,-6.28,7.94,42.67,18.23
686.67,0,,60.89,13.92,3,1,60.86,-29.62,-16.57,38.11,13.75,,63.01,20.33,1,0,62.09,-6.33,8.03,42.71,18.09
686.82,0,,60.84,13.87,3,1,60.38,-29.36,-16.34,38.60,13.78,,62.99,20.24,1,0,62.88,-6.41,7.99,42.59,18.05
686.88,0,,60.82,13.85,3,0,60.30,-29.67,-16.34,38.29,13.47,,62.96,20.15,1,0,62.29,-6.55,8.05,42.51,17.85
686.97,0,,60.82,13.85,3,0,60.30,-29.67,-16.34,38.29,13.47,,62.93,20.05,1,0,62.03,-6.68,8.20,42.53,17.57
687.09,0,,60.78,13.80,3,-1,60.16,-29.89,-16.51,37.90,13.42,,62.90,19.95,1,0,62.05,-6.81,8.22,42.42,17.42
687.18,0,,60.76,13.78,3,-1,61.41,-29.88,-16.53,37.89,13.45,,62.87,19.85,1,0,62.38,-6.81,8.28,42.48,17.36
687.30,0,,60.74,13.75,3,-1,60.53,-29.74,-16.32,38.24,13.38,,62.83,19.74,1,0,61.79,-6.68,8.40,42.73,17.37
687.39,0,,60.73,13.73,3,-1,61.86,-29.14,-16.36,38.80,14.02,,62.80,19.63,1,0,62.18,-6.65,8.48,42.84,17.32
687.48,0,,60.73,13.73,3,-1,61.86,-29.14,-16.36,38.80,14.02,,62.77,19.52,1,0,62.30,-6.66,8.52,42.87,17.27
687.57,0,,60.72,13.71,3,-1,61.87,-29.04,-16.35,38.91,14.11,,62.73,19.41,1,0,62.35,-6.59,8.53,42.95,17.33
687.69,0,,60.73,13.68,3,-1,60.86,-29.63,-16.57,38.10,13.74,,62.70,19.29,1,0,61.90,-6.65,8.54,42.90,17.26
687.81,0,,60.74,13.67,3,-1,60.22,-30.00,-16.57,37.73,13.37,,62.66,19.18,1,0,61.66,-6.75,8.61,42.87,17.09
687.87,0,,60.74,13.67,3,-1,60.22,-30.00,-16.57,37.73,13.37,,62.63,19.06,1,0,61.15,-6.87,8.68,42.82,16.90
687.99,0,,60.74,13.66,3,-1,59.95,-30.04,-16.51,37.75,13.27,,62.59,18.95,1,0,61.70,-6.96,8.74,42.79,16.75
688.09,0,,60.73,13.63,3,-1,61.67,-29.90,-16.42,37.98,13.32,,62.55,18.83,1,0,61.92,-6.79,8.75,42.97,16.91
688.17,0,,60.73,13.63,3,-1,61.67,-29.90,-16.42,37.98,13.32,,62.51,18.72,1,0,61.89,-6.65,8.76,43.12,17.04
688.32,0,,60.73,13.61,3,-1,62.11,-29.61,-16.40,38.29,13.59,,62.47,18.61,1,0,61.86,-6.69,8.81,43.13,16.95
688.38,0,,60.74,13.59,3,-1,61.67,-29.62,-16.39,38.29,13.57,,62.43,18.50,1,0,61.64,-6.74,8.85,43.12,16.86
688.47,0,,60.74,13.59,3,-1,61.67,-29.62,-16.39,38.29,13.57,,62.39,18.39,1,0,61.82,-6.78,8.87,43.10,16.80
688.59,0,,60.75,13.57,3,-1,61.06,-29.87,-16.36,38.07,13.29,,62.35,18.28,1,0,61.33,-6.82,8.86,43.05,16.77
688.68,0,,60.76,13.56,3,-1,60.38,-29.83,-16.38,38.09,13.35,,62.31,18.18,1,0,62.43,-6.90,8.85,42.96,16.70
688.80,0,,60.76,13.55,3,-1,60.28,-29.82,-16.36,38.12,13.34,,62.27,18.08,1,0,61.26,-7.04,8.86,42.83,16.55
688.89,0,,60.76,13.54,3,-1,60.79,-29.73,-16.34,38.23,13.41,,62.23,17.98,1,0,61.78,-7.08,8.89,42.82,16.48
688.98,0,,60.76,13.54,3,-1,60.79,-29.73,-16.34,38.23,13.41,,62.20,17.88,1,0,61.41,-6.89,8.91,43.03,16.65
689.07,0,,60.76,13.53,3,-1,60.54,-29.65,-16.34,38.31,13.49,,62.16,17.78,1,0,61.90,-6.76,8.98,43.23,16.71
689.19,0,,60.74,13.50,3,0,58.48,-29.83,-16.29,38.18,13.26,,62.12,17.69,1,0,61.75,-6.81,9.04,43.24,16.60
689.31,0,,60.72,13.49,3,0,59.67,-29.91,-16.30,38.09,13.19,,62.09,17.61,1,0,62.23,-6.74,9.01,43.28,16.70
689.37,0,,60.72,13.49,3,0,59.67,-29.91,-16.30,38.09,13.19,,62.06,17.52,1,0,61.84,-6.74,9.00,43.27,16.71
689.49,0,,60.70,13.48,3,0,61.27,-29.91,-16.31,38.08,13.20,,62.03,17.44,1,0,62.06,-6.86,8.99,43.14,16.60
689.58,0,,60.66,13.46,3,0,60.14,-29.86,-16.25,38.19,13.19,,62.01,17.36,1,0,62.11,-6.90,8.98,43.09,16.57
689.67,0,,60.66,13.46,3,0,60.14,-29.86,-16.25,38.19,13.19,,61.99,17.29,1,0,61.74,-6.99,8.98,43.00,16.48
689.82,0,,60.62,13.43,3,0,59.53,-29.77,-16.27,38.26,13.30,,61.97,17.22,1,0,61.40,-7.01,9.01,43.01,16.43
689.88,0,,60.60,13.42,3,0,61.39,-29.81,-16.25,38.24,13.24,,61.95,17.15,1,0,61.97,-6.84,9.06,43.23,16.55
689.97,0,,60.60,13.42,3,0,61.39,-29.81,-16.25,38.24,13.24,,61.93,17.09,1,0,62.06,-6.77,9.07,43.31,16.61
690.09,0,,60.56,13.40,3,0,59.95,-29.96,-16.34,38.00,13.18,,61.91,17.03,1,0,62.59,-6.81,9.14,43.34,16.50
690.18,0,,60.54,13.39,3,0,60.96,-30.02,-16.45,37.83,13.23,,61.90,16.97,1,0,61.64,-6.79,9.15,43.37,16.51
690.31,0,,60.53,13.38,3,1,61.29,-29.88,-16.49,37.93,13.41,,61.89,16.92,1,0,62.17,-6.85,9.14,43.30,16.46
690.39,0,,60.51,13.37,3,-1,56.68,-29.82,-15.70,38.78,12.68,,61.88,16.87,1,0,61.48,-6.95,9.17,43.23,16.33
690.48,0,,60.51,13.37,3,-1,56.68,-29.82,-15.70,38.78,12.68,,61.87,16.82,1,0,62.06,-7.00,9.19,43.20,16.26
690.57,0,,60.48,13.35,3,-1,54.99,-29.52,-13.94,40.84,11.22,,61.86,16.77,1,0,61.71,-7.08,9.21,43.14,16.16
690.69,0,,60.32,13.30,3,-1,54.22,-27.65,-12.56,44.09,11.71,,61.85,16.73,1,0,61.22,-7.07,9.25,43.19,16.13
690.82,0,,60.20,13.26,3,-1,56.03,-26.66,-12.35,45.29,12.49,,61.84,16.68,1,0,61.45,-6.91,9.30,43.40,16.24
690.87,0,,60.20,13.26,3,-1,56.03,-26.66,-12.35,45.29,12.49,,61.83,16.64,2,-1,61.40,-6.92,9.31,43.40,16.22
690.99,0,,60.08,13.22,3,-1,62.06,-24.94,-12.53,46.83,14.39,,61.82,16.60,2,-1,61.33,-7.08,9.33,43.26,16.04
691.08,0,,59.97,13.19,3,-1,63.06,-25.33,-14.18,44.79,15.65,,61.81,16.56,2,-1,61.78,-7.10,9.34,43.25,16.01
691.17,0,,59.89,13.18,3,-1,62.47,-27.51,-15.84,40.95,15.13,,61.79,16.52,2,-1,61.81,-7.14,9.34,43.21,15.97
691.32,0,,59.80,13.18,3,-1,62.02,-28.77,-16.33,39.20,14.36,,61.78,16.48,2,-1,61.82,-7.29,9.35,43.07,15.81
691.38,0,,59.77,13.20,3,-1,61.94,-28.76,-16.34,39.20,14.38,,61.77,16.45,2,-1,61.30,-7.47,9.38,42.92,15.60
691.47,0,,59.77,13.20,3,-1,61.94,-28.76,-16.34,39.20,14.38,,61.76,16.41,2,-1,61.60,-7.52,9.43,42.92,15.50
691.59,0,,59.76,13.24,3,-1,60.66,-29.16,-16.35,38.79,13.99,,61.75,16.37,2,-1,61.88,-7.36,9.41,43.06,15.68
691.68,0,,59.77,13.27,3,-1,60.01,-29.40,-16.38,38.52,13.78,,61.74,16.33,2,-1,60.75,-7.34,9.48,43.15,15.63
691.80,0,,59.78,13.29,3,-1,60.55,-29.31,-16.36,38.63,13.85,,61.72,16.29,2,-1,61.11,-7.42,9.55,43.14,15.48
691.89,0,,59.80,13.32,3,-1,60.84,-29.28,-16.45,38.57,13.97,,61.71,16.25,2,-1,61.43,-7.37,9.50,43.14,15.58
691.98,0,,59.80,13.32,3,-1,60.84,-29.28,-16.45,38.57,13.97,,61.69,16.21,2,-1,61.28,-7.46,9.57,43.12,15.42
692.07,0,,59.82,13.35,3,-1,61.32,-29.24,-16.42,38.64,13.98,,61.67,16.17,2,-1,61.40,-7.61,9.66,43.06,15.18
692.19,0,,59.87,13.40,3,-1,61.02,-29.08,-16.33,38.89,14.05,,61.66,16.13,2,-1,61.28,-7.68,9.64,42.97,15.13
692.31,0,,59.91,13.43,3,-1,60.23,-29.18,-16.27,38.85,13.89,,61.64,16.08,2,-1,61.25,-7.77,9.65,42.89,15.03
692.37,0,,59.91,13.43,3,-1,60.23,-29.18,-16.27,38.85,13.89,,61.62,16.04,2,-1,61.40,-7.73,9.64,42.92,15.08
692.49,0,,59.95,13.46,3,-1,59.74,-29.29,-16.30,38.71,13.81,,61.60,15.99,2,-1,60.96,-7.59,9.66,43.08,15.20
692.58,0,,60.01,13.52,3,-1,60.87,-29.35,-16.32,38.63,13.77,,61.58,15.95,2,-1,61.22,-7.53,9.74,43.22,15.18
692.67,0,,60.01,13.52,3,-1,60.87,-29.35,-16.32,38.63,13.77,,61.57,15.90,2,-1,61.08,-7.49,9.79,43.31,15.17
692.82,0,,60.08,13.57,3,-1,60.20,-29.25,-16.30,38.75,13.85,,61.55,15.86,2,-1,60.94,-7.52,9.81,43.30,15.12
692.88,0,,60.11,13.59,3,-1,60.80,-29.33,-16.25,38.72,13.72,,61.52,15.81,2,-1,61.37,-7.61,9.85,43.25,14.99
692.97,0,,60.11,13.59,3,-1,60.80,-29.33,-16.25,38.72,13.72,,61.50,15.77,2,-1,60.73,-7.69,9.89,43.21,14.87
693.09,0,,60.17,13.63,3,-1,60.68,-29.14,-16.28,38.88,13.94,,61.48,15.72,2,-1,60.98,-7.81,9.88,43.08,14.76
693.18,0,,60.20,13.65,3,-1,59.38,-29.40,-16.20,38.70,13.60,,61.46,15.68,2,-1,61.51,-7.82,9.88,43.07,14.75
693.30,0,,60.22,13.67,3,-1,60.78,-29.69,-16.02,38.59,13.13,,61.44,15.63,2,-1,61.15,-7.78,9.94,43.17,14.73
693.39,0,,60.24,13.68,3,-1,60.59,-29.15,-16.20,38.95,13.85,,61.42,15.58,2,-1,61.08,-7.74,9.98,43.25,14.73
693.48,0,,60.24,13.68,3,-1,60.59,-29.15,-16.20,38.95,13.85,,61.40,15.53,2,-1,61.02,-7.69,10.02,43.34,14.74
693.57,0,,60.26,13.69,3,-1,62.34,-28.79,-16.16,39.35,14.17,,61.38,15.49,2,-1,61.07,-7.73,10.03,43.31,14.69
693.69,0,,60.34,13.72,3,-1,62.84,-26.20,-15.18,42.92,15.78,,61.36,15.44,2,-1,61.06,-7.74,10.01,43.28,14.70
693.81,0,,60.40,13.75,3,-1,63.59,-26.08,-14.82,43.40,15.54,,61.34,15.39,2,-1,61.13,-7.76,10.06,43.31,14.63
693.87,0,,60.40,13.75,3,-1,63.59,-26.08,-14.82,43.40,15.54,,61.32,15.35,2,-1,60.57,-7.91,10.09,43.19,14.45
693.99,0,,60.46,13.78,3,-1,63.11,-26.46,-14.92,42.92,15.26,,61.30,15.30,2,-1,61.05,-8.03,10.07,43.05,14.35
694.08,0,,60.62,13.87,3,-1,62.79,-26.09,-15.02,43.19,15.73,,61.28,15.26,2,-1,61.23,-7.99,10.10,43.12,14.36
694.17,0,,60.62,13.87,3,-1,62.79,-26.09,-15.02,43.19,15.73,,61.26,15.21,2,-1,61.41,-7.82,10.07,43.26,14.56
694.32,0,,60.80,13.98,3,-1,62.27,-26.04,-15.17,43.09,15.93,,61.25,15.16,2,-1,60.78,-7.77,10.10,43.34,14.58
694.38,0,,60.89,14.04,3,-1,62.56,-25.86,-14.77,43.67,15.71,,61.23,15.12,2,-1,60.68,-7.80,10.18,43.39,14.47
694.47,0,,60.89,14.04,3,-1,62.56,-25.86,-14.77,43.67,15.71,,61.21,15.07,2,-1,60.51,-7.74,10.15,43.42,14.56
694.59,0,,61.06,14.17,3,-1,62.85,-26.08,-14.86,43.36,15.58,,61.19,15.03,2,-1,60.91,-7.77,10.16,43.40,14.52
694.68,0,,61.15,14.24,3,-1,64.52,-26.41,-14.89,43.00,15.28,,61.17,14.99,2,-1,61.56,-7.79,10.13,43.35,14.53
694.80,0,,61.24,14.30,3,-1,64.11,-26.64,-14.72,42.94,14.88,,61.16,14.95,2,-1,60.82,-7.77,10.05,43.29,14.63
694.89,0,,61.35,14.37,3,-1,63.66,-25.92,-14.68,43.70,15.56,,61.14,14.92,2,-1,60.66,-7.85,10.09,43.25,14.51
694.98,0,,61.35,14.37,3,-1,63.66,-25.92,-14.68,43.70,15.56,,61.12,14.88,2,-1,60.97,-7.79,10.10,43.32,14.56
695.07,0,,61.45,14.43,3,-1,63.58,-25.46,-14.63,44.21,15.97,,61.11,14.85,2,-1,60.89,-7.57,10.09,43.53,14.79
695.19,0,,61.68,14.56,3,-1,63.51,-25.61,-14.71,43.98,15.90,,61.09,14.82,2,-1,60.66,-7.48,10.10,43.63,14.87
695.31,0,,61.79,14.63,3,-1,63.69,-25.42,-14.69,44.19,16.07,,61.08,14.79,2,-1,61.42,-7.45,10.09,43.65,14.91
695.37,0,,61.79,14.63,3,-1,63.69,-25.42,-14.69,44.19,16.07,,61.06,14.77,2,-1,61.03,-7.41,10.09,43.69,14.95
695.49,0,,61.91,14.69,3,-1,63.39,-25.94,-14.97,43.39,15.83,,61.05,14.75,2,-1,61.33,-7.41,10.04,43.64,15.00
695.59,0,,62.13,14.83,3,0,64.10,-25.66,-14.78,43.86,15.92,,61.04,14.73,2,-1,61.39,-7.43,10.02,43.60,15.00
695.67,0,,62.13,14.83,3,0,64.10,-25.66,-14.78,43.86,15.92,,61.04,14.72,2,-1,60.80,-7.45,10.00,43.56,15.00
695.82,0,,62.35,14.96,3,-1,62.70,-26.02,-15.14,43.14,15.92,,61.03,14.71,2,-1,61.20,-7.50,10.01,43.52,14.94
695.88,0,,62.46,15.02,3,-1,63.14,-25.69,-14.67,43.94,15.78,,61.03,14.70,2,-1,61.22,-7.41,10.03,43.63,15.01
695.97,0,,62.46,15.02,3,-1,63.14,-25.69,-14.67,43.94,15.78,,61.02,14.69,2,-1,61.36,-7.16,9.96,43.81,15.33
696.09,0,,62.65,15.14,3,-1,62.74,-25.78,-15.06,43.46,16.08,,61.02,14.69,2,-1,60.99,-7.14,9.97,43.84,15.34
696.18,0,,62.73,15.19,3,-1,63.86,-25.88,-14.97,43.45,15.89,,61.02,14.70,2,-1,61.43,-7.16,9.98,43.83,15.31
696.30,0,,62.81,15.24,3,-1,62.80,-26.26,-14.94,43.10,15.48,,61.02,14.70,2,-1,60.52,-7.12,9.87,43.76,15.46
696.39,0,,62.89,15.30,3,-1,65.09,-25.91,-15.20,43.19,16.09,,61.02,14.71,2,-1,61.32,-7.19,9.85,43.67,15.41
696.48,0,,62.89,15.30,3,-1,65.09,-25.91,-15.20,43.19,16.09,,61.02,14.72,2,-1,61.40,-7.23,9.83,43.61,15.39
696.57,0,,62.97,15.34,3,-1,63.28,-25.89,-15.31,43.10,16.22,,61.02,14.74,2,-1,61.65,-7.26,9.77,43.52,15.42
696.69,0,,63.11,15.44,3,-1,63.73,-26.14,-15.46,42.70,16.12,,61.03,14.76,2,-1,61.28,-7.28,9.72,43.45,15.45
696.81,0,,63.17,15.49,3,-1,63.44,-26.50,-15.35,42.45,15.65,,61.04,14.78,2,-1,61.95,-7.08,9.71,43.64,15.66
696.87,0,,63.17,15.49,3,-1,63.44,-26.50,-15.35,42.45,15.65,,61.05,14.80,2,-1,61.55,-6.91,9.66,43.76,15.88
697.05,0,,63.28,15.57,3,-1,62.87,-26.23,-15.53,42.54,16.10,,61.06,14.83,2,-1,61.82,-6.97,9.64,43.68,15.84
697.09,0,,63.33,15.60,3,-1,64.12,-26.44,-15.41,42.45,15.77,,61.08,14.86,2,-1,61.59,-6.95,9.66,43.72,15.84
697.17,0,,63.33,15.60,3,-1,64.12,-26.44,-15.41,42.45,15.77,,61.09,14.89,2,-1,61.62,-6.88,9.60,43.73,15.97
697.32,0,,63.42,15.66,3,-1,61.84,-26.27,-15.43,42.60,15.96,,61.11,14.92,2,-1,61.84,-6.93,9.56,43.64,15.96
697.38,0,,63.45,15.69,3,1,62.57,-26.48,-15.40,42.42,15.72,,61.13,14.96,2,-1,61.81,-7.01,9.56,43.56,15.88
697.47,0,,63.45,15.69,3,1,62.57,-26.48,-15.40,42.42,15.72,,61.16,15.00,2,-1,61.83,-7.06,9.48,43.43,15.91
697.59,0,,63.48,15.73,3,1,61.69,-26.99,-15.88,41.43,15.69,,61.18,15.04,2,-1,61.13,-7.06,9.46,43.41,15.93
697.69,0,,63.49,15.75,3,1,61.58,-27.69,-15.97,40.64,15.08,,61.20,15.08,2,-1,62.01,-6.89,9.47,43.59,16.09
697.80,0,,63.48,15.76,3,1,63.15,-28.10,-15.93,40.27,14.63,,61.23,15.13,2,-1,61.38,-6.67,9.42,43.76,16.36
697.89,0,,63.47,15.76,3,1,62.49,-27.65,-16.14,40.51,15.29,,61.25,15.17,2,-1,61.38,-6.65,9.39,43.75,16.41
697.98,0,,63.47,15.76,3,1,62.49,-27.65,-16.14,40.51,15.29,,61.27,15.22,2,-1,62.83,-6.61,9.35,43.75,16.49
698.07,0,,63.46,15.76,3,1,62.60,-27.77,-16.15,40.38,15.18,,61.30,15.27,2,-1,61.83,-6.51,9.28,43.78,16.66
698.19,0,,63.43,15.75,3,1,64.10,-27.85,-16.26,40.19,15.21,,61.33,15.32,2,-1,62.13,-6.60,9.27,43.68,16.58
698.31,0,,63.41,15.74,0,2,61.94,-28.46,-16.22,39.62,14.56,,61.35,15.38,2,-1,61.54,-6.63,9.22,43.60,16.60
698.37,0,,63.41,15.74,0,2,61.94,-28.46,-16.22,39.62,14.56,,61.38,15.43,2,-1,62.50,-6.60,9.13,43.54,16.72
698.49,0,,63.39,15.73,0,2,59.75,-29.49,-16.61,38.20,13.92,,61.41,15.49,2,-1,61.84,-6.75,9.16,43.42,16.54
698.58,0,,63.30,15.67,0,2,61.39,-30.04,-17.10,37.16,13.86,,61.44,15.55,2,-1,61.91,-6.68,9.15,43.48,16.62
698.67,0,,63.30,15.67,0,2,61.39,-30.04,-17.10,37.16,13.86,,61.47,15.61,2,-1,61.96,-6.34,9.07,43.74,17.04
698.82,0,,63.17,15.59,0,2,61.65,-29.32,-16.84,38.14,14.32,,61.50,15.67,2,-1,62.19,-6.25,9.06,43.82,17.14
698.88,0,,63.10,15.54,0,2,61.86,-29.56,-16.89,37.85,14.13,,61.53,15.73,2,-1,62.29,-6.33,9.08,43.76,17.04
698.97,0,,63.10,15.54,0,2,61.86,-29.56,-16.89,37.85,14.13,,61.57,15.79,2,-1,62.19,-6.29,9.06,43.78,17.10
699.09,0,,62.94,15.42,0,2,59.09,-30.64,-17.39,36.27,13.55,,61.60,15.86,2,-1,62.80,-6.27,8.95,43.69,17.23
699.18,0,,62.85,15.36,0,2,59.33,-31.14,-17.17,35.99,12.83,,61.63,15.92,2,-1,62.20,-6.36,8.86,43.51,17.23
699.30,0,,62.74,15.29,0,2,57.84,-31.61,-16.99,35.70,12.18,,61.67,15.99,2,-1,62.27,-6.43,8.83,43.41,17.19
699.39,0,,62.61,15.21,0,2,58.36,-30.99,-17.22,36.09,13.03,,61.70,16.05,2,-1,62.61,-6.34,8.75,43.42,17.36
699.48,0,,62.61,15.21,0,2,58.36,-30.99,-17.22,36.09,13.03,,61.74,16.12,2,-1,62.73,-6.13,8.70,43.58,17.62
699.58,0,,62.48,15.12,0,2,60.18,-30.76,-17.33,36.21,13.37,,61.78,16.19,2,-1,62.02,-6.03,8.72,43.70,17.70
699.69,0,,62.21,14.95,0,2,60.69,-30.23,-17.40,36.67,13.97,,61.82,16.26,2,-1,62.96,-6.01,8.72,43.72,17.72
699.81,0,,62.08,14.86,0,2,59.26,-30.46,-17.27,36.57,13.61,,61.85,16.33,2,-1,62.23,-5.93,8.64,43.72,17.88
699.87,0,,62.08,14.86,0,2,59.26,-30.46,-17.27,36.57,13.61,,61.89,16.40,2,-1,62.79,-5.88,8.54,43.67,18.03
699.99,0,,61.95,14.78,0,2,59.71,-30.60,-17.16,36.54,13.36,,61.93,16.48,2,-1,62.86,-5.93,8.49,43.57,18.03
700.08,0,,61.70,14.62,0,2,60.18,-30.66,-17.25,36.39,13.39,,61.97,16.55,2,-1,62.93,-5.96,8.45,43.50,18.04
700.17,0,,61.70,14.62,0,2,60.18,-30.66,-17.25,36.39,13.39,,62.01,16.63,2,-1,63.14,-5.93,8.36,43.44,18.16
700.32,0,,61.45,14.46,0,2,59.39,-30.80,-17.35,36.15,13.35,,62.05,16.71,2,-1,63.00,-5.86,8.29,43.44,18.30
700.38,0,,61.33,14.38,0,2,58.78,-31.20,-17.22,35.88,12.82,,62.10,16.79,2,-1,62.87,-5.67,8.29,43.63,18.49
700.47,0,,61.33,14.38,0,2,58.78,-31.20,-17.22,35.88,12.82,,62.14,16.87,2,-1,63.14,-5.53,8.32,43.80,18.60
700.59,0,,61.08,14.23,0,2,59.01,-31.00,-17.30,36.00,13.10,,62.19,16.95,2,-1,63.10,-5.49,8.28,43.80,18.68
700.69,0,,60.95,14.15,3,1,59.38,-30.96,-17.28,36.06,13.12,,62.23,17.03,2,-1,62.51,-5.42,8.18,43.77,18.85
700.80,0,,60.83,14.07,3,1,60.51,-31.03,-17.23,36.04,13.00,,62.28,17.12,2,-1,62.97,-5.42,8.14,43.73,18.89
700.89,0,,60.71,14.00,3,1,59.95,-30.55,-17.34,36.41,13.59,,62.32,17.20,2,-1,63.09,-5.42,8.10,43.69,18.93
700.98,0,,60.71,14.00,3,1,59.95,-30.55,-17.34,36.41,13.59,,62.36,17.29,2,-1,63.21,-5.39,8.00,43.62,19.06
701.07,0,,60.61,13.92,3,1,58.64,-30.70,-17.23,36.37,13.33,,62.40,17.38,2,-1,62.77,-5.46,8.01,43.56,18.98
701.19,0,,60.38,13.79,3,1,59.33,-31.37,-17.06,35.87,12.49,,62.44,17.47,2,-1,63.10,-5.43,8.03,43.61,18.99
701.31,0,,60.27,13.73,3,1,59.24,-31.36,-17.01,35.93,12.45,,62.48,17.56,2,-1,62.86,-5.21,7.92,43.72,19.32
701.37,0,,60.27,13.73,3,1,59.24,-31.36,-17.01,35.93,12.45,,62.52,17.65,2,-1,63.21,-5.14,7.90,43.77,19.41
701.49,0,,60.17,13.66,3,1,59.94,-31.14,-17.02,36.14,12.68,,62.56,17.74,2,-1,63.78,-5.17,7.90,43.74,19.38
701.58,0,,59.98,13.53,3,1,60.92,-30.79,-17.09,36.42,13.10,,62.60,17.83,2,-1,63.09,-5.14,7.81,43.68,19.50
701.67,0,,59.98,13.53,3,1,60.92,-30.79,-17.09,36.42,13.10,,62.64,17.92,2,-1,63.21,-5.20,7.76,43.57,19.49
701.82,0,,59.83,13.42,3,1,57.94,-30.84,-17.02,36.44,12.98,,62.68,18.01,2,-1,63.51,-5.29,7.72,43.44,19.44
701.88,0,,59.75,13.37,3,1,59.81,-30.96,-17.00,36.34,12.84,,62.72,18.10,2,-1,62.97,-5.36,7.71,43.36,19.38
701.97,0,,59.75,13.37,3,1,59.81,-30.96,-17.00,36.34,12.84,,62.76,18.18,2,-1,63.35,-5.36,7.67,43.32,19.42
702.09,0,,59.62,13.27,3,0,58.64,-31.05,-16.96,36.29,12.71,,62.79,18.27,2,-1,63.07,-5.21,7.59,43.39,19.65
702.18,0,,59.56,13.22,3,0,58.38,-31.09,-16.94,36.27,12.65,,62.83,18.35,2,-1,63.23,-5.15,7.59,43.45,19.71
702.30,0,,59.49,13.18,3,0,57.65,-31.13,-16.88,36.29,12.55,,62.86,18.44,2,-1,63.55,-5.13,7.62,43.50,19.70
702.39,0,,59.43,13.13,3,0,57.52,-31.06,-16.86,36.38,12.60,,62.89,18.52,2,-1,63.20,-5.03,7.54,43.52,19.88
702.48,0,,59.43,13.13,3,0,57.52,-31.06,-16.86,36.38,12.60,,62.93,18.60,2,-1,63.21,-5.08,7.46,43.39,19.91
702.57,0,,59.36,13.09,3,0,59.22,-31.01,-16.87,36.42,12.66,,62.96,18.68,2,-1,63.41,-5.13,7.44,43.32,19.88
702.69,0,,59.23,13.01,3,0,59.71,-30.84,-16.87,36.59,12.83,,62.99,18.76,1,1,63.36,-5.16,7.40,43.25,19.89
702.81,0,,59.18,12.97,3,0,60.78,-30.86,-16.80,36.64,12.74,,63.02,18.84,1,1,63.07,-5.30,7.38,43.09,19.77
702.87,0,,59.18,12.97,3,0,60.78,-30.86,-16.80,36.64,12.74,,63.04,18.91,1,1,63.65,-5.26,7.36,43.11,19.83
702.99,0,,59.14,12.94,3,0,62.08,-30.63,-16.84,36.83,13.01,,63.07,18.98,1,1,63.47,-5.06,7.36,43.31,20.03
703.08,0,,59.11,12.89,3,-1,61.49,-29.70,-16.58,38.02,13.68,,63.09,19.05,1,1,63.40,-4.99,7.39,43.41,20.07
703.17,0,,59.11,12.89,3,-1,61.49,-29.70,-16.58,38.02,13.68,,63.12,19.12,1,1,63.33,-4.94,7.37,43.44,20.14
703.32,0,,59.14,12.87,3,-1,60.90,-29.76,-16.38,38.16,13.42,,63.14,19.19,1,1,63.31,-4.93,7.35,43.43,20.17
703.38,0,,59.16,12.86,3,-1,60.42,-30.08,-16.19,38.03,12.91,,63.17,19.26,1,1,63.65,-5.00,7.36,43.37,20.09
703.47,0,,59.16,12.86,3,-1,60.42,-30.08,-16.19,38.03,12.91,,63.19,19.32,1,1,63.56,-4.99,7.34,43.36,20.12
703.59,0,,59.22,12.84,3,-1,60.43,-30.07,-16.29,37.94,13.02,,63.21,19.38,1,1,63.59,-5.06,7.30,43.25,20.09
703.69,0,,59.25,12.84,3,-1,61.23,-29.90,-16.34,38.06,13.24,,63.23,19.44,1,1,63.52,-5.18,7.25,43.08,20.02
703.80,0,,59.29,12.83,3,-1,60.97,-29.78,-16.30,38.22,13.32,,63.26,19.50,1,1,63.28,-5.14,7.22,43.09,20.09
703.89,0,,59.33,12.84,3,-1,61.86,-28.95,-16.45,38.90,14.30,,63.27,19.55,1,1,63.15,-5.08,7.26,43.19,20.11
703.98,0,,59.33,12.84,3,-1,61.86,-28.95,-16.45,38.90,14.30,,63.29,19.60,1,1,63.42,-5.04,7.28,43.25,20.13
704.07,0,,59.39,12.84,3,-1,62.83,-28.73,-16.43,39.14,14.50,,63.31,19.65,1,1,63.15,-5.04,7.25,43.22,20.16
704.19,0,,59.54,12.88,3,-1,62.45,-28.70,-16.41,39.19,14.51,,63.32,19.70,1,1,63.45,-5.07,7.22,43.16,20.16
704.31,0,,59.64,12.91,3,-1,61.52,-29.38,-16.40,38.52,13.82,,63.33,19.74,0,1,63.11,-5.10,7.20,43.11,20.15
704.37,0,,59.64,12.91,3,-1,61.52,-29.38,-16.40,38.52,13.82,,63.34,19.79,0,1,63.73,-5.20,7.21,43.02,20.04
704.49,0,,59.73,12.94,3,-1,60.46,-30.09,-16.40,37.81,13.11,,63.35,19.83,0,1,63.20,-5.27,7.21,42.95,19.97
704.58,0,,59.91,13.00,3,-1,60.75,-30.08,-16.34,37.88,13.06,,63.36,19.86,0,1,63.50,-5.35,7.18,42.84,19.92
704.67,0,,59.91,13.00,3,-1,60.75,-30.08,-16.34,37.88,13.06,,63.37,19.89,0,1,63.86,-5.31,7.10,42.80,20.04
704.82,0,,60.07,13.05,3,-1,61.18,-29.64,-16.39,38.27,13.55,,63.38,19.93,0,1,62.54,-5.12,7.10,42.99,20.23
704.88,0,,60.15,13.08,4,-2,61.09,-29.75,-16.42,38.13,13.47,,63.39,19.95,0,1,63.46,-5.13,7.18,43.06,20.14
704.97,0,,60.15,13.08,4,-2,61.09,-29.75,-16.42,38.13,13.47,,63.39,19.98,0,1,63.26,-5.13,7.19,43.07,20.13
705.09,0,,60.31,13.12,4,-2,62.54,-29.56,-16.52,38.22,13.76,,63.40,20.01,0,1,63.35,-5.07,7.20,43.14,20.18
705.18,0,,60.39,13.14,4,-2,60.02,-29.83,-16.51,37.96,13.48,,63.40,20.03,0,1,63.41,-5.10,7.21,43.12,20.14
705.30,0,,60.46,13.16,4,-2,61.10,-30.20,-16.39,37.71,12.99,,63.40,20.05,0,1,62.98,-5.11,7.14,43.04,20.20
705.39,0,,60.53,13.18,4,-2,62.05,-29.76,-16.55,37.99,13.59,,63.40,20.07,0,1,63.53,-5.20,7.11,42.92,20.14
705.48,0,,60.53,13.18,4,-2,62.05,-29.76,-16.55,37.99,13.59,,63.40,20.09,0,1,63.27,-5.26,7.11,42.86,20.08
705.57,0,,60.60,13.20,4,-2,61.55,-29.79,-16.51,38.00,13.52,,63.40,20.10,0,1,63.37,-5.18,7.12,42.95,20.15
705.69,0,,60.74,13.23,4,-2,61.62,-29.83,-16.46,38.01,13.43,,63.40,20.12,0,1,63.47,-5.09,7.14,43.06,20.22
705.81,0,,60.80,13.25,4,-2,60.50,-30.08,-16.39,37.83,13.11,,63.40,20.13,0,1,63.12,-5.05,7.16,43.12,20.24
705.87,0,,60.80,13.25,4,-2,60.50,-30.08,-16.39,37.83,13.11,,63.40,20.15,0,1,63.63,-5.03,7.16,43.14,20.26
705.99,0,,60.85,13.26,4,-2,60.08,-30.18,-16.28,37.84,12.90,,63.40,20.16,0,1,63.02,-4.97,7.12,43.16,20.36
706.08,0,,60.94,13.28,4,-2,62.33,-29.89,-16.35,38.06,13.26,,63.40,20.17,0,1,63.28,-5.03,7.13,43.11,20.29
706.17,0,,60.94,13.28,4,-2,62.33,-29.89,-16.35,38.06,13.26,,63.39,20.18,0,1,63.64,-5.05,7.14,43.10,20.26
706.32,0,,61.02,13.30,4,-2,60.90,-29.73,-16.39,38.18,13.46,,63.39,20.19,0,1,63.52,-5.07,7.08,43.02,20.30
706.38,0,,61.06,13.30,4,-2,61.83,-30.01,-16.32,37.97,13.11,,63.39,20.20,0,1,63.27,-5.14,7.12,42.99,20.19
706.47,0,,61.06,13.30,4,-2,61.83,-30.01,-16.32,37.97,13.11,,63.39,20.21,0,1,63.10,-5.06,7.14,43.09,20.25
706.59,0,,61.13,13.31,4,-2,61.78,-29.70,-16.30,38.30,13.40,,63.39,20.22,0,1,63.71,-5.05,7.13,43.09,20.27
706.68,0,,61.15,13.31,4,-2,60.02,-29.87,-16.23,38.20,13.16,,63.39,20.23,0,1,63.20,-5.09,7.14,43.06,20.22
706.80,0,,61.15,13.31,4,-2,60.02,-29.87,-16.23,38.20,13.16,,63.39,20.23,0,1,62.98,-5.08,7.14,43.07,20.23
706.89,0,,61.19,13.30,4,-2,59.53,-29.64,-16.26,38.40,13.42,,63.38,20.24,0,1,63.44,-5.14,7.16,43.03,20.15
706.98,0,,61.19,13.30,4,-2,59.53,-29.64,-16.26,38.40,13.42,,63.38,20.24,0,1,63.01,-5.17,7.12,42.96,20.16
707.07,0,,61.19,13.30,4,-2,60.09,-30.04,-16.51,37.75,13.27,,63.38,20.25,0,1,63.35,-5.27,7.09,42.83,20.09
707.19,0,,61.19,13.29,3,-1,61.31,-30.20,-16.66,37.44,13.26,,63.37,20.25,0,1,63.15,-5.39,7.09,42.71,19.97
707.31,0,,61.19,13.29,3,-1,60.32,-30.59,-16.59,37.12,12.80,,63.37,20.25,0,1,63.33,-5.35,7.08,42.74,20.02
707.37,0,,61.19,13.29,3,-1,60.32,-30.59,-16.59,37.12,12.80,,63.36,20.25,0,1,63.43,-5.24,7.08,42.85,20.13
707.49,0,,61.18,13.28,3,-1,60.52,-30.47,-16.47,37.36,12.80,,63.36,20.25,0,1,63.14,-5.20,7.10,42.91,20.15
707.58,0,,61.17,13.28,3,-1,60.37,-29.79,-16.52,37.99,13.53,,63.35,20.25,0,1,62.73,-5.26,7.17,42.92,20.02
707.67,0,,61.16,13.27,3,-1,60.12,-29.98,-16.34,37.98,13.16,,63.35,20.24,0,1,63.45,-5.24,7.13,42.90,20.08
707.82,0,,61.12,13.25,3,-1,59.91,-30.42,-16.49,37.39,12.87,,63.34,20.24,0,1,63.25,-5.22,7.09,42.88,20.14
707.88,0,,61.09,13.24,3,-1,59.78,-30.84,-16.39,37.07,12.35,,63.33,20.24,0,1,63.12,-5.34,7.18,42.85,19.93
707.98,0,,61.09,13.24,3,-1,59.78,-30.84,-16.39,37.07,12.35,,63.33,20.23,0,1,62.99,-5.39,7.15,42.77,19.91
708.09,0,,61.03,13.21,3,-1,60.30,-30.65,-16.40,37.25,12.55,,63.32,20.22,0,1,62.80,-5.48,7.11,42.64,19.86
708.18,0,,60.99,13.18,3,-1,58.48,-30.57,-16.25,37.48,12.48,,63.31,20.21,0,1,63.18,-5.53,7.18,42.66,19.74
708.30,0,,60.96,13.16,3,-1,61.80,-30.48,-16.03,37.79,12.35,,63.30,20.21,0,1,63.16,-5.35,7.17,42.83,19.93
708.39,0,,60.92,13.13,3,-1,60.77,-29.76,-16.13,38.41,13.17,,63.29,20.19,1,0,63.05,-5.31,7.15,42.85,19.99
708.48,0,,60.92,13.13,3,-1,60.77,-29.76,-16.13,38.41,13.17,,63.28,20.18,1,0,62.95,-5.32,7.19,42.88,19.94
708.57,0,,60.89,13.11,3,-1,60.00,-29.85,-16.19,38.26,13.14,,63.27,20.17,1,0,62.96,-5.30,7.20,42.91,19.95
708.69,0,,60.82,13.07,3,-1,60.54,-29.98,-16.08,38.24,12.90,,63.26,20.16,1,0,63.45,-5.39,7.22,42.84,19.84
708.81,0,,60.79,13.05,3,-1,60.16,-30.35,-16.01,37.94,12.46,,63.25,20.15,1,0,63.01,-5.42,7.26,42.85,19.77
708.87,0,,60.79,13.05,3,-1,60.16,-30.35,-16.01,37.94,12.46,,63.24,20.14,1,0,63.18,-5.49,7.25,42.77,19.71
708.99,0,,60.75,13.02,3,-1,60.19,-30.68,-15.92,37.70,12.04,,63.23,20.12,1,0,62.68,-5.60,7.21,42.62,19.64
709.08,0,,60.67,12.97,3,-1,57.79,-30.61,-15.98,37.71,12.17,,63.22,20.11,1,0,63.30,-5.56,7.26,42.71,19.63
709.17,0,,60.67,12.97,3,-1,57.79,-30.61,-15.98,37.71,12.17,,63.21,20.09,1,0,62.83,-5.47,7.28,42.82,19.70
709.32,0,,60.55,12.91,3,-1,58.32,-30.55,-15.94,37.81,12.19,,63.19,20.07,1,0,62.33,-5.56,7.27,42.72,19.62
709.38,0,,60.48,12.88,3,0,58.40,-30.84,-15.96,37.50,11.92,,63.18,20.05,1,0,62.60,-5.65,7.31,42.67,19.49
709.47,0,,60.48,12.88,3,0,58.40,-30.84,-15.96,37.50,11.92,,63.16,20.04,1,0,62.77,-5.62,7.29,42.68,19.54
709.59,0,,60.33,12.81,3,0,57.65,-30.48,-16.05,37.77,12.37,,63.15,20.01,1,0,62.95,-5.74,7.25,42.52,19.46
709.68,0,,60.25,12.77,3,0,59.04,-30.64,-15.99,37.67,12.15,,63.13,19.99,1,0,62.51,-5.85,7.24,42.40,19.36
709.80,0,,60.17,12.74,3,0,58.49,-30.92,-15.90,37.48,11.78,,63.11,19.97,1,0,62.69,-5.92,7.25,42.34,19.28
709.89,0,,60.17,12.74,3,0,58.49,-30.92,-15.90,37.48,11.78,,63.09,19.95,1,0,62.88,-5.97,7.23,42.27,19.25
